:020000040800F2
:100000000060002001470008053E0008093E000886
:1000100000000000000000000000000000000000E0
:100020000000000000000000000000004D3E00083D
:1000300000000000000000004F3E0008513E000894
:100040005147000851470008514700085147000830
:1000500051470008B53E000851470008E53E00083A
:10006000F13E0008013F0008113F0008293F000849
:100070005147000851470008514700085147000800
:100080005147000800000000000000005147000830
:100090000000000051470008514700085147000880
:1000A0005147000851470008393F000851470008F0
:1000B00051470008000000000000000000000000A0
:1000C000EF0505546865726D616C204772697A7A34
:1000D0006C792057697265566965772050726F2078
:1000E00049490054472D57562D50524F322D4657EF
:1000F0005F32303236303930325F303734310000E1
:0401000000000020DB
:1001040010B5064C2378002B07D1054B002B02D0E9
:10011400044800E000BF0123237010BD74010020D7
:100124000000000020CE0108044B10B5002B03D0C2
:100134000349044800E000BF10BDC04600000000B1
:100144007801002020CE01080023C25C0133002A7C
:10015400FBD1581E7047000002B47146490849009B
:10016400095649008E4402BC7047C04602B4714629
:1001740049084900095C49008E4402BC7047C046E6
:1001840003B47146490840004900095E49008E44A1
:1001940003BC704703B47146490840004900095A3A
:1001A40049008E4403BC7047002243088B4274D339
:1001B40003098B425FD3030A8B4244D3030B8B4264
:1001C40028D3030C8B420DD3FF22090212BA030C6D
:1001D4008B4202D31212090265D0030B8B4219D34E
:1001E40000E0090AC30B8B4201D3CB03C01A52416E
:1001F400830B8B4201D38B03C01A5241430B8B42B6
:1002040001D34B03C01A5241030B8B4201D30B039E
:10021400C01A5241C30A8B4201D3CB02C01A5241C5
:10022400830A8B4201D38B02C01A5241430A8B4288
:1002340001D34B02C01A5241030A8B4201D30B0271
:10024400C01A5241CDD2C3098B4201D3CB01C01A8B
:10025400524183098B4201D38B01C01A5241430995
:100264008B4201D34B01C01A524103098B4201D383
:100274000B01C01A5241C3088B4201D3CB00C01AF0
:10028400524183088B4201D38B00C01A5241430868
:100294008B4201D34B00C01A5241411A00D201468D
:1002A400524110467047FFE701B5002000F0F0F816
:1002B40002BDC0460029F7D076E7704703460B43DA
:1002C4007FD4002243088B4274D303098B425FD34B
:1002D400030A8B4244D3030B8B4228D3030C8B4277
:1002E4000DD3FF22090212BA030C8B4202D312125D
:1002F400090265D0030B8B4219D300E0090AC30B32
:100304008B4201D3CB03C01A5241830B8B4201D3DE
:100314008B03C01A5241430B8B4201D34B03C01AC7
:100324005241030B8B4201D30B03C01A5241C30A3F
:100334008B4201D3CB02C01A5241830A8B4201D3B0
:100344008B02C01A5241430A8B4201D34B02C01A9A
:100354005241030A8B4201D30B02C01A5241CDD23F
:10036400C3098B4201D3CB01C01A524183098B428A
:1003740001D38B01C01A524143098B4201D34B0173
:10038400C01A524103098B4201D30B01C01A5241D6
:10039400C3088B4201D3CB00C01A524183088B425D
:1003A40001D38B00C01A524143088B4201D34B0046
:1003B400C01A5241411A00D20146524110467047B8
:1003C4005DE0CA0F00D04942031000D340425340BD
:1003D40000229C4603098B422DD3030A8B4212D37D
:1003E400FC22890112BA030A8B420CD389019211AF
:1003F4008B4208D3890192118B4204D389013AD0EC
:10040400921100E08909C3098B4201D3CB01C01AC0
:10041400524183098B4201D38B01C01A52414309D3
:100424008B4201D34B01C01A524103098B4201D3C1
:100434000B01C01A5241C3088B4201D3CB00C01A2E
:10044400524183088B4201D38B00C01A5241D9D246
:1004540043088B4201D34B00C01A5241411A00D2C7
:100464000146634652415B10104601D34042002BC3
:1004740000D54942704763465B1000D3404201B542
:10048400002000F005F802BD0029F8D016E77047F7
:100494007047C046844608006146FFE71FB500F078
:1004A40023FD002801D40021C8421FBD10B500F06F
:1004B400ABFC4042013010BD10B500F015FD002822
:1004C40001DB002010BD012010BDC04610B500F0B6
:1004D4000BFD002801DD002010BD012010BDC04629
:1004E40010B500F0B9FC002801DC002010BD01208B
:1004F40010BDC04610B500F0AFFC002801DA0020A2
:1005040010BD012010BDC046002B15D1002A13D107
:10051400002906DB01DC002806D00020C043410886
:1005240002E080210906002007B4024801A1401816
:10053400029003BD5DFFFFFF03B4684601B5029856
:1005440000F020F9019B9E4602B00CBC7047C046E7
:10055400002B11D1002A0FD1002900D1002802D08C
:100564000021C943080007B4024802A140180290C0
:1005740003BDC0461DFFFFFF03B4684601B50298E2
:1005840000F034F8019B9E4602B00CBC7047C04694
:10059400F0B5CE469946030C9C46130447461B0C03
:1005A4001D000E0061460404240C80B50700100CE5
:1005B4004B436543414360432C0CC01824188C46BC
:1005C400A34203D980235B029846C4444946794335
:1005D4005643230C2D042D0C8919634424046019FB
:1005E400C918C0BCB946B046F0BDC046F0B55746C0
:1005F4004E464546DE46E0B504000D009246994657
:1006040083B08B4230D82DD04946504601F0D6F8FD
:1006140029000600200001F0D1F8331A9846203B47
:1006240034D49B4653465A46934042461F00534691
:1006340093401E00AF423BD8AF4200D179E05B4605
:10064400A41BBD41002B00DA76E0002200230092B7
:10065400019301235A469340019301234246934058
:10066400009329E08242CFD9002200230092019313
:100674000C9B002B01D01C605D600098019903B0B5
:10068400F0BCBB46B246A946A046F0BD42469B46D6
:1006940020239B1A5246DA40414613004A468A40B8
:1006A400170042461F43534693401E00AF42C3D92E
:1006B40000220023009201934346002BD8D0FB076D
:1006C40072081A4346467B080EE0AB4201D1A242AF
:1006D4000CD8A41A9D41012024196D410021013E2A
:1006E40024184D41002E06D0AB42EED9013E241908
:1006F4006D41002EF8D1009801995B4600196941BB
:10070400002B24DB2B005A464646D3402A001C000B
:10071400F2405B461500002B2ADB26009E40330086
:1007240026004746BE403200801A9941009001914C
:100734009EE7A342BCD882E74246202300219B1AAD
:100744000022009101920122DA40019285E742469B
:1007540020239B1A2A0046469A402300F34046462B
:1007640013432A001C00F2405B461500002BD4DA28
:10077400202342462F009B1B97402600DE403B006F
:100784003343CDE7F8B5CE46474680B59146984603
:1007940004000D0001F01EF807000E0002000B001B
:1007A40048464146FFF7F4FE241A8D41089B380061
:1007B40031001C605D60C0BCB946B046F8BDC0469F
:1007C4004A02F8B5530ACE4699464B00C90F47462C
:1007D400884646004502360E1B0E80B5C40F6F0ACC
:1007E4009209AD09F11A44454BD0002938DD002B9C
:1007F40000D174E0FF2E00D1BEE08023DB041A4355
:100804001B2900DCFDE0013D6B0100D4AFE00125B4
:100814006D42AD01AF09380000F0B2FF3B0005386E
:100824008340864200DCD3E0B94D311A1D405A079B
:1008340000D19EE00F221340042B00D199E004352F
:100844006B0100D495E0481CFE2951D1FF20002300
:10085400C0051843E4072043C0BCB946B046F8BD00
:10086400002949D0991B002E72D1002D00D133E10B
:100874004C1E012900D159E1FF2900D14CE121008E
:100884006CE0002900DC81E0002B55D1002A70D0F7
:100894004B1E012900D12BE1FF296DD01B2B50DC0D
:1008A400190020235B1A10009A40C840531E9A4135
:1008B4000243AD188023DB041D4200D1ADE0711C5E
:1008C400FE2EC3D001206A082840924D15400543EE
:1008D4006A0700D08BE01D42B5D1EF0834E0002A4E
:1008E40047D04B1E012966D0FF2945D0190087E760
:1008F400C0B2AB015B0AABE7FE239C46701C03004D
:100904006046184200D092E0002E00D0E7E0002DAF
:1009140000D119E1002A17D08023AF1ADB041F424B
:1009240000D142E14446551B00D187E001201D421D
:10093400DFD10021EF0807E0FF2E1DD01B2900DCCA
:1009440094E031000535EF087B025B0AC8B27FE70B
:10095400FF2B00D1E0E08020C00405431B2900DC0C
:1009640088E0551E44461E00690100D54FE731005A
:100974000435EF08FF29E7D1002F00D166E7802373
:10098400DB033B435B02FF205B0A61E7002958D08D
:10099400991B002E00D089E0002D00D19DE04E1E51
:1009A400012900D1A4E0FF2900D1B6E01B2E00DD0F
:1009B400B8E0310081E0AA1A530100D4AFE09701F6
:1009C400BF09380000F0DCFE3B00053883400126F7
:1009D4001D00811B20200131CD40411A8B40591E3E
:1009E4008B411D432AD000216B0700D1F0E00F2377
:1009F4002B40042B00D022E76B0100D523E7EF083E
:100A0400A2E720235B1A10009A40C840531E9A4163
:100A14000243AD1A6B0100D5FBE66B0700D1D5E0AC
:100A24000F2331002B40042B00D008E7A1E7AF1AB5
:100A34007B014ED4002F00D0EDE6002400200023DB
:100A440006E7FE23711C0B4221D1002E00D081E069
:100A5400002D00D19FE0002A00D1B2E0AB185A016A
:100A640000D4B0E09B0101205B0AF1E68023DB04A3
:100A74001A4316E720242800C840611A8D40290033
:100A84004C1EA141014344461E00551AC2E7FF29EA
:100A940000D1DBE6AF187F087B0705D00F233D1D8F
:100AA4003B40042B00D064E7FF084DE7FF2B34D014
:100AB4001B2937DC8020C004054328002026C840B9
:100AC400711A8D4029004D1EA94101431E008D1845
:100AD400F0E64446571B9EE64446150049E7002DC0
:100AE40046D1002A66D180230024FF20DB03AFE631
:100AF400AA18530113D5074F52081740530744D07F
:100B04000F231340042B40D002213D1D31E7C04682
:100B1400FFFFFFFBFFFFFF7D44464F462CE701210B
:100B2400D70811E705321900D7080DE7571B7B01D9
:100B340037D5BF01BF09380000F022FE3B0005385D
:100B440083404446013643E7002A00D175E7444612
:100B54004F46F9E6002DE0D08023DB03002A17D0AE
:100B64009F4200D20BE7994500D308E74F4606E7BA
:100B74008023DB03002A0BD09F4200D2FFE6994575
:100B840000D3FCE644464F46F9E60221FF08DBE6C3
:100B9400FF203B435CE6002A00D14FE70021D70841
:100BA400D2E644460121FF08CEE6002F00D07BE7C1
:100BB400002443E780234A46DB034446FF201343D3
:100BC40046E60021C0E60021DF08BDE63100D0E69C
:100BD40001206A0100D58BE62A00DFE7F0B546461E
:100BE4004F46D6464502C0B5C30F470098460E1C73
:100BF4006D0A3F0E5BD0FF2F21D08023ED00DB0474
:100C04001D43002399469A467F3F74027300640A89
:100C14001B0EF60F002B20D0FF2B43D08022002088
:100C2400E400D20414437F3B4246FF1A4B46724011
:100C34000F2B00D99DE071499B00CB589F46002D96
:100C44005AD108239946063B74029A467300FF273B
:100C5400640A1B0EF60F002BDED1002C3BD10123BE
:100C640042464946724019430E2918D864488900FF
:100C740041588F465346022B00D1B8E0032B6ED067
:100C840042462C00012B40D100200024C005204303
:100C9400D2071043E0BCBA46B146A846F0BDFF20D7
:100CA4000024F3E7002C20D10223FF3FD8E7002DD6
:100CB40005D104239946033B00279A46A5E728005B
:100CC40000F05EFD7627431F9D4000237F42994636
:100CD4009A463F1A99E7200000F052FD431F9C40BA
:100CE40076235B421B1A00209EE703234A461A43DD
:100CF40091460320FC3397E70C239946093BFF27D1
:100D04009A4682E703282CD0320038007F3000282E
:100D140047DD630704D00F232340042B00D00434A1
:100D2400230103D53800374B80301C40FE28B6DC45
:100D3400A401640AC0B2A9E780240022FF20E403CE
:100D4400A4E78023DB031D4201D01C420BD0802486
:100D5400E4032C4364024246FF20640A96E74646B5
:100D64002C008023DB031C4364023200FF20640A4E
:100D74008CE76D01600185422DD21B230024013FC5
:100D84000126290064006D00002901DB854201D39E
:100D94002D1A3443013B002BF3D16B1E9D412C4390
:100DA400B3E701231B1A1B2B00DD6DE721009E37DF
:100DB400D940BC400B00611E8C412343590704D029
:100DC4000F211940042900D00433590113D49B0185
:100DD40000205C0A5AE71A2301242D1AD0E7981E32
:100DE40043425841404232000024C0B24EE74246DA
:100DF400FF2000244AE70120002447E778CE0108B9
:100E0400B8CE0108FFFFFFF770B542004E024C0058
:100E140045026D0A120EC30F760A240EC90FFF2A6B
:100E240010D0FF2C0CD00120A2420AD1B54208D127
:100E34008B420FD0002A04D12800431E984100E0C1
:100E4400012070BD0120FF2CFBD13543F9D14B406B
:100E54001800F6E70020F4E730B5420044024D02E2
:100E6400C30F4800640A120E6D0A000EC90FFF2A50
:100E740018D0FF280AD0002A1ED100280AD1002D3C
:100E840029D0002C2DD14800013830BD002D25D1AA
:100E9400002A01D1002CF6D08B4219D001205B42EC
:100EA4001843F2E7002C19D1FF28F7D1002D15D1F2
:100EB40000208B42F2D1E8E70028EFD08B42EDD13D
:100EC4008242EBDC04DBAC42E8D80020AC42DCD24A
:100ED40058000138D9E7002CD7D0DFE70220404280
:100EE400D3E78B42DAD1EEE730B5420044024D023B
:100EF400C30F4800640A120E6D0A000EC90FFF2AC0
:100F040017D0FF280AD0002A1BD100280AD1002DAF
:100F14001DD0002C2DD14800013811E0002D0ED138
:100F2400002A01D1002CF6D08B420CD15800013894
:100F340006E0002C03D1FF2805D1002D15D0022096
:100F440030BD002806D101205B421843F8E7002C8D
:100F5400F6D0F8E78B42F6D18242F4DCE6DBAC4211
:100F6400F1D80020AC42EBD2E0E700208B42EAD17A
:100F7400E6E78B42E7D1F2E7F0B54F464646D64660
:100F84004502C0B546000F1C6D0A360EC40F002E74
:100F940000D1CDE0FF2E72D08023ED00DB041D4391
:100FA400002399469A467F3E7B025B0A98467B0063
:100FB4001B0EFF0F002B72D0FF2B00D1A9E07F3B4B
:100FC400F6184B460A2B00DD85E043468022DB0001
:100FD400D2041A434B4690467C400022022B0FDD7C
:100FE400494601238B40A621C9000B4200D072E080
:100FF400902189000B4200D0DAE08821194267D1A0
:10100400280C42462D042D0C4346290012041B0CC7
:10101400120C51435D4342435843AD180B0C5B190A
:101024009A4203D9802252029446604409041A0465
:10103400090C52189501691E8D411B0C920E1B1848
:1010440015439B011D431B0100D5CFE030007F30C9
:10105400002800DCB1E06B070BD00F2332002B40DB
:10106400042B06D004352B0103D5803210006A4BC3
:101074001D40FE2864DCAB015B0AC0B21FE0002DFA
:1010840000D08FE008239946063B9A467B025B0A10
:1010940098467B00FF261B0EFF0F002B8CD1434686
:1010A400002B5CD14A4601331A43914613000A2AA5
:1010B40011DC01227C40022B92DC00200023C005BD
:1010C4001843E4072043E0BCBA46B146A846F0BD45
:1010D4003C00454692465346022B31D0032B11D097
:1010E400012BEAD030008030721C002866DD6B07CB
:1010F400B9D00F232B40042BB4D1B4E70F2A7AD0F4
:101104003C0045468023DB032B435B02FF205B0A44
:10111400D5E74346FF36002B34D14A460233134306
:101124000A2BD8DC7C40002A0AD09946022257E7D1
:10113400002D08D104239946033B00269A4633E741
:10114400FF200023BBE7280000F01AFB7626431F8C
:101154009D400023764299469A46361A24E7404633
:1011640000F00EFB4B46361A763E0A2BB3DC4346A0
:101174000538834098464B4600227C40022B00DD14
:101184002EE73DE703234A461A4313000A2AB5DC37
:1011940001229A40882113007C400322194200D185
:1011A4002EE795E70C239946093BFF269A46FBE672
:1011B40080230024FF20DB0381E7320001231B1A74
:1011C4001B2B00DD79E79E3229009540D9406A1E29
:1011D40095410D436B0704D00F232B40042B00D003
:1011E40004356B0113D50120002368E701236A0845
:1011F4001D40154376E78023DB031D4282D042461F
:101204001A4200D07EE73C00FF20134357E7AB01AE
:1012140000205B0A53E7C046FFFFFFF7F8B54746D7
:10122400CE464B02460080B5C40F4702580A844696
:1012340048007A0A360EBF09000ECD0F9B09FF281D
:101244006DD001214D40311AAC423AD0002900DC66
:101254009CE1002800D19EE0FF2E00D188E080228E
:10126400D20413431B2900DCF6E0013F7A0100D4C9
:1012740079E001277F42BF01BB099846404600F050
:101284007FFA434605388340864200DCCCE0B44F05
:10129400311A1F405A0768D00F221340042B64D020
:1012A40004377B0161D5481CFE2900D081E0FF2072
:1012B4000023C0051843E4072043C0BCB946B04628
:1012C400F8BD002900DC79E1002876D1002B4CD050
:1012D400481E012900D147E1FF2949D01B2871DCB0
:1012E40001001A002020CA40411A8B40591E8B412C
:1012F4001343FF188023DB041F4200D1B8E0711CA4
:10130400FE2ED4D0012297483A407F080740174365
:101314007A0700D096E01F42C5D1FA0855E03100A3
:10132400FF398946002B2CD101214D40AC4200D11C
:10133400B4E0494600294CD0002E00D0F9E0FF214A
:10134400002F00D108E14A1E012900D156E1FF29EE
:1013540000D142E11B2A00DC24E15F1E2C000600C0
:101364007A0100D585E731000437FA08FF292CD12A
:10137400002A9CD08023DB0313435B02FF205B0A1B
:1013840097E7AC4200D1A7E0002922D0002ED6D0A6
:1013940062462C00EEE7002BE7D0481E012936D028
:1013A400FF29E5D001005DE701203B007A0100D46C
:1013B40057E1C0B2BB015B0A7BE7FF2ED8D01B29E3
:1013C40000DC9FE031000537FA0853025B0AC8B21B
:1013D4006FE7FE20711C084254D1002E00D0B1E00A
:1013E400002F00D102E1002B00D1F9E08021FA1A8C
:1013F400C9040A4200D13BE10124DF1B2C40002F29
:1014040049D001200F42D5D10021FA08DDE7FF1AA7
:101414007B0100D4DEE0BD01AD09280000F0B0F985
:101424002B000538834001262022811B0131521AEA
:101434001F009340CF405A1E93411F432BD00021DD
:101444007B07B1D00F233B40042B00D028E77B015E
:1014540000D528E7FA08B8E71A002020CA40411A44
:101464008B40591E8B411343FF1A7B0100D502E7C1
:101474007B0700D10DE10F2331003B40042B00D04A
:101484000EE772E7FA1A9046520156D44346002BEF
:1014940000D0F3E60024002000230AE7494600298F
:1014A4001CD0002E00D002E7FF21002F55D04A1E89
:1014B400012959D0FF2900D190E01B2A00DD91E0D9
:1014C40011003A002025CA40691A8F40791E8F41C5
:1014D40017430600FF180DE7002926D1FE20711CD2
:1014E400084213D1002E00D096E0002F00D1B4E0C2
:1014F400002B75D0FB185A0100D4B2E09B015B0AA3
:10150400FD38D6E68022D2041343EAE6FF2900D14F
:10151400CDE6FA185208530705D00F23171D1340C0
:10152400042B00D021E7D2084FE7002EBCD062463E
:1015340020E72C00FF200023BBE60124DB1B984698
:101544002C409BE6002F75D1002B00D096E0802321
:101554000024FF20DB03ACE62C001F0005E7C04697
:10156400FFFFFFFBFFFFFF7DFB185A0100D48DE056
:101574004A4A5B081A40590700D18CE00F210B40FE
:101584000D39042BCFD00221171DEEE6002900D11E
:101594001FE7821B1100002E00D1D1E68021C9046F
:1015A4000F43D7E639002024D140A21A97407A1E6F
:1015B40097410F432C000600DF1B56E700298DD00E
:1015C400811B002E00D170E71B290BDC8022D20482
:1015D400174376E70121FA08F7E62C006246C7E6CE
:1015E4000021F2E605330100DA08EEE6002B00D113
:1015F40050E70124002162462C40E6E6DA1B530141
:1016040032D592019409200000F0BAF8230005387D
:1016140083402C00012607E7002FDFD0002B17D0D2
:101624008023DB039A4200D2A4E69C4500D3A1E6C2
:1016340062469FE6002B0BD08023DB039A4200D244
:1016440098E69C4500D395E6012462462C4091E639
:101654008023DB03FF2013432BE60020002B00D163
:1016640027E60021DA08B0E62C000121D208ACE616
:10167400002A00D10EE70021D208A6E680236246A4
:101684000124DB03FF2013432C4012E60121DA0876
:101694009BE6310069E60221D20896E6FFFFFF7D52
:1016A40041024200C30F490A0020120E7E2A03DDC4
:1016B4009D2A02DD094A98187047802000040143DE
:1016C400952A07DC9620821AD1404842002BF3D198
:1016D4000800F1E7963A9140F7E7C046FFFFFF7F25
:1016E40070B5002812D0C317C5185D40C40F280078
:1016F40000F046F89E231B1A962B0FDC082838D0DE
:10170400083885406D026D0AD8B202E0002400203A
:101714000025C0052843E407204370BD992B14DC41
:10172400421F95402A001549114055071CD00F252A
:101734002A40042A18D00431CA08490115D59F2328
:101744005202181A550AC0B2E3E7020029001B32FC
:1017540091404A1E91410522121AD5402A000A439B
:10176400064911405507E2D1CA085202550AD8B2B7
:10177400CFE76D026D0A8E30CBE7C046FFFFFFFB5B
:101784001C2101231B04984201D3000C10391B0AAD
:10179400984201D3000A08391B09984201D3000971
:1017A400043902A2105C40187047C04604030202C8
:1017B40001010101000000000000000010B5002933
:1017C40003D1FFF7DDFF203002E00800FFF7D8FF68
:1017D40010BDC046F0B54546DE4657464E46E0B518
:1017E40083B0009201930D000099019A0400002D2A
:1017F40061DB06002F00002A0CDB009C019DBD422A
:101804001AD90020002103B0F0BCBB46B246A94659
:10181400A046F0BD00254C429541BD42F1D800D10F
:10182400AEE001235B4299460BE0009A019B002540
:1018340054429D41BD42E4D8BD4200D19CE0002306
:10184400994629002000FFF7B9FF8046390030008F
:10185400FFF7B4FF43461B1A9846203B00D580E0AF
:10186400210099409A460B002100404681400A001D
:10187400BB422DD82AD05146B61A9F41002900DA1E
:101884009BE00021002001240090019151468C40EE
:10189400019401244546AC4000944446002C1ED1DA
:1018A400009801994B46002BADD003000C00002199
:1018B4005842A141A7E700276642AF41002AB4DBA2
:1018C400009C019DBD429CD8ABD159E0B142D2D914
:1018D40000200021444600900191002CE0D0DC0758
:1018E400A44661465408C4460C435D0814E0BD4256
:1018F40001D1B44212D832003B00121BAB41012685
:1019040092185B410027B6185F4101235B429B4656
:10191400DC446346002B0AD0BD42E8D901235B4274
:101924009B46DC446346B6197F41002BF4D1009AF0
:10193400019B514692197B41002925DB3C003D0067
:10194400CC404146CD40514600292DDB25008D4039
:1019540029004546AC402000121A8B4100920193A5
:101964009EE7424628009A462023210090409B1A75
:10197400D94003000B4377E7B44200D941E75EE75F
:10198400B44200D84DE73CE740462021091A38000C
:101994008840340001004046C4403D000C434146A9
:1019A400CD4051460029D1DA404620212600854009
:1019B400091ACE4029003143CBE7414620240125B2
:1019C400641A00200021E54000900191019560E730
:1019D40010B55E21023000F007F910BD10B54221A8
:1019E400023000F001F910BD10B52A4C602200212C
:1019F40020001AF099FB0421A21DD1772100642252
:101A04000831CA7724490223A16221002C310A70CB
:101A1400463A22862032E285204A06216263204A21
:101A2400A370A2631F4AE2632200403211702200B5
:101A340005394532117022004632137023000D22FD
:101A440049331A702300184A4A331A80174BFF226D
:101A54001978230012065C33012910D1A265144AB7
:101A640014491A801422E1641349E31D21651349C2
:101A7400DA7761652000FFF7ABFF208010BD0121FC
:101A84004942E1640E49A26521650E4A0E491A8055
:101A94006165EFE7800E0020F40120031E0020039F
:101AA4003769940228060A3C0A1E0000D10C002063
:101AB40002750000D5D3D1FFB4CEE7FF253065FF12
:101AC400646464FF016400002141E6FF10B50A4B21
:101AD4000A4C187801F030F923004733187801F0E4
:101AE4001DF923002C331878403402F089FA207849
:101AF40001F054FC10BDC046DE0E0020800E002014
:101B0400010010B560220400002001F0FFFC012355
:101B1400002807D12000FFF75BFF23881B1A5A1EF9
:101B24009341DBB2180010BD10B50400FFF750FF5D
:101B34000123208060222100002001F0FFFC431ECD
:101B44009841C0B210BD70B50C0001280FD8431ED7
:101B54009841802300035B014422C01801F0D6FCA5
:101B6400051E07D04422002120001AF0DDFA0125C9
:101B7400280070BD2000FFF731FF23888342F1D194
:101B8400F6E7000010B50948FFF7BAFF002801D0B6
:101B9400FFF72AFF064C00202100FFF7D4FF00289E
:101BA40003D021000120FFF7CEFF10BD800E0020DE
:101BB4003C0E002070B501250E00A84212D8431E29
:101BC4009841802304035B010800E418FFF706FF33
:101BD4002B00308044223100200001F0AFFC431E72
:101BE4009841C5B2280070BD02000B4830B504000E
:101BF400013989B2A14200D130BD1378050A5D4094
:101C04002B096B40000258401D0368405B0158409B
:101C140080B20132ECE7C046FFFF000070B5244CEF
:101C24000500E378A2781B02134315D1607823786A
:101C34000002184380231B01C018000301F054FE66
:101C44006078237800021843802301304005400A5D
:101C54001B04C01801F048FE617823780902194377
:101C640080231B01C918E378A2781B0213431522B1
:101C740053430903C918280001F0E2FDE378A27870
:101C84001B02134301339BB2C22B03D8A3701B0A5C
:101C9400E37070BD0023A370E370637822781B02A5
:101CA400134301335B055B0D23701B0A6370F0E77C
:101CB40090010020F0B500218025304C89B02D0121
:101CC40021716171A171E1710B0A21706370A942E4
:101CD40003D300232370637032E080231B01C918EF
:101CE4000422090301A801F011FD01283ED1019B42
:101CF40001333BD1657823782D021D432ED0013D5D
:101D0400ADB2802300261B01EF183F03A670E670D6
:101D14000422390001A801F0F9FC012820D1019B1B
:101D240001331DD1A6702570360A2D0AE670657040
:101D34008022637821781B0212010B439342C8D29C
:101D44000021152202A81AF0EFF902236A4602A81C
:101D54001372FFF763FF002009B0F0BD084DD0E710
:101D64000136B6B21537C32ED2D1E1E761782378B4
:101D740009021943013189B2A6E7C0469001002047
:101D8400FF070000F0B589B002F022FD274B5A7915
:101D9400197912020A43997909041143DA7912066E
:101DA4000A432349821A0C78FA21890061438A4242
:101DB40035D3020A5A71020C9A71020E1871DA7143
:101DC400FC2302AF3D0000241A4E029018403870E4
:101DD4000196032C06D8019B0020185E002820DA07
:101DE40000232B710C23F05E00F02BF800F029F88F
:101DF4002872306900F025F800F023F8019B0134C3
:101E04000233E4B2A8730C3601350193062CE0D1F9
:101E1400084B38005E331B783B75FFF7FFFE09B0B3
:101E2400F0BD00F00EF82871DCE7C04690010020F8
:101E3400BF0E0020D80D002010B50A21FEF73EFA8F
:101E440010BD10B50A210530FEF738FA10BD0000A8
:101E5400F8B502F0BDFCFA21414A89001368C31A9F
:101E64008B4249D33F4B404E1060DA7F731DDB7FBA
:101E740015003E4C002B32D10021635EB11DC87F9A
:101E84000138032805D8FEF771F902383B3E0221D8
:101E9400635E2821775E2A20315E8F420BD09F42F9
:101EA40048DA0736F57FD81B521B5043C91BFEF78F
:101EB40005FA4219D2B22E492E480D786B1CDBB2BA
:101EC4000B7042550F2B01D900230B7000231D000A
:101ED400C25C0133AD18ADB2102BF9D12D09280025
:101EE400093080B2FFF7A8FF234B1A68234B1B78F5
:101EF400012B21D15563A572F8BD0421635EC8E7A7
:101F04000621635EC5E76088011C00B2984200DACE
:101F1400191C0B1C0DB20427E15FA0888D4200DA66
:101F2400031C0627E05F1DB2E188854200DA0B1C22
:101F34001BB2AEE70022BEE7C0B2031C0A2800D9D8
:101F44000A230F49DBB2C95C5163A17A002903D18A
:101F5400002801D0323151630A225343A372CBE7E4
:101F6400AC010020880E0020800E0020D80D002037
:101F7400980100209901002014080020D10C0020B1
:101F840000000020012210B51100024803F082FB7A
:101F940010BDC0460004005010B5002201210248C3
:101FA40003F078FB10BDC046000400508023DB051D
:101FB4005A6B002A02D132325A6370470022FBE77F
:101FC4000022024B1A70024B1A807047B2010020A3
:101FD400380E0020F7B502F0FBFBFA21704A00909E
:101FE40013688900C31A8B4200D2B2E06D4B1060B3
:101FF4003622985E6C4A0425002411000027D65F1F
:10200400864200DB0224013DEDB20232002DF5D1FF
:102014001A0038321078FA2292004243886D9042B6
:1020240001D9042214431A006420393212785F4F14
:1020340050430022BE58864201DD082634430C3248
:10204400482AF7D1FA22588F92004243486D9042B1
:1020540001D910221443086900220100544FBE58CC
:10206400B04200D23000B14200D931000C323C2AD7
:10207400F5D11A00FA273D321278BF007A434D4E4B
:10208400824212D8B94208D33C331F78431A6420E1
:102094005843FEF789F8874207D820231C43337836
:1020A400092B1ED80133337006E0002CF7D1424BC4
:1020B40034701C60414B1C70002631003F4C237867
:1020C400FF2B35D1FA223E4B92001B88934231D22A
:1020D4000023237000293DD001223A4B22701A704C
:1020E40028E00026384AA3B21380384A11880B43EB
:1020F40013802C4B31009A8E01925A8E1F8E944677
:10210400330001221000984004420BD0019818417A
:1021140010420BD160461841104005433800184165
:10212400104006430133062BECD1C7E71100F5E755
:10213400002BCFD02278531EDBB2FD2B05D81E49CD
:102144000B68002B0DD1009B0B60002E24D0FFF7F1
:102154002DFFF7BD002DEDD01A4B1970012323700C
:10216400E8E70099CB1A1A490878FA218900414313
:102174008B42EAD3134B19780323012900D1083386
:10218400511C21709A4202D2FFF7FCFEDDE7FFF7F3
:1021940003FFFF232370D8E78023DB055E63D8E7C2
:1021A400B8010020800E0020D80D0020E80D00208A
:1021B400F40D0020B2010020B4010020B001002081
:1021C400340E0020B1010020380E00203A0E002009
:1021D400BE0E002070B5022688B01422002103A888
:1021E40019F0A2FF042101242E4B2F485A6B00251D
:1021F40032435A635A6B32400092009A5A6B0A4334
:102204005A635A6B0A400192019A5A6B7C312243F9
:102214005A635B6B22002340B1400293029B03F09C
:1022240039FAA02000220821C00503F033FAA020C7
:1022340022004021C00503F02DFA002239211A485A
:1022440003F028FA194B03A917480393049405953E
:10225400069503F05FF9C02303A91B0214480393F6
:102264000495059403F056F9A020124B03A9C00568
:1022740004930396059403F04DF9A020482303A981
:10228400C005039304940595069503F043F92A00C9
:102294000321052002F0DCFE052002F003FF08B054
:1022A40070BDC04600100240000400503902000016
:1022B400000800500000211007B50121104B09202F
:1022C4009A6B0A439A6300229B6B0B4001931100A3
:1022D400019B02F0BDFE092002F0E4FE00220A2068
:1022E400110002F0B5FE0A2002F0DCFE00220B20F1
:1022F400110002F0ADFE0B2002F0D4FE07BDC04673
:10230400001002400848094B10B503600023838085
:10231400436183610133036202F0EAFE002801D0C5
:1023240072B6FEE710BDC0463C0A002000300240F1
:10233400B72310B51A481B4C9B00C4501A4B0360BA
:1023440008230371063BC371437200234381C360B6
:10235400037403F0E3F9021E01D072B6FEE7200015
:1023640012490DF0BBFB002801D072B6FEE7200035
:102374000F490DF0DBFB002801D072B6FEE7200008
:102384000C490DF0E4F9002801D072B6FEE72000F4
:102394000DF0F4FB002801D072B6FEE710BDC04674
:1023A4009C040020C0010020005C0040F4000020D8
:1023B40060000020AC00002037B5204B204CE02208
:1023C40023608223D200E26080225B0063600023EA
:1023D4009200A261FA3AA36023616361E36123621C
:1023E4006362A362FF3A236320000833E2626363FB
:1023F40004F036FC051E01D072B6FEE7200001F0A1
:1024040037F901A8019501F055F9019B0D4A934252
:1024140005D00D4A934202D00C4A934203D1FFF7F0
:10242400B1FBFFF747FC0A4B0A4C18785E3400F006
:1024340075FC207800F080FC37BDC04600380040B1
:1024440074090020EF401800BA40180068401800D2
:10245400C70E0020800E0020044B10B51B6883F3C8
:102464000888034B1B68984710BDC0460000FF1F37
:102474000400FF1F70B5072601258EB01822002125
:1024840007A801AC19F050FE14220021200019F015
:102494004BFE134A06A81368B3432B43136012235D
:1024A4000693EE33099300230A9340330B9380235E
:1024B400DB030D9303F010FF002801D072B6FEE792
:1024C4006060A060E060206129002000019604F0B3
:1024D400A5F8002801D072B6FEE70EB070BDC04664
:1024E400002002408021F0B5CF4B4905DA6BA1B042
:1024F4000A43DA63DA6BA0240A4001210392039AA7
:102504005A6BE4050A435A635B6BC84A0B40049355
:10251400049BE368C64D1340E360E168C54B0B437D
:10252400E3602368134023602A6FC34B9A4202D0AE
:1025340023699B0703D400232B67FFF78DFF2369CF
:102544005B0502D40122BD4B1A70BD4B8022196A6F
:1025540052040C001440114228D0BA4A9A60BA4A74
:102564009A60BA4ADA60BA4ADA6080225202196979
:102574001142FCD11A6AB7490A401A628022596989
:1025840092020A435A618022520219691142FCD113
:102594008022596912050A435A61BFF34F8FAE4B2B
:1025A400AE4ADA60BFF34F8FC046FDE702F0F8F899
:1025B400FFF760FF6A6FAA4B9A4227D16C67FFF757
:1025C40009FEA725FFF778FEFFF79CFEFFF7B0FE94
:1025D400FFF7F2FEA34801F04BF8A34CAD0001F065
:1025E400D1FF012002F0FAF8A04B5B5D032B0BD066
:1025F400013C002CF3D1BFF34F8F974B974ADA601D
:10260400BFF34F8FC046FDE7974CE8E7FFF7E2FDC5
:10261400FFF752FEFFF776FE9548964B08270360B6
:1026240082235B00436080231B028360E023DB0082
:10263400C3608023DB028361072304614461C461B6
:10264400046244628462C3620463476304F008FB67
:10265400061E01D072B6FEE713AC00F0A5FBFFF72F
:1026640067FE0C223100200019F05EFD824D834B81
:102674006F612B6080231B062B612B002C331E7093
:1026840080235B012B6307236B632B0001273C33FF
:102694001F70102328002B6490336E60AE60EE60D0
:1026A4002E83AF76EF616E62AE626B64AE64EE64ED
:1026B40002F0AAF8002801D072B6FEE7704B2100A0
:1026C40013932800676002F005FA002801D072B65F
:1026D400FEE76C4B21002800139302F0FBF900285D
:1026E40001D072B6FEE7684B21002800139302F074
:1026F400F1F9071E01D072B6FEE70100102208A806
:1027040019F012FD0CAD0C22390005A819F00CFDCE
:102714001C223900280019F007FD3422390020005A
:1027240019F002FD594E5A4B300033601123736087
:102734005233B760F36037617761B76105F06AFBC4
:10274400002801D072B6FEE7802330005B0108A99F
:10275400089305F081FC002801D072B6FEE7300032
:1027640005F082FB002801D072B6FEE7002330009A
:1027740005A905930693079305F094FD021E01D065
:1027840072B6FEE7602329000C936860A860E860D5
:1027940028616861A861300005F0CCFB002801D0F5
:1027A40072B6FEE780239B011390636180239B0430
:1027B4006060A060E0602061A061E0612062A062CE
:1027C400E062206321003000636205F09FFD071E74
:1027D40001D072B6FEE7300001F098FA1C223900ED
:1027E400280019F0A1FC34223900200019F09CFCC7
:1027F400284E294B30003360E023FF3373607D3B68
:10280400FF3BB760F36037617761B76105F002FBA6
:10281400002801D072B6FEE7300005F025FB021E49
:102824003CD072B6FEE7C04600100240F3FFCFFF73
:102834000070004004001000FEC00000D10C002015
:102844000020024023016745AB89EFCD3B2A1908DC
:102854007F6E5D4CFFFFFFFE00ED00E00400FA0513
:10286400ADDE0000740900200F270000C001002025
:10287400D809002000300140BC0A00200024014097
:10288400000400A8000004480000084C14080020BC
:10289400002C01407C0700200048014060232900EF
:1028A4000C936860A860E86028616861A8613000E2
:1028B40005F040FB002801D072B6FEE780239B019F
:1028C400139021006060A060E0602061A06120633B
:1028D4006361300005F01AFD0190002801D072B642
:1028E400FEE7300001F012FA10220199280019F0D5
:1028F4001BFC0C22019908A819F016FC1C222000CC
:10290400019919F011FC8023604FDB053B607723AC
:102914007B60019B3800BB606323FB60019B3B61D0
:10292400BB6105F077FA002801D072B6FEE7802378
:1029340029005B0138000C9305F08EFB002801D0C0
:1029440072B6FEE7380005F08FFA002801D072B69F
:10295400FEE70023380008A908930A9305F0A2FCB7
:10296400021E01D072B6FEE760232100139360605B
:10297400A0602061380005F0DDFA041E01D072B6B3
:10298400FEE7380001F0C2F9FFF716FD06F02EF954
:1029940021003F4805F082FC2100380005F07EFC50
:1029A4002100300005F07AFC3A4B3B4C187800F0DB
:1029B40061FD01F00DFF394D2C342860962001F0A3
:1029C4000DFF00F037FD06F017F9212001F006FF96
:1029D40006F012F9207801F013FB01F0F9FE8027CC
:1029E4000400FF0501F0F4FE0190031B0F2B31D905
:1029F4002B4E2C4C3078A0283BD003001033DBB294
:102A0400042B08D8F138032803D8FDF7AFFB262898
:102A14002D30012323702378002B03D106F0ECF82A
:102A2400FFF7B0F900F006FDFFF712FAFFF7D2FA4C
:102A34001D4C2378002B0CD01C4B1B78002B21D071
:102A440001F0FEFA01F0C4FE2860FFF7B9FA002392
:102A54002370019C01F096FDC4E70023DAE7F82017
:102A6400000200F089F9D6E7FC20C000F9E71F2036
:102A7400F7E73223FA207B63800001F0AFFEFF23E7
:102A84003370C8E722780A4B1A70DBE7C8070020C6
:102A940014080020C00E0020800E0020CC0C002062
:102AA40010000020BC010020BE010020C80C002042
:102AB400BD01002072B6FEE7034B026810B59A42CE
:102AC40001D100F053FF10BD0038004010B5FFF7EE
:102AD400F3FF10BD034B026810B59A4201D100F018
:102AE4007BFF10BD00380040034B026810B59A42CA
:102AF40001D00BF0BDFF10BD0038004007B56B4698
:102B0400D91D08700A230122014804F021F907BDE8
:102B1400D809002070B50400490045182278022A1B
:102B240006D1607801F05AFE0234AC42F6D170BD91
:102B3400A0200821C00502F0ADFD6078FFF7DEFF9C
:102B4400F2E710B50400A02000220821C00502F01D
:102B5400A1FD2000FFF7D2FF10BD10B50400A02096
:102B640001220821C00502F095FD2000FFF7C6FFF1
:102B740010BD0000F0B587B01422002101A819F09F
:102B8400D3FAA02001221021C00502F083FDA02069
:102B940000261023012701A9C0050193029703967B
:102BA400049602F0B7FC0A2001F018FEA0200423CA
:102BB40032000821C005009302F06CFD8023A0229E
:102BC40040241E4D5B03D2056946936128003A00F8
:102BD4000A2304F0BDF8A0202B6819491A68C0051F
:102BE400A2431A601A680A401A601A68082122432C
:102BF4001A603A0002F04EFD69460A2303222800B7
:102C040004F0BEFAA0221023D20593612B68A02001
:102C14001A68C005A2431A6080221968D2010A43C7
:102C24001A601A6801A914431C60022305960293D2
:102C340002F070FC009807B0F0BDC046D80900202F
:102C4400FFBFFFFF70B50D00884213D8AA2911D821
:102C5400233084B22A20FFF774FF200AFFF77DFF98
:102C6400E0B2FFF77AFF23350020FFF776FFE8B2E2
:102C7400FFF773FF70BD70B505000C00884212D8D1
:102C8400A0235B0099420ED82B20FFF75AFF280A95
:102C9400FFF763FFE8B2FFF760FF200AFFF75DFF6D
:102CA400E0B2FFF75AFF70BD70B50C001D00A928F3
:102CB40019D8A0235B00994215D28118AA2902DDF4
:102CC400AA22121A92B26119994201DD1B1B9DB20C
:102CD400411E511889B2FFF7B5FF631EEB1820009F
:102CE40099B2FFF7C8FF70BD10B5FFF7DDFF2C20C8
:102CF400FFF727FF10BD000070B50500A0200C00F1
:102D040001220821C00502F0C5FC2900A2B2024834
:102D140004F0F8FA70BDC046D809002010B50400CC
:102D2400362063425C41FFF70CFFC0206442204020
:102D3400FFF713FF10BD000010B5064B1B78002BE6
:102D440005D1434258412030FFF7FBFE10BD431E1E
:102D54009841F8E7200B002010B5002806D0102079
:102D6400FFF7EFFE052001F039FD10BD1120FFF73C
:102D7400E8FE7820F7E700000021A02370B5AA221E
:102D840004005B000800FFF7AFFF064D260A300081
:102D9400FFF7E3FE013DE0B2FFF7DFFE002DF6D1C1
:102DA40070BDC04680D40000A02010B5012240218F
:102DB400C00502F06FFC0A2001F010FDA0200022E3
:102DC4004021C00502F066FC642001F007FDA0204C
:102DD40001224021C00502F05DFC782001F0FEFCD8
:102DE400FFF7C8FE084B984207D19A210748FFF71E
:102DF40091FE0123064A137010BD7E210548FFF79A
:102E040089FE0023F6E7C0464C298000F4CE010871
:102E1400200B002028D0010830B50F4B1D7800236B
:102E24009D4202D06A1E0133934000220B480C4994
:102E3400046801321C192C410C804468D2B21C195C
:102E44002C414C8084680C301C192C418C80063138
:102E5400082AEDD130BDC046210B0020380C0020DB
:102E6400060C0020284BF7B583423CD1274B284A57
:102E7400197801238B409C46DBB2147801930C2211
:102E84006346244D4A432E78234F244833422BD1A2
:102E94000388A340BB50BA1847888088A740A04045
:102EA400019B5760334390602B7007224B1C1340E7
:102EB400164AD9001370DA43D2040A4318498A61C6
:102EC400002B04D1FFF7A8FF0122164B1A700E4BFA
:102ED40012491A6D1268D1601968134B8A681A4036
:102EE400042313438B60F7BDBB1803221D680688B7
:102EF4002F002741013AF61BAD19D2B220C302308C
:102F0400002AF3D1D1E7C046BC0A00209E0C002061
:102F1400210B0020050C0020380C0020980C002008
:102F240000040050040C0020E8FFFF7FF0B5CE4BF6
:102F34008DB0019300230A270293CC4BCC481B8805
:102F44005843019B1988FDF72FF9019BC94E9B88B3
:102F540085B230811800C84968430393FDF724F90A
:102F6400019B04005B88C449180068430493FDF77F
:102F74001BF9029B0500581E062808D8FDF70AF91C
:102F8400DC00070121013C0146018C01B601A3B21A
:102F9400BA4ABB4C5C430A21535E802149015B1849
:102FA4008021640A634309015B1811891B135B18B0
:102FB400191C1B0400D5002131833221535E80216A
:102FC40049015B18ADB25D4380237D431B01ED18BD
:102FD4003023D35E2D13ED1800D5AAE0F564029BCF
:102FE4000133DBB20293019B06330193029B082B4E
:102FF400A3D100243500059404940694FA21286989
:10300400049B89001B1804930C22AB5E059A584359
:10301400D2180592FDF752F9069B01341B18E4B24D
:10302400686106930C35062CE8D101F0D1FB954B71
:1030340005001B88944C0793002B0CD0230000211F
:10304400D8331B68914AC31A0B91934209D9E022E1
:10305400200019F069F80023D83407930133256060
:103064000B9300218A4B08910193874B019A039398
:103074000C20315E0B9F8C463169029171690C0002
:103084000991190048310A91002F00D158E1340008
:103094001F000C3423CC23C70A990C3CA1CCA1C13A
:1030A4006146116002999161089D09990135116386
:1030B400E9B208910C3604320C330629D8D1002623
:1030C400079C704B0134A4B2724D1C802B00039FEB
:1030D400083307CF07C3039A0297483283CA83C3CE
:1030E400019B21001868FDF75FF8019B28842100EB
:1030F4009869FDF759F8019B68622100186BFDF788
:1031040053F8029B01360393019BF6B20433A86281
:1031140001932435062ED9D1564C069B31006365A4
:10312400049B0598A365FDF73FF85C3420800DB03F
:10313400F0BD0023F36452E7A3B2504A504C5C4301
:103144000621535E802149015B188021640A634390
:1031540009015B1891881B135B18191C1B0400D50B
:103164000021B1812E21535E802149015B18ADB24B
:103174005D4380237D431B01ED182C23D35E2D1367
:10318400ED1801D435642AE70023336427E7039854
:1031940001F000F8394BF0802A215A5E8021490160
:1031A4005218ADB2554380227D431201AD18282236
:1031B4009B5E2D13ED1801D4756310E70023736330
:1031C4000DE7A3B22D4A2E4C5C430E21535E8021A1
:1031D40049015B188021640A6343090192895B18E1
:1031E4001B139B181A1C1B0400D500220498B284DC
:1031F40000F0D0FF3080F2E6039800F0CBFF019B93
:10320400B080588800F0C6FF7080E8E680201B4A32
:1032140040011E23D15EA3B2802409184B437B4393
:1032240024011B191B139C461C23D15E0B00634411
:10323400D943C9170B403361ABB2114D5D431A2119
:10324400535E6D0A1B186B43128B1B191B139B18BF
:103254001AB21B0403D4330048331A80BFE6330088
:1032640000224833F9E7C046060C00206A75FF1FA8
:10327400B80B0000D80D0020FF0F00003C0E00200A
:10328400330C0000000C0020240B00205FEA000037
:10329400B40B0020D40C002080203E4A400122239D
:1032A400D15EA3B2802409184B437B4324011B192C
:1032B4001B139C462023D15E0B006344D943C917DA
:1032C4000B40F361ABB2344D5D431621535E6D0A7E
:1032D4001B186B43928A1B191B139B181AB21B04ED
:1032E40001D4B2877BE60023B38778E68020294A9D
:1032F40040012623D15EA3B2802409184B437B43AB
:1033040024011B191B139C462423D15EADB20B0070
:103314006344D943C9170B401F49B362694312255B
:10332400535F490A1B184B43128A1B191B139B1822
:103334001AB21B0401D4328651E6002333864EE6CA
:103344000027D85F604501DD604618800A99002790
:10335400C85F604501DA6046088059680298814276
:1033640000DD5860D96C0298814200DAD86499680B
:10337400A14200DD9C60196DA14200DA1C65116850
:1033840002986144116091690918106B91612118C8
:10339400099189E63C0E0020330C0000F8B5011CAD
:1033A400082800D908212048C9B203788B4221D0CB
:1033B400EFF3108472B61D4B1B78002B14D00378E6
:1033C4001B4A8B4217D20025CB1ADBB21668013593
:1033D4009E4016605668EDB29E40566096689E40C8
:1033E40096600C32082DF1D10170FFF715FD002C09
:1033F40000D162B6F8BD01275B1ADBB25D1EAF4097
:10340400002516680135BE191E4116605668EDB2D6
:10341400BE191E4156609668BE191E4196600C3254
:10342400082DEED1E0E7C046210B0020050C00205A
:10343400380C002010B50C4B1A78002A12D0002248
:103444001A70FFF773FD80210848C90102F01CF9C6
:10345400802104000902054802F016F96400044BB7
:103464002043187010BDC046040C00200008005012
:10347400360E0020F7B5FFF791FF1A4F380001F020
:1034840035FD041E2AD1184E01000622300018F022
:103494004BFE21006022154818F046FE2100302220
:1034A400134818F041FE01F093F9124D2100E02277
:1034B4000190280018F038FE019BD8352B600E4B84
:1034C4000E4A1C700E4B31001C700E4B38001C70E1
:1034D4000D4B9A61032201F079FC0400FFF7AAFF67
:1034E4002000FEBDBC0A0020980C0020380C0020EF
:1034F400060C0020240B0020050C00200000F8FF1F
:10350400040C00209E0C00200004005070B5040040
:103514000800C021A518012389018D420AD8064D4F
:103524007F33A9681942FCD1210000F0EFF843422F
:103534005841C3B2180070BD00380040F7B501917E
:10354400C02106008018150089010122884214D880
:1035540016487F3281680C0014401142FAD1002BC6
:1035640005D180277F00AC4209D3002205E030005A
:1035740000F0BAF902220128F3D01000FEBD2B1B83
:103584001A1C9BB2BB4202D980235B001A1C93B263
:103594000093019B009AA119181900F051F9002811
:1035A40002D1009BE418DEE70322E6E7003800407E
:1035B400802170B50022890005000E4802F06AF8E7
:1035C400FA230D4E01220D4930689B0003F0C0FB25
:1035D400041E06D1642301222900306803F0D0FDC3
:1035E4000400802101220348890002F053F82000DE
:1035F40070BDC04600040050B80C002027D101085B
:1036040073B56B46DD1D00230A262B708021002232
:103614001448890002F03EF8FA23134801221349A2
:1036240000689B0003F094FB8021040001220D48F4
:10363400890002F02FF8002C12D12800FFF7B8FF00
:10364400041E0DD12B789B0702D4013E002EDDD140
:1036540001222B780224134202D19B07DC0F544031
:10366400200076BD00040050B80C002026D10108CB
:10367400802110B50C4C0022206089000B4802F018
:1036840009F8FA2301229B000949206803F060FB32
:103694000400802163425C4101220448890001F056
:1036A400F9FFE0B210BDC046B80C00200004005081
:1036B40024D101080022802170B589000260050030
:1036C4000F4801F0E7FFFA230E4E01220E4930683D
:1036D4009B0003F03DFB041E07D1FA2303222900BB
:1036E40030689B0003F04CFD0400802163425C4180
:1036F40001220348890001F0CDFFE0B270BDC0464D
:1037040000040050B80C002025D101080323F7B5AC
:1037140001AC23700B0C49BA61808021060089003A
:10372400104815000022637001F0B4FFFA230E4F15
:103734002100042238689B0003F00AFB041E06D112
:1037440031000A4B3868AAB203F01AFD0400802144
:1037540063425C4101220348890001F09BFFE0B20F
:10376400FEBDC04600040050B80C00201027000025
:10377400F0B5284D13002A6885B05D321478002214
:10378400012C41D1244F254C3B60254B20601A70FD
:10379400019303232348009403AC016023700B0CB2
:1037A40049BA61808021204E2048890063703260CC
:1037B40001F070FFFA232100042228689B0003F023
:1037C400C7FA041E14D133683A68D21A80235B0105
:1037D4009A421CD81300164928680B60009B92B2C9
:1037E400196803F0F3FE041E0BD0286803F0A0FF51
:1037F400802101220D48890001F04CFF0223019A27
:10380400137063425C41E2B2100005B0F0BD1A00CF
:10381400E1E7C046B80C0020AC0C0020B40C00203A
:10382400A80C0020B00C0020A40C002000040050C0
:10383400A00C0020014B1878C0B27047A80C0020DF
:10384400F0B585B00D0017000190FFF7D9FE041EF6
:1038540040D10223802103AE0200337020482B0C98
:1038640089006DBA7370758001F014FFFA231D4D41
:103874000422310028689B0003F06AFA041E23D155
:10388400FA233A00019928689B0003F061FA041EA8
:103894001AD18021012296251148890001F0FAFEEF
:1038A4006D00012000F09AFF02ABDE1C3000FFF730
:1038B4007FFE041E08D13278012314001C401A42F2
:1038C40002D0013D002DECD1802101220448890061
:1038D40001F0E0FE63425C41E0B205B0F0BDC046D9
:1038E40000040050B80C002073B50500FFF788FEF3
:1038F400041E32D12023802101AE02003370194806
:103904002B0C89006DBA7370758001F0C3FEFA2325
:1039140015480422310000689B0003F019FA802145
:10392400040001220F48890001F0B4FE002C14D1D8
:10393400FA25AD00012000F051FF6B46DE1C30007B
:10394400FFF736FE041E08D13278012314001C4010
:103954001A4202D0013D002DECD163425C41E0B239
:1039640076BDC04600040050B80C0020144A10B5BF
:10397400144C136821685B181360134A126893424D
:103984001AD28021D21A49018A4213D81100216027
:103994000E4992B20968C91803F018FE002808D02D
:1039A40002220B4B1A70013A80210A48890001F067
:1039B40071FE10BD0A00EAE70122054B1A70F3E715
:1039C400A40C0020A00C0020AC0C0020B40C00209F
:1039D400A80C0020000400500222802110B5044BE2
:1039E40004481A708900013A01F054FE10BDC04623
:1039F400A80C00200004005001210A4B82B01A6C6C
:103A04000A431A641A6C0A4080210092009ADA6B05
:103A140049050A43DA63DB6B0B400193019B02B057
:103A24007047C0460010024070B52024050090B0D5
:103A34001422002103A818F077FB2200002108A813
:103A440018F072FB214B2A689A423DD108A80894C9
:103A540002F098FE002801D0FFF72CF880211C4BBF
:103A640049031A6C00260A431A641A6C19480A405E
:103A740002210192019A5A6B0A435A635B6B0596C1
:103A84000B400293029B062303A90393033B049375
:103A940001F040FD104C114B2000236005236360AE
:103AA4007B332361803363618023DB00A3612023A4
:103AB400A660E660E361266201F0BEFBB04201D07D
:103AC400FEF7F8FF2C65A56210B070BD002401401C
:103AD4000010024000040050600A00200800024068
:103AE400084B026882B09A4209D18021064B4901F1
:103AF4009A6B0A439A639B6B0B400193019B02B040
:103B04007047C0460030024000100240F0B5050086
:103B140093B01422002105A818F006FB20220021EE
:103B24000AA818F001FB2B68544A93424BD1042392
:103B34000AA80A9302F026FE002801D0FEF7BAFF75
:103B4400802701214E4B7F011A6CA0203A431A644E
:103B54001A6C00263A400192019A5A6B02240A43D5
:103B64005A635B6BC0050B400293029B242305A997
:103B74000593069408940796099601F0CBFCA020BF
:103B84001023C00505A9059306940796089609967F
:103B940001F0C0FC3B4C3C4B2000236011236360CC
:103BA400013BA3607033E66023616661A661E66150
:103BB400276201F041FBB04201D0FEF77BFF6C6548
:103BC400A56213B0F0BD314A9342FAD180212C4B47
:103BD400C901DA6B2E480A43DA63DA6B0A400392AE
:103BE400039A0222596B114359635B6B05A9134075
:103BF4000493049BE0235B000593BD3BFF3B0692CB
:103C04000892099301F086FC224C234B8022236006
:103C1400122363600023A360E3606361A361E36133
:103C2400802320009B012261236201F005FB002810
:103C340001D0FEF73FFF194BAC65A562184C8022FA
:103C4400236013236360033BA36000232000E3602D
:103C540022616361A361E361236201F0EDFA00284C
:103C640001D0FEF727FF002201211A206C65A5620E
:103C740001F0EEF91A2001F015FAA2E70030014034
:103C840000100240180900201C00024000380040C7
:103C940000040050BC0800203000024044000240F0
:103CA400600800200368164A84B093420BD1802137
:103CB400144B09011A6C0A431A641B6C0B400193E0
:103CC400019B04B070478022D205934209D101219F
:103CD4000C4BDA6B0A43DA63DB6B0B400293029BF7
:103CE400EFE7094A9342ECD18021064BC9021A6CD2
:103CF4000A431A641B6C0B400393039BE1E7C04621
:103D0400002C0140001002400048014010B504009E
:103D140088B01422002103A818F006FA23681E4A6A
:103D2400934215D101211D4B5A6B0A435A635B6BB5
:103D34000B400093009B80231B02039302230493F4
:103D4400A02003A9C005079301F0E4FB08B010BD4F
:103D54008022D20593420DD10123104A516B19439D
:103D64005163526B03931A400192DB180493019A36
:103D74000133E5E70A4A9342E8D10121074B5A6B24
:103D84000A435A635B6B0B400293029B80230393A9
:103D94007E3B04930333D3E7002C01400010024020
:103DA4000048014010B504008AB02022002102A876
:103DB40018F0BAF9104B22689A421AD1082302A8C3
:103DC400029302F0DFFC002801D0FEF773FE80218D
:103DD4000A4B8901DA6B08200A43DA630022DB6BA1
:103DE4000B4001931100019B01F032F9082001F00E
:103DF40059F90AB010BDC046005C004000100240F2
:103E0400FEE7000080210B4B4905DA6B82B00A43C0
:103E1400DA63DB6B084A0B400193019B074B5A673B
:103E2400BFF34F8F064B074ADA60BFF34F8FC0468C
:103E3400FDE7C04600100240ADDE00000070004007
:103E440000ED00E00400FA057047704770B500F01B
:103E5400B3FC124D2B78012B1ED100F0B9FC0400E9
:103E6400A0200221C00501F00FFC0D4A1368E31ADB
:103E740001280ED10B498B4203D902210A4B197038
:103E840003E0322B01D9084B1870002314602B7007
:103E940002E006498B42F0D870BDC046C00C002039
:103EA400BC0C0020EE020000BE010020E204000071
:103EB40010B5094C2378002B09D100F089FC074A7E
:103EC4001368C31A322B02D9012310602370022015
:103ED40001F0E8FB10BDC046C00C0020BC0C002063
:103EE400802010B5400001F0DDFB10BD10B5024884
:103EF40001F08AFC10BDC0469C04002010B50248A5
:103F040001F0B4FA10BDC046600A002010B50348A1
:103F140001F0ACFA024801F0A9FA10BD180900201A
:103F2400BC08002010B5024801F0A0FA10BDC0463C
:103F34006008002010B5024803F080FD10BDC046A3
:103F4400740900200120704710B518F055F91623A4
:103F540003600120404210BD10B518F04DF916233E
:103F64000360FEE770B50E0014000025A54201DBD6
:103F7400200070BD00E000BF70550135F6E770B554
:103F84000E0014000025A54201DB200070BD705D09
:103F940000E000BF0135F6E701204042704780236E
:103FA4009B0100204B607047012070470020704740
:103FB4000B490C4A0300521A0B4910B50868002833
:103FC40001D10A480860C318934206D918F014F9BD
:103FD4000C2303600120404210BD0B60FCE7C04687
:103FE4000004000000600020C40C00209056002053
:103FF4008022024B12059A607047C04600ED00E033
:10400400064B1A68031C0A2803D20A23DBB2536343
:104014007047C1B26429F9D96423F7E77C0700200B
:1040240001200022044B10B51870044B1B685A631E
:10403400FEF792FE10BDC046C80C00207C0700208D
:1040440010B50020FEF788FE034B1878FFF7D8FF61
:104054000022024B1A7010BDAC0E0020C80C0020C8
:1040640070B5040008000E00FDF7E6FE05006328A5
:1040740016DDFDF7E1FEFDF7DFFE3030208028007D
:10408400FDF7DAFE0A21FCF7FFF9303161802800E0
:104094000A21FCF7F9F900233031A180E3800DE017
:1040A40009280CDDFDF7C8FE303020800A212800E5
:1040B400FCF7EAF9002330316180A38070BD03006E
:1040C4000A21303323802E234942414363808919D6
:1040D400E1E7F8B505000F1E24DB0800FDF7ACFE90
:1040E4006426FDF7A9FE76424643F6190400300023
:1040F400FDF7A2FE02000A20404250438019002C22
:1041040004D03034A4B2303291B203E02024210030
:10411400002AF8D1303080B200232C806980A88036
:10412400EB80F8BD20242D212000F5E7F8B504002C
:1041340008000F006426FDF77FFEFDF77DFE764242
:104144004643F61905003000FDF776FE0A21494280
:10415400414320238919002D01D03035ABB223808F
:104164002E23A3800023303030316080E18023810E
:10417400F8BD0300002010B51400834209DB53434B
:104184001800FCF79BF8031C80B2A04200D9231C42
:1041940098B210BD0300F0B5643B444A9BB20400DE
:1041A40089B0934200D97EE00023414A0021FCF704
:1041B400EFF9404A121BD317FCF7CAF9030B0905A0
:1041C40019433B4A00230005FCF79EF980239B0317
:1041D400984264DD01264010374BC418E7172200CB
:1041E4003B0020003900FCF7D3F9CB171B031B0B52
:1041F4000093002302900391019300980199029A7D
:10420400039B12184B4111001B030D0D1D4322008B
:104214003B002800E917FCF7BBF90591CB170021F7
:104224001B030490180B049A059B801859410B0337
:10423400000D03211843FCF741F885226D10641B1F
:1042440004191E480023704300195200C117FCF7DB
:104254009FF900230791C917090306900A0B0698D2
:10426400079912184B4111000A0D80211B031A43B0
:10427400134B0020D218D3174900FCF745F9114B12
:10428400C0180A234343D8170003000BC0180015B5
:1042940009B0F0BD4000013E9842FBDB9CE780235F
:1042A40000261B03F8E70848F2E7C046B40B0000F9
:1042B40010270000FF0F00000000F0FF99110B0011
:1042C400BD0D00009A99EDEE18FCFFFFF7B51E0036
:1042D4000023040017003380994213D0954D2A78A7
:1042E4000192022A10D12869EE68361A8E4200D94A
:1042F4000E00143032002100281817F0B2FF2B6989
:104304009B192B610020FEBD00780F2811D8FBF704
:1043140037FF250034002C00F9FF450048004D000C
:104324005C006E00A0008000BB00CE004100D40001
:10433400E800F22800D1E3E0E4D8F02800D1D4E08A
:10434400F128DFD17C4B7D4A1A67BFF34F8F7C4B3A
:104354007C4ADA60BFF34F8FC046FDE738007A49E4
:1043640017F077FF20233380CCE70C242200774911
:10437400380017F076FF3480C4E70322380074490C
:1043840017F06FFF734B1B78012B01D105337B7042
:104394000323E8E76E4944242200E9E764246E49D4
:1043A400FAE70129AED160246C49F5E70229A9D9BD
:1043B40060788A1E8318602BA4D8684BA11CC0188F
:1043C40017F04FFFFDF782FB9CE702299AD163782F
:1043D4006349002BDFD0012B03D1F022614B1A700B
:1043E40090E7022B00D08DE7F1225E4BF7E702291C
:1043F40000D887E760788A1E8318442B05D8584B69
:10440400A11CC01817F02DFF7CE74630401AC0B23B
:1044140079E7019B002B1AD1092918D101332B709C
:1044240000F0D6F904226860611C4F4817F019FFA8
:1044340004224E48611D17F014FF8023EA685B00D4
:104444009A4200D85EE780235B00EB605AE70920BC
:10445400DCE7019B002BFAD10929F8D102332B7038
:1044640000F0B6F904226860611C3F4817F0F9FEB9
:1044740004223E48611D17F0F4FE019B019A2B6152
:104484002B00FF335A75D8E7019B002BDFD1092994
:10449400DDD103332B7000F09BF904226860611CAA
:1044A400314817F0DEFE04223048611DAAE70229D4
:1044B40000D027E72E4B627891E7052900D021E749
:1044C4002379E2781B021343A27861782948120207
:1044D4000A4301880A40284902800A8813400B8055
:1044E40010E782242549640056E7134A1367BFF393
:1044F4004F8F134B134ADA60BFF34F8FC046FDE76B
:10450400062900D0FEE66378552B00D0FAE6A3789E
:10451400AA2B00D0F6E6E378552B00D0F2E62379F7
:10452400AA2B00D0EEE6164B1A78002A00D0E9E652
:10453400627954E7E40E002000700040FEC00000E1
:1045440000ED00E00400FA0568D101085075FF1F72
:10455400C0000008D10C0020D80D0020800E0020DF
:104564003C0E002011000020EC0E0020F00E002074
:1045740010000020380E00203A0E0020D40C002039
:10458400E00E0020F8B5554C2578002D00D17AE0D6
:10459400534B9A68802317001F401A4238D1022DCA
:1045A40037D0032D67D0012D0ED14E4EE268300076
:1045B400A168FFF7ABF80135012836D1E168300076
:1045C40089B20BF041F9277000F002F96368C01A50
:1045D400454B984201D900232370444D2878FF2885
:1045E40016D02378002B13D10300F03B012B0DD8F8
:1045F400F138434258413B4CC0B22100FDF7A3FAC5
:10460400002803D1442120000BF01EF9FF232B7056
:10461400F8BD2369FF2BFBD9E2683248A16892B246
:10462400FFF70EF9002800D00125002301212D48B1
:10463400237025750BF008F9C6E7A068FFF754F955
:10464400012812D18022A36852019B18A360E36859
:104654001A00B34200DD32009B1AE360E368002BCA
:104664000DDD002DE9D10235DFE70A20013D00F020
:10467400B5F8EDB2F2E7802605257601EEE76B4248
:104684005D410135D1E71A4D28780028A5D00138BD
:10469400062808D8FBF76AFD040A0E11161B1E0033
:1046A4001448FDF72DFA00232B7096E71148FDF707
:1046B4003BFAF8E7FDF798F9F5E700200E49FDF716
:1046C40042FAF0E700200C49FDF774FAEBE7012009
:1046D4000949F4E701200849F6E7C046E40E002042
:1046E40000380040F80E002088130000110000205C
:1046F400E00E0020800E00203C0E00200D48854670
:10470400FFF776FC002103E00B4B5B584350043168
:104714000A480B4B42189A42F6D30A4A02E0002395
:1047240013600432084B9A42F9D317F06BFDFDF77E
:10473400D9FEFEE7006000207CFE01080000002096
:10474400740100207401002090560020FEE7000050
:1047540070B5104B05001978002901D1012070BDF6
:10476400FA208000FBF720FD0B4C01002068FBF7CA
:104774001BFD00F0A3FC041EF0D1032DEED80200B3
:1047840001202900404200F063FC044B20001D601E
:10479400E5E7C046120000200C00002014000020B1
:1047A40010B50320FFF7D4FF041E03D1FFF724F94B
:1047B400200010BD0124FBE7034A044B11681B7859
:1047C4005B1813607047C046FC0F002012000020E5
:1047D400014B18687047C046FC0F002070B50400F8
:1047E400FFF7F6FF0500631C02D0044B1B78E418A6
:1047F400FFF7EEFF401BA042FAD370BD1200002069
:1048040080684007C00F70470023F0B585B00400EE
:104814000393984200D1EFE0856D9D4205D1FFF7E7
:1048240003F923005433E5651D70802325685B0577
:10483400AA681A4200D1A7E00022AB680192DB000B
:1048440008D410230126A26D01961343A365E36DDA
:104854003343E3652800FFF7D3FF1022A36D134011
:10486400034300D0CBE0A26D674B20691A400633A6
:10487400FF331343A365AB68DB0761D4276BE1689F
:104884007B1E9F41A368A27E0B43217E3F038903C5
:104894000B43617EC9030B4351030B439C46002821
:1048A40000DB85E041004908230066462C331B7871
:1048B4005B0033433B430B43611CC97F012905D192
:1048C400002A00D077E0802252021343626A002A51
:1048D40005D0E02149000A40A16A0A431343EA686B
:1048E4004A490A401343EB60230062683C33E16C9D
:1048F4001B78970FBF079C463943012B08D1236CC3
:10490400666C33430B43A16C0B4361463B43194331
:104914002B693F4F3B400B4380212B6153005B08C5
:10492400C9058B420CD080231B069A4208D0394912
:10493400394F0B683B40F027BF033A4013430B60E9
:10494400072170276B69626B8B4313436B61696941
:10495400A36BB9431B010B436B61002833D11023B4
:10496400A96A5B420B43AB6207216B690B409A4215
:1049740038D10023E365A26D03339A43023B13430A
:10498400A365019805B0F0BDAA6824490A40134301
:10499400AB60234B23491868FBF706FC40000390E7
:1049A400039B002B00D147E7039B013B0393F7E7ED
:1049B4008021890378E72022A76D3A43A265E26D3E
:1049C4001143E16582E780239B039842CCD11C21EB
:1049D400AB6AE369013B9B000B402C3999400B0007
:1049E400216EBFE71223A26D9A43023B1343A365D2
:1049F4000123E26D1343E36501230193C1E7A36D32
:104A04001A43A265F8E7C046FDFEFFFF0102DEFF80
:104A140002FCFF1F08270140FFFFC3FFE8FFFF6FF1
:104A24000C000020400D0300704710B5806AFFF7AA
:104A3400FBFF10BD70474023806A10B5826D13439D
:104A440083650423C26D1343C365FFF7F3FF10BDF1
:104A5400502370B5846AA26D1A422DD1A26DB13370
:104A6400FF331343A365C02325681B01EA681A4278
:104A740015D1A37E002B12D12B681B070FD528005C
:104A8400FFF7BEFE00280ED10C226B6893436B60C7
:104A9400A26D0F4B1A400433FF331343A365200068
:104AA400FEF7E0F970BD2023A26D1343A365012333
:104AB400E26D1343E365F2E7A36DDB0603D5200043
:104AC400FFF7B8FFEEE7236D5B6B9847EAE7C04654
:104AD400FEFEFFFF0023F0B585B0039303000091B1
:104AE40054331A7804000220012A4DD00122276988
:104AF4001A7025682800FFF783FE002800D0F9E02B
:104B0400009B04225B6880219C4697436246009B7D
:104B140009061B68022A00D1C7E05A02520A8F42D2
:104B240034D1A96A0A43AA62009A68699268190290
:104B3400734E0A403240884302436A61002B1FDAF5
:104B4400C020704A70491568000428408B4200D088
:104B54009BE0802109040D4212D113686B4D2B4058
:104B6400034319436A4B116018686A49FBF71CFB3D
:104B74000C23434301330393039B002B00D081E0B8
:104B8400002000235434237005B0F0BD1F21674674
:104B94000F401039B940CE430196266E8E43310042
:104BA400002A12D1980E1F321040B84062460843C2
:104BB4009208E169013220668A42B5D8A96A01984F
:104BC4009A00120FBA400140ACE701221342ECD123
:104BD400921813422CD1042633422BD11A072BD41A
:104BE400DA062BD49A062BD45A062BD41A062BD4C5
:104BF400DA052BD49A052BD45A052BD41A052BD4B9
:104C0400DA042BD49A042BD45A042BD41A042BD4AC
:104C1400DA032BD49A032BD45A032BD41A032BD4A0
:104C2400DA022BD49A022BD45A02BED51620BCE742
:104C34000120BAE71000B8E70320B6E70420B4E780
:104C44000520B2E70620B0E70720AEE70820ACE76E
:104C54000920AAE70A20A8E70B20A6E70C20A4E76E
:104C64000D20A2E70E20A0E70F209EE710209CE76E
:104C740011209AE7122098E7132096E7142094E76E
:104C8400152092E7039B013B75E723498B4200D033
:104C940076E78021C9030D4200D071E713681B4DEC
:104CA4002B400343194311606AE78F4204D1AA6A77
:104CB4005902490A8A43AA62002B00DB60E71149C2
:104CC40011480A68834208D18023DB030868134033
:104CD4000E4A024013430B6052E70F48834200D050
:104CE4004EE7802000040B680240084803401A4342
:104CF4000A6045E72023A26D01201343A36540E722
:104D040000FFFF7F08270140000200A4FFFF3FFFD0
:104D14000C000020400D0300000400A80023F7B598
:104D240002680193916801330400194201D0002004
:104D3400FEBD90682049084208D01022A16D0A43A4
:104D4400A265E26D13430120E365F1E791681B4F0F
:104D540039400B4393601A4B1B681B021DD4637EBE
:104D6400012BE4D0FFF734FD012506002268136807
:104D74002B42DCD193682B4203D193683B402B43F5
:104D84009360FFF725FD801B0228EFD91023A26D45
:104D94001343A365E26D0123D4E70A4B0A4918685B
:104DA400FBF702FA01300190019B002BD7D0019B45
:104DB400013B0193F8E7C04617000080E8FFFF7F3E
:104DC400082701400C000020400D0300F7B50568DA
:104DD400040028000E000192FFF712FD02230028B0
:104DE4003FD1270054373A78012A3AD0013B3B702F
:104DF400EA681A420CD1AA681A4205D0AA681A4B6A
:104E04001A4002231343AB600123EA681343EB60A7
:104E14002000FFF783FF031E23D1A16D134A114025
:104E2400802252000A43A265E065114A206D216880
:104E3400C262104A0263104A42631C220A603B7039
:104E44004A68103313434B603200019B403100F039
:104E54004DFA03002068044A8168114004220A4381
:104E640082601800FEBDC046E8FFFF7FFEF0FFFF32
:104E7400554A00082F4A00083B4A000801220368EB
:104E840070B5040098689968114201D1002070BD82
:104E940002210842FAD105209D680540012D1AD14E
:104EA4009A68114802401143032299601A60FFF77F
:104EB4008FFC060023689B682B42E7D0FFF788FC31
:104EC400801B0228F6D91023A26D1343A365E36D5A
:104ED4002B43E36506E01023A16D0B43A365E36D4B
:104EE4001A43E2650120D2E7E8FFFF7FF0B5002313
:104EF4000500022285B0029354352B7804000092F9
:104F0400012B3ED001262E70FFF7B8FF23680090D6
:104F140099680A003240314206D01023A26D13432F
:104F2400A36500232B702CE0A06D4449082608409B
:104F34000631FF310143A165D86841490840019019
:104F4400D96840480140D960AE2189028C463E4868
:104F5400802799683F060140394399609968002980
:104F640012DA02990131029102996145F6D31223B2
:104F7400A26D9A43023B1343A36500232B700123C4
:104F84000093009805B0F0BD19007F27B43109687B
:104F9400013E394001315218002ED9D199680136A9
:104FA40001403143996080211F690432D208C90548
:104FB4008F421CD31E007F27B4363168B943114396
:104FC400022231609968012601400A439A60FFF782
:104FD400FFFB070023689A6832421ED1DA68019900
:104FE4000A43DA600322A36D9343334398E71749D6
:104FF4000F68F02189033940E0277F03B942D9D3F0
:10500400890C03398E400396039949080391039947
:105014000029CFD003990139F8E7FFF7D9FBC01B6A
:105024000228D7D923689B683342D3D01023A26DBA
:105034001343A365E36D3343E365A0E7FDFEFFFF80
:1050440003800000FC7FFFFFE8FFFF7F082701408B
:1050540010B5FF2403220B0021000240D20091402E
:105064009B012340C943934000280ADBC0240B4A18
:10507400800880008018A40002590A401343035199
:1050840010BD0F2210400838054A8008800080189F
:10509400C26911401943C161F2E7C04600E100E072
:1050A40000ED00E0002805DB1F2318401E3B834071
:1050B400014A13607047C04600E100E08022431EAD
:1050C4005204012093420DD2C021074A074853607D
:1050D400036A09061B021B0A0B4303620020072311
:1050E400906013607047C04610E000E000ED00E0FF
:1050F40010B5041E01D1012010BD437FDAB2002B8C
:1051040002D10277FEF7ECFC022363772379002BAC
:105114001CD118212368124A5A619A688A439A60FA
:1051240062792368002A19D1013A60211A619A68C8
:1051340000208A4361690A4380219A609A688A43FD
:10514400A1690A439A6001236377D5E72000E268E6
:10515400A16800F007F80028E2D0CCE72269E4E770
:10516400B71DC10430B5012504001E2328002942BF
:1051740002D130BD013B21D30800D8402842F9D0E8
:10518400102A17D0102A07D8002A0AD00120082A8A
:10519400EFD10F2BEDD804E00120182AE9D1062B1A
:1051A400E7D820684161182183688B4313438360E7
:1051B4000020DEE70120072BF3D9DAE70120102ACB
:1051C400E0D1D6E7F0B5846CC56C6560046D002C45
:1051D40002D0446D856D65601C24056C084E254025
:1051E4001B3CAC4077683C4374600468636083682C
:1051F400102B02D1A260E160F0BDA160E260FBE788
:105204000000024010B5040000681421C0B2083840
:10521400FAF7CAFF236C064A9B089B189B00636439
:10522400044BA3641C2318401B3B8340E36410BD60
:105234000082001080080240F8B504000120002C10
:1052440045D02568254B1421E818FAF7ADFF022351
:105254008000A61D2064F3772B68214AA7681340B9
:105264002B60E36821693B430B4361692A680B4364
:10527400A16920000B43E1690B43216A0B431343EB
:105284002B60FFF7BFFF8023DB019F4201D1002386
:1052940063606268616CD3B20B60E06CA16C013A2C
:1052A4004860032A14D80F4A0F4899180122013B79
:1052B4009A40A265130000228900216560650A6096
:1052C400436000200123E0630534F377E077F8BD01
:1052D400002323656365A365F3E7C046F8FFFDBFBC
:1052E4000F80FFFF3F82001040090240F7B5461DC2
:1052F4000193F47F05000220012C36D00138F077A9
:10530400AC1DE07F022784466346C0B2009038009B
:10531400012B28D10020E7772C68E8632068009BE4
:1053240098432060019B2800FFF74CFF2B6B002B58
:105334001CD00E232268134323606B6C1A68D203BB
:1053440004D58022196852000A431A602B6D002B81
:1053540004D08022196852000A431A6001230020F5
:105364002268134323600023F377FEBD04222368DD
:105374009343236022680A23DDE70000F0B5002888
:1053840008D0841DE37F411D022B05D00423C36391
:105394000023CB770120F0BD0E250268466C13680C
:1053A400AB4313603368104D2B4033600123166800
:1053B4009E431660026C1B331A401B3B93400B4EFA
:1053C40077683B437360C26C836C5A60036D002B37
:1053D40005D01A682A401A60436D826D5A60012311
:1053E4000020E377C877D6E7FFFEFFFF0000024006
:1053F400F8B50123411DCB77841DE27F022A03D037
:105404000422C2631800F8BD0E2602681568B5436D
:1054140015601568466C9D4315603268114D2A402D
:105424003260026C104E15001C221540AB407768A8
:105434003B437360C26C836C5A60036D002B06D0CF
:105444001A68084D2A401A60436D826D5A60012320
:10545400E3770023CB77836B002B00D098470020A1
:10546400D1E7C046FFFEFFFF00000240F8B51C2450
:105474000427016C264A21403C008C4016680368CE
:105484001D6826420FD03D420DD01968890602D40A
:105494001968B943196053681C43036B5460002BAB
:1054A4001BD0984719E002273C008C40264215D0B7
:1054B4003D4213D01968890606D40A251968A94300
:1054C40019600121831DD97753681C43546000225D
:1054D400431DDA77C36A9342E3D1F8BD0824270059
:1054E4008F403E42F9D02542F7D00E251C68AC43CC
:1054F4001C6001231D008D40290054682143516024
:10550400821DC363D3770022431DDA77436BE2E73E
:105514000000024000239C46F0B585B00B68644649
:105524001A00E24001D105B0F0BD62460126964062
:105534001A0032400192334200D184E04F681023B4
:105544003D009D430395022D14D16346DA08920071
:105554008218136A07241D0063461C400F23A4000D
:10556400A3409D4302950F250B692B40A340029C49
:105574002343136263465A00032393400468DD43C4
:105584009C4303233B4093400295039D2343013DE9
:105594000360012D5AD9032F55D0C468029B1C40C7
:1055A4008B6893402343C36080235B051F424AD02A
:1055B40063469A082D4B9200D218032463461C407C
:1055C4000F23E400A340A026156EF6059D43002397
:1055D400B04210D0264E0133B0420CD0254E0133D8
:1055E400B04208D0244E0133B04204D0234BC31838
:1055F4005E1EB3410533A3402B431366204B019A2F
:10560400DD6F019CD2432C43FE0301D42C001440D3
:10561400DC671C4C019DE36F1D43BE0301D41340A2
:105624001D00124BE5671D68019C2C43FE0201D44A
:105634002C0014401C605C68019D2543BF0201D40A
:10564400144025005D6001239C4467E78468029B45
:1056540065461C40CB689340234383603B09AB40C1
:105664004468B4432343436097E7C04600180240AC
:105674000004005000080050000C005000ECFFAF84
:10568400041802400818024000690840431E98416B
:10569400C0B27047002A01D0816170478162FCE783
:1056A4007047704770B5084D0400EB68184202D08B
:1056B400E860FFF7F5FF2B69234203D020002C613B
:1056C400FFF7EFFF70BDC046001802400A2382B006
:1056D4000193019B002B07D1054BC000C018006843
:1056E4008001800D02B07047019B013BF0E7C0468A
:1056F400009800400A2382B00193019B002B07D13C
:10570400054BC000C01840688001800D02B070478E
:10571400019B013BF0E7C0460098004073B50400CC
:105724000120002C2FD0244D635DDAB2002B05D16B
:10573400A5239B002000E254FEF734FB03236355AA
:10574400206802F049FE0023220019000126207976
:105754001432984218D10021220008005532FF3239
:105764008B421BD16B46227C1A70E3686168A26885
:10577400206802F039FE0023637401336355237BF0
:10578400012B15D0002076BD137001335670D170F3
:10579400116151619161DBB22832DAE71170013194
:1057A4005070D070106150619061C9B22832D7E74F
:1057B400200000F07CFDE5E79502000070B5A5250A
:1057C400AD00435D04000220012B09D00123635581
:1057D400206802F0F9FD206803F02CF800206055E1
:1057E40070BD7047704770B5A525AD00435D0400DA
:1057F4000220012B07D0012363552068617403F054
:1058040013F80020605570BDF0B5040087B000683F
:1058140003F017F8802580232D021B02054018424F
:1058240000D1A9E3802226681202736C134201D1CD
:1058340007B0F0BD0F22736C1A4000920F2213427E
:1058440000D07EE0190001321140134221D13368A7
:10585400D44A200013408022120213433360237D74
:10586400D14ADB009B181B68A26A9B019B0D236332
:10587400D318A3620AF079F8637C002BD2D0E26AD1
:10588400002ACFD18020637C21680343CB646274F7
:10589400C8E7336880221F001201174013421BD04F
:1058A400AA235B00E05CFFF725FF2200A721553205
:1058B400FF3289000300D06161183000D28803F000
:1058C40067F92168B94B0A6820001A408023134302
:1058D4000B600AF035F8A5E71B04A3D53268B34B77
:1058E40025001A40802313433360AA235B00E05C45
:1058F400FFF700FF5535FF35031EE8610ED06969D7
:1059040000290BD03000EA8803F042F96B69EA6998
:1059140039009B1820006B610AF01BF821680A68A3
:10592400130500D57EE7C0239B011A409A4200D19B
:1059340078E70A689E48024053409E4A13430B602E
:1059440070E7009B9B000493F3181A6803926A465D
:1059540092890192039A120400D482E01968934A4E
:105964002825114080220A431A60009B5D43651973
:1059740029005531FF310B7802932B006133FF333B
:105984001B78002B0CD10298FFF7B4FE071E4DD0F4
:105994002B005B33FF33FC351A88E96E3B0042E091
:1059A4002B005833FF331B78022B00D0C9E080232F
:1059B400019ADB011A400592019A0298FC351A42B9
:1059C40000D18FE0FFF782FE2A6F030007008242B6
:1059D4000ED200222A67029A75489200B218116802
:1059E400014080208001484072490143116002E077
:1059F400121A2A67EFD0019A520608D5029A6E4904
:105A04009200B218106808406C4901431160002BE1
:105A14000CD02821009A514361180A005D32FF32EC
:105A2400FC311288C96E300003F0B2F828230099C3
:105A340059436218FC32506FC0195067D06EC019B8
:105A4400D066106F002803D0926E974200D397E07F
:105A5400009A20005343E3185533FF33197809F0B3
:105A640078FF039B1B0600D4DCE623684D490293B0
:105A7400029A049B944663441A680A4080210902EE
:105A84000A431A602823009959436618F27D049248
:105A9400012A00D0B1E0009A013253430022E318F6
:105AA4005A60731CDB7F934213D0039B5B0600D4C4
:105AB40086E0737D93426AD1337D3B4ADB009B18B9
:105AC4001A68920192091A608022196812060A4320
:105AD4001A602823009A5343E318197D200009F023
:105AE40044FF9FE6FFF706FE2A6F03000700824289
:105AF4000ED2059A2A67029A2D489200B2181168AC
:105B040001408020800148402A490143116002E09D
:105B1400121A2A67EFD0019A520608D4029A26492B
:105B24009200B21810680840244901431160002B08
:105B340000D17BE72821009A514361180A005F32A3
:105B44006DE7029B1C4A9B00F318186810401B4A1F
:105B540002431A6008788300F3181B685B0407D5B6
:105B6400FFF7B4FD071E00D160E72B005D3311E79A
:105B7400FFF7C0FD071E00D158E72B005F3309E78C
:105B84005531FF312068611802F092FE69E7012B5C
:105B94009FD1337D044ADB009B181A6892B21A60C5
:105BA4001A6895E70F8FFF07009800408F0FFF07D3
:105BB4008FBFFF07808000008F8FFF07C080000029
:105BC400737D002B0DD1337DD24ADB009B185A68BC
:105BD400920192095A608022596812060A435A6057
:105BE40077E7012B00D074E7337DCA4ADB009B18AA
:105BF4005A6892B25A605A68F1E780230398039A6C
:105C04005B00357D18401A4219D1C24AEB009B183B
:105C14001B68F26A9B019B0D9A4202D82900F0622C
:105C24005CE7D21AF262B26A1431D218B262326BF1
:105C34000298D3183363611802F03AFEF2E5402368
:105C4400019F019A28001F401A4200D1D3E0FFF7B8
:105C54003DFDF26A0023824200D9131A8022019F7B
:105C6400D201F3621740002B4DD1009A28335343DD
:105C7400E3185B7D002B36D18021A64AEB009B18EC
:105C84001A680906920192091A601A680A431A608E
:105C94005A68920192095A605A6811435960049BE8
:105CA400022B0AD1029AAB00D3181A689A490A4007
:105CB40020215140994A0A431A602900200009F022
:105CC40054FE002F00D1ADE52823009A5343E31876
:105CD4001A7D236892009B181968914A1140914AD1
:105CE4000A431A609EE5012BD9D18A4AEB009B181E
:105CF4001A6892B21A601A681A605A6892B25A60A4
:105D04005A685A60CBE7002F08D0029AAB00D31828
:105D14001968834A1140834A0A431A602822009B67
:105D24005A43A218170038373B78012B3DD1916AAA
:105D340009189162336B1B183363566B536A9E4286
:105D440016D3F61A5663282200984243A218527DAD
:105D5400002A45D16F4AED00AD182A6892019209D4
:105D64002A60002B0ED1802228681206024312E01A
:105D7400002E02D103003E70E5E700233B7053631D
:105D84003300E0E73E2B1FD801205A0818402E6844
:105D94001218920632432A60282200989BB242438A
:105DA400A218928B029802F04FFD2823009A5A49B8
:105DB4005343E3181A7D236892009B181A680A401B
:105DC40030215140554A8BE71F201840464270410C
:105DD4005A09121A28689206024380200006C5E771
:105DE400012AD9D14B4AED00AD182A6892B22A6033
:105DF40028681A04BAE7FFF77DFCF26A3B00824286
:105E040000D3131A8022019FD201F3621740002BA2
:105E14003FD1009A28335343E3185B7D002B28D1EC
:105E240080213C4AEB009B181A68090692019209EA
:105E34001A601A680A431A605A68920192095A60F1
:105E44005A6811435960049B022B0AD1029AAB0091
:105E5400D3181A6830490A40202151402F4A0A4376
:105E64001A602900200009F080FD002F00D0D9E439
:105E74002AE7012BE7D1274AEB009B181A6892B254
:105E84001A601A681A605A6892B25A605A685A605C
:105E9400D9E7002F08D1029AAB00D3181968204A19
:105EA4001140204A0A431A602822009B5A43A21830
:105EB400170038373B78012B00D076E7916A091830
:105EC4009162336B1B183363566B536A9E4216D32D
:105ED400F61A5663282200984243A218527D002ADB
:105EE4003FD10C4AED00AD186A68920192096A60CC
:105EF400002B19D180226868120602431DE0002E8F
:105F040002D103003E70E5E7002353633B70330086
:105F1400E0E7C04600980040BF8FFF078080000084
:105F24008F8FFF0780C000003E2B0ED801205A0837
:105F340018406E681218920632436A60282200984C
:105F44009BB24243A218D28B2CE71F201840464232
:105F540070415A09121A68689206024380200006AA
:105F6400CBE7012AEAD1474AED00AD186A6892B23C
:105F74006A6068681A04C0E743050CD52268424980
:105F8400536C20000B40536409F001FD29002000EC
:105F9400FFF729FC4CE4430405D522683B49536CC4
:105FA4000B40536444E4802301009B0119401842D0
:105FB40003D022683649536CF2E7C30418D5042091
:105FC40023681A6C82431A641A6C001882431A6498
:105FD400B3239B00E25C012A03D12000E15400F0CA
:105FE40079F92000FFF7FEFB22682A49536CD7E7B2
:105FF400030511D508222368196C0A431A645A6CE4
:1060040025490A405A640422196C0A431A64200080
:10601400FFF7E7FBFFF70CFC03061FD5B32023684B
:106024001E495A6C80000A405A64225C002AEED150
:10603400196C04320A431A640822196C0A430121B8
:106044001A643C2221545B6D20009B081340B42247
:106054009200A35000F03EF9FFF7EAFB830509D54F
:1060640022680F49536C20000B40536409F088FCEC
:10607400FFF7DEFBC00501D4FFF7DAFB226809490C
:10608400536C8DE700980040FFFB0000FFBF000049
:10609400FFDF0000FFEF0000FFF700007FFF0000BC
:1060A400FFFD0000FFFE000070B5040007200D0096
:1060B4000840282141436DB26618002D1ADA0125E3
:1060C4001431611875755205520D08700A61CB7050
:1060D400022B01D100230B71A525AD00635D0220C5
:1060E400012B06D001236355206802F093F90020A8
:1060F400605570BD002555315636FF31FF366118A5
:106104003570E0E707220B000A40282151435BB2B7
:1061140070B504004018002B12DA01231431611801
:106124004375A5250A70AD00635D0220012B06D0DE
:1061340001236355206802F0B1FA0020605570BD58
:10614400002355315630FF31FF3061180370E8E702
:10615400F8B50724214021344C4306193700FC3795
:106164003B673300002556335536FF33FF3655342D
:106174007D67FA66FF341D7031700119006802F002
:1061840097FB2800F8BD07230B40282159434018EA
:10619400FC30406F704770B50724214021344C43D4
:1061A40006193500B26201223835F3622A700025DF
:1061B400317572751434356373630119006802F024
:1061C40077FB280070BD072270B5037904000A40EC
:1061D4000120934219D348B22823002816DA5343E6
:1061E400190001201431E318611858750123A525FD
:1061F4008B700A70AD00625D02209A4205D063552F
:10620400206802F0BBFA0020605570BD4B431900B2
:106214000020E31855315633FF31FF3361181870ED
:10622400E4E70B000F2270B5017904001A40012045
:1062340091421BD3072228211A4051435BB26018B4
:10624400002B14DA01231431611843750025A526A7
:106254008D700A70B600A35D0220012B06D00123C5
:10626400A355206802F0AAFA2800A55570BD0023A2
:1062740055315630FF31FF3061180370E6E730B511
:1062840028240D060BD5072529404C431434001946
:1062940099B2002A07D10273C180002030BD4C435B
:1062A4005534FF34F3E7012283600273F5E7026893
:1062B4000300B520012110B58000B324195000203B
:1062C400A4001855536D194302235165516D0B43B6
:1062D400536510BD70470000F8B5041E01D10120BC
:1062E400F8BD0368DB0711D423689B0753D42368E4
:1062F4001B0700D5A8E0042123680B4200D0D3E09B
:106304002368DB0600D50EE10020E9E738219B4D28
:106314004368AA680A40082A02D1002BE4D1DEE7C8
:1063240080225202934211D12A6813432B60FEF754
:106334004FFA80270600BF022B683B42D4D1FEF7F8
:1063440047FA801B6428F7D90320C9E7A021C902B2
:106354008B4208D180232968DB020B432B602B6816
:106364001A432A60E3E72A6885490A402A602A68B2
:1063740084490A402A60002BD9D1FEF729FA8027E4
:106384000600BF022B683B42AED0FEF721FA801B09
:106394006428F7D9D8E73822784DE368A968114210
:1063A4001CD1002B9BD06A68636977491B020A40A1
:1063B40013436B602B68754A754913402269134374
:1063C4002B602B68734A9B045B0FDA40724B0A60A4
:1063D4001868FEF7BDF9002889D080E7002B20D08B
:1063E4002B686A4A802713402269FF0013432B60FD
:1063F40080232A685B0013432B60FEF7E9F906004B
:106404002B683B4207D06A6863695F491B020A40F4
:1064140013436B606BE7FEF7DBF9801B0228EFD9AF
:1064240092E72B685D4A802713402B60FEF7D0F972
:106434000600FF002B683B4200D158E7FEF7C8F97D
:10644400801B0228F6D97FE738214C4DA269AB683E
:106454000B40182B03D1002A00D04CE73FE701235F
:10646400002A10D02A6E022713432B66FEF7B0F9D8
:1064740006002B6E3B4200D03DE7FEF7A9F9801BD6
:106484000228F6D960E72A6E02279A432A66FEF7A5
:106494009FF906002B6E3B4200D12CE7FEF798F9DA
:1064A400801B0228F6D94FE73820344DA368AA6828
:1064B4000240202A03D1002B00D021E70FE7012B53
:1064C40011D1EA6D1343EB65FEF782F9022706004A
:1064D400EB6D3B4200D013E7FEF77AF9304B801B9B
:1064E4009842F5D930E7052B05D1EB6D0B43EB65ED
:1064F400EA6D0123E6E70120EA6D8243EA65EA6D6D
:106504008A43EA65002BDFD1FEF762F90227060011
:10651400EB6D3B4200D1F3E6FEF75AF9204B801BAA
:106524009842F5D910E7E369144C002B13D080236B
:106534002268DB0313432360FEF74AF98026050033
:1065440036042368334200D0DEE6FEF741F9401BEF
:106554000228F6D9F8E62368124A802613402360FD
:10656400FEF736F9050036042368334200D1CBE642
:10657400FEF72EF9401B0228F6D9E5E6001002408A
:10658400FFFFFEFFFFFFFBFFFF80FFFFFFC7FFFFD3
:106594000C000020006CDC0214000020FFFEFFFF52
:1065A40088130000FFFFBFFF07203822174B10B5E8
:1065B40019689C68890801400131144207D11B689D
:1065C400DB0A03401248D840F9F7EEFD10BD986885
:1065D4001040082812D098681040202810D09868DD
:1065E400104018280FD0986810401038431E984166
:1065F400084B40421840064BC018E5E70648E3E75D
:1066040080200002E0E7FA20C001DDE7001002402C
:10661400006CDC02009423FD00127A00F7B504003C
:106624000D00002801D10120FEBD07274C4E336820
:106634003B408B422AD3226893073BD4D2074AD4E7
:10664400072733683B40AB420AD93368BB432B432B
:106654003360FEF7BDF8019033683B40AB4270D124
:106664002368404D5B0774D4FFF79EFFAB683E4937
:106674001B051B0F9B005B581F210B40D8403B4A56
:106684003B4B10601868FEF763F8CDE73368BB43F3
:106694000B433360FEF79CF8019033683B40AB42F8
:1066A400C9D0FEF795F8019BC01A324B9842F4D931
:1066B4000320B9E72B49530706D588682E4B1840A9
:1066C400B0231B0103438B608B682C480340E068B4
:1066D40003438B60B2E71C22224F3B689343A268BA
:1066E40013433B606068032829D8F9F73FFD1C0277
:1066F40020243B689B0396D50722BB68934303433E
:10670400BB60FEF765F801903823BA681A406368E5
:10671400DB009A4294D0FEF75BF8019BC01A154B3C
:106724009842F1D9C4E73B685B05E5D47BE73B6855
:106734001B02E1D477E73B6E9B07DDD473E7FB6D67
:10674400FAE7FEF745F8019BC01A0A4B984283D931
:10675400AEE7AB680A4A134022691343AB6083E790
:10676400002002400010024028D101080C00002043
:106774001400002088130000FF84FFFFFFF0FFFFD8
:10678400FF8FFFFFF0B50368050085B000205B06AE
:1067940022D580223E4C5205E36B0600134207D1FA
:1067A400E36B01361343E363E36B13400393039BEF
:1067B400E26DC02311009B00364F19401A4244D1A8
:1067C4000020E36DEA693B401343E365012E03D1E6
:1067D400E36B314A1340E3632B68DA0706D50324DD
:1067E4002B494A6DA243AC6822434A659A0706D5F1
:1067F40027492A4C4A6D2240EC6822434A659A068E
:1068040006D52349AC694A6D9200920822434A6531
:106814001A0706D51E49224C8A6D22406C69224310
:106824008A655A0706D51A491E4C4A6D22402C69BE
:1068340022434A651B0606D5E021154A13688B439B
:1068440069680B43136005B0F0BDEB698B42B7D0A8
:106854008022E36DE06D190052020243E265E26DAD
:10686400114839400240E265E165DB07A8D5FDF730
:10687400AFFF01900222E36D1342A1D1FDF7A8FFFF
:10688400019BC01A094B9842F4D903209EE7C046E5
:1068940000100240FFFCFFFFFFFFFFEFFFCFFFFFF1
:1068A400FFEFFFFFFF3FFFFFFFFFFEFF8813000026
:1068B400F0B50E0085B015000400FDF789FFAD1991
:1068C4002D1AFDF785FF8027254B01901B685B017E
:1068D4001B0D6B43039322689368180038403B42B6
:1068E40032D0731CF8D0FDF773FF019BC01AA84285
:1068F4002CD3E02123685A688A435A608222616853
:10690400520091420CD18021A26809028A4203D02C
:106914008021C9008A4203D140211A688A431A603F
:106924008021A26A89018A4206D119680D48014072
:10693400196019680A431A60230001225D331A7032
:10694400002303205C34237005B0F0BD039B002BAF
:1069540000D02B00039A1D00013A0392BBE7C04606
:106964000C000020FFDFFFFFF0B51D00002385B001
:10697400170002AAD37004000E00FDF729FFED19D9
:106984002D1AFDF725FF23222368009001932A4B3B
:106994001B6853431B0D6B43039302AB2168DA1C42
:1069A4008B681800304033423BD0C023DB009E424A
:1069B40004D1019B1B7BDBB2137013787B1CEFD0DB
:1069C400FDF706FF009BC01AA8422CD3E0212368E0
:1069D4005A688A435A6082226168520091420CD1FB
:1069E4008021A26809028A4203D08021C9008A4218
:1069F40003D140211A688A431A608021A26A89015E
:106A04008A4206D119680D480140196019680A4381
:106A14001A60230001225D331A70002303205C34C2
:106A2400237005B0F0BD039B002B00D02B00039A0C
:106A34001D00013A0392B0E70C000020FFDFFFFFC6
:106A440073B54026056804002B681B49B3432B60CB
:106A54001A4B1868F9F7A8FB6423434301936B6846
:106A6400B3436B60019B002B1FD1226E4033134351
:106A74002366FDF7ADFE642102002000FFF718FF36
:106A8400002801D040232366FDF7A2FEC0210300A5
:106A940064222000C900FFF767FF002801D04023CB
:106AA400236607235D34237073BD019B013B01936F
:106AB4006B683342D6D1DCE7C05D00000C000020D7
:106AC400F8B582231700426804000E005B009A4266
:106AD4000DD1802283681202934203D08022D20017
:106AE400934204D14021226813688B4313603A0017
:106AF40031002000FFF7DCFE051E05D02023226EA6
:106B040003251343236616E0822362685B009A42DE
:106B140011D18022A3681202934203D08022D200B2
:106B2400934208D1C0213B0032002000C900FFF786
:106B34001BFF0028E2D12800F8BD70B513000D003A
:106B440016000A00C02149010400FFF70DFF0028C8
:106B540005D020230320226E1343236670BD320028
:106B640029002000FFF7A4FE0028F2D1C021330041
:106B74002A002000C900FFF7F7FE0028EED0E8E75E
:106B8400354B37B5040035491868F9F70DFB642314
:106B940080214343019323685A688A435A60019AC7
:106BA400002A4AD14023226E13432366FDF710FEC8
:106BB400642102002000FFF7C0FF002801D0402319
:106BC4002366402522681368AB431360FDF700FE7B
:106BD400C021030064222000C900FFF7C5FE00287D
:106BE40000D0256623685A682A4222D040215A6878
:106BF400AA435A60019A002A26D14023226E1343E5
:106C04002366FDF7E5FD642102002000FFF750FE36
:106C1400002801D040232366FDF7DAFDC0210300DC
:106C240064222000C900FFF79FFE002801D0402302
:106C3400236607235D34237037BD019A013A01921C
:106C44005A680A42ABD1B1E7019A013A01925A68F3
:106C54000A42CFD1D5E7C0460C000020C05D000039
:106C6400F8B504000120002C67D0636A002B65D1BD
:106C7400822261685200914200D0E3610023250022
:106C8400A3625D352B78DAB2002B05D123005C3387
:106C940020001A70FCF73AFF022340222B7021686F
:106CA400E6680B689343E0220B60D200002396420F
:106CB40048D9F02218001201964200D0A362822221
:106CC4008427636852001340A2683F023A400227B7
:106CD40013432269A5693A401343012267691740A7
:106CE4003B438027BF002F403B43E76937321740BF
:106CF4003B43276A4832174080223B43A76A9201EC
:106D040017403B43102708220B60636A2D0C3B405D
:106D1400676B17403B43F0273F013E403343042653
:106D240035402B4303434B60CB69084803400020A4
:106D3400CB61012320665D342370F8BD00232361F9
:106D440063619BE780204001B6E7C046FFF7FFFF81
:106D5400F0B5040085B01E000D001700FDF738FDE6
:106D640023005D33009001931B78D8B2012B00D02F
:106D7400C6E0002D00D180E0002F00D17DE023008B
:106D84005C331A78012A00D1BAE018700323019AFF
:106D940013700023A21D23662364A563A787E787D6
:106DA40002329387D3878022A1682365E3641202A9
:106DB4002368914208D140211A688A431A608022CC
:106DC4001968D2010A431A6040221968114202D19B
:106DD40019680A431A60E021E0686268C9008842C1
:106DE4004DD9002A01D0012F07D12A880235DA6053
:106DF400E38FA563013B9BB2E38702250CE0226885
:106E040093682B4229D0A36B19880233D160A36302
:106E1400E38F013B9BB2E387E38F002BEFD131007B
:106E24002000009AFFF789FE002800D065E0A368DF
:106E3400002B06D103932368DA6803929B680393BB
:106E4400039B0123019A1370230000225C331A7000
:106E5400206E431E9841C0B20FE0FDF7B9FC009BC1
:106E6400C01AB042D8D3731CD6D0230001225D339C
:106E74001A70002303205C34237005B0F0BD002A8F
:106E840001D0012F0AD1E28F012A09D92A880235BB
:106E9400DA60E38FA563023B9BB2E387022517E028
:106EA4002A781A73A36B0133A363E38F013BF3E7DF
:106EB400226893682B4217D0E18FA36B01290BD969
:106EC40019880233D160A363E38F023B9BB2E3874B
:106ED400E38F002BECD1A2E71B781373A36B013370
:106EE400A363E38F013BF1E7FDF772FC009BC01A3B
:106EF400B042EDD3731CEBD0B7E72023236696E7AB
:106F04000220BAE7F7B504000D0017001E00FDF7D4
:106F14005FFC230001905D331B786168DAB2012BBA
:106F24000CD0822302205B00994200D0A4E0A36825
:106F3400002B00D0A0E0042A00D09DE0002D5CD0FE
:106F4400002F5AD0002E58D023005C331A78022028
:106F5400012A00D190E001221A705A780133042AE0
:106F640001D005221A702200002308322366276408
:106F7400D687A21DD687E3642365E023E0682268F0
:106F8400A563E687A687DB00984201D8012E36D098
:106F940053687A4F3B405360402317681F4202D125
:106FA40017683B431360E023DB00984200D864E099
:106FB400002901D0012E07D12B880235D360E38F3D
:106FC400A563013B9BB2E387012502272E00E38FD3
:106FD400002B19D123000833DB8F002B14D12000A0
:106FE400019A0899FFF7A9FD23005C33002800D11A
:106FF400B9E02022226600221A7001203CE080239E
:1070040057685B013B43C6E7206883683B420ED068
:10701400E38F002B0BD0012D08D1A36B1A88023308
:10702400C260A363E38F013B9BB2E38700258368BF
:107034001900314033420ED022000832D38F002B86
:1070440009D00D00C068236C188002332364D38FE9
:10705400013B9BB2D387FDF7BBFB019BC01A089B86
:107064009842B4D30133B2D0230001225D331A70A5
:10707400002303205C342370FEBD002901D0012EBF
:107084000AD1E38F012B0BD92B880235D360E38F10
:10709400A563023B9BB2E387012502272E0047E04C
:1070A4002B781373A36B0133A363E38F013BF1E7E5
:1070B400226893683B4211D0E38F002B0ED0012D40
:1070C4000BD1E18FA36B01293BD919880233D1601D
:1070D400A363E38F023B9BB2E38700252268936896
:1070E40019003140334219D023000833D88F0028C7
:1070F40014D0DD8F206C012D2BD9D568058002308A
:107104002064D88F023880B2D887DB8F012B04D853
:10711400802350685B01034353600D00FDF758FB67
:10712400019BC01A089B984202D3013300D09BE70D
:10713400E38F002BBCD123000833DB8F002BB7D1A6
:107144004DE71B781373A36B0133A363E38F013BF8
:10715400C1E7127B0270226C01322264DA8F013A99
:1071640092B2DA87D9E7220001215D3211701870DA
:10717400206E431E9841C0B27EE7C046FFEFFFFF7A
:10718400F0B5070087B0029103925D371E003B788B
:107194000400DDB2012B03D00225280007B0F0BDA6
:1071A400822342685B009A420CD18368002B09D188
:1071B400029A04333B701100039B0096FFF7A2FE72
:1071C4000500EAE7FDF704FB029B0590002BE4D0E1
:1071D400039B002BE1D023005C3304931B78012B29
:1071E400DAD00123049A0399137003333B7000230C
:1071F400029A23662264A21DD1870232D187E0223B
:10720400E168A363A387E387E3642365D20023686B
:1072140091422FD95A68394802405A608022A068A6
:107224001202904207D140201A6882431A601A68F9
:10723400334802401A6040221868104202D118688C
:1072440002431A60E0232500DB000835994225D962
:10725400EB8F002B25D0012123689A680A4240D085
:10726400DA68236C1A8002332364EB8F013B9BB2F0
:10727400EB87EDE78022586852010243CDE70121F4
:1072840023689A680A421DD01B7B226C1370236CFE
:107294005B182364EB8F013B9BB2EB87EB8F002BD6
:1072A400EDD131002000059AFFF70AFC002821D116
:1072B40001233B700023049A1370256E6B1E9D41BD
:1072C400EDB26AE7FDF784FA059BC01AB042E5D334
:1072D400731CE3D001233B700023049A032513702D
:1072E4005BE7FDF775FA059BC01AB042B0D3731C77
:1072F400AED0EFE720232366DAE7C046FFEFFFFFB7
:10730400FFBFFFFFF8B503005D3304001878C5B272
:10731400012800D073E0002953D0002A51D0260060
:107324005C363078012800D169E00320357018708C
:107334000023A2872366E287A21D23642365E364F6
:10734400A16302329387D3878023A06822681B023B
:10735400984208D140201368834313608023106847
:10736400DB0103431360606D264B274F0363274BF8
:10737400C362274B43630023836353683B405360DA
:10738400E023E768DB009F420ED880238769DB0097
:107394009F4209D1E38FDB0715D453681A4F3B4052
:1073A4005360E38F5B08E387E38F0C329BB2FDF7F6
:1073B4009DFF002810D01023226E13432366002360
:1073C40033702800F8BD80235768DB013B435360CA
:1073D400E38F5B080133E6E7402223681968114212
:1073E40002D119680A431A600025202235705968B1
:1073F4000A435A60022259680A435A60E1E70225A7
:10740400DFE7C046BB780008FFBFFFFF0179000833
:10741400DD780008F7B5060001925D360400307887
:10742400C5B201280BD06068822784467F00022001
:10743400BC454FD1A768002F4CD1042D4AD1002957
:1074440047D0019A002A44D0002B42D025005C3555
:107454002F780220012F3DD001382870307804287D
:1074640001D00520307000202700019AA163A11DDE
:1074740020662264E387A3870837CB872168FB87CC
:10748400494AE0642065486810404860E020E268AA
:10749400C00082421FD94B68444803404B60337894
:1074A400A06D042B52D0424E424B06630026C362A9
:1074B400414B86634363FB8F019A9BB20C31FDF70A
:1074C40015FF0700B04244D01023226E13432366F5
:1074D4002E700120FEBD80204A68400110434860A0
:1074E4008020626DC0009269824208D1DB071BD400
:1074F4004B68324803404B60E38F5B08E38780238B
:10750400A06DDB0080699842C9D14B6827480340CD
:107514004B60FB8FDB0710D44B68294803404B605A
:10752400FB8F5B08FB87BAE780234868DB010343D2
:107534004B60E38F5B080133E0E7802348689B01DD
:1075440003434B60FB8F5B080133EBE71D4E1E4B7F
:10755400ABE701232268606D51680B4353600763F6
:10756400C76247638763E38FA16B9BB20C32FDF75D
:10757400BDFE002805D01023226E134323662F700E
:10758400A7E7402223681968114202D119680A4307
:107594001A6000222A70596820320A435A60022273
:1075A40059680A435A6095E7FF9FFFFFFFEFFFFF0B
:1075B400D3780008DF790008DD780008FFBFFFFFFB
:1075C400FFDFFFFFC77800086F790008F7B51300E5
:1075D40002005D3204001078C5B2012800D099E0A1
:1075E400A06800280DD1822667687600B74208D1CA
:1075F400043010700A002000FFF70CFF050028007B
:10760400FEBD0029FBD0002BF9D026005C36019684
:107614003778012F00D17DE00127377003371770C9
:107624000022A71D226621640237BB87FB878023C3
:10763400E2642265A287E2871B022268984207D18E
:107644004020136883431360136833480340136076
:1076540032485368E76803405360E0238446DB0004
:10766400A06D9F421ED953682D4F3B4053602D4B54
:10767400002703632C4B0C32C3622C4B94464363A8
:10768400230087630833DB8F0A009BB26146FDF752
:107694002DFEB8422AD01023226E5C34134363605B
:1076A4002770ACE7802357685B013B43536080231A
:1076B4008769DB009F42DAD15368194F3B4053601E
:1076C40023000833DF8FFF0707D466465768374027
:1076D4005760DF8F7F08DF87C9E780275668BF01BF
:1076E40037435760DF8F7F080137F4E74022236870
:1076F4001968114202D119680A431A600025019AD7
:107704001570202259680A435A60012259680A43B5
:107714005A6074E7022572E7FFBFFFFFFFDFFFFF38
:10772400FFEFFFFFC77800086F790008DD780008D5
:107734007FB504005B4B5C491868F8F735FD64239A
:107744002021250043430193019B5D350093236869
:107754005A688A435A605A6812060BD5534A2265FE
:10776400009A002A00D08CE0216E40320A4322663F
:10777400019A00925A6852060BD54D4AE264009A67
:10778400002A00D085E0216E40320A432266019A25
:1077940000925B689B072BD5606D002828D00023DE
:1077A4008363FDF7EBFD002801D04023236602210B
:1077B400226853688B435360FDF70AF86421020082
:1077C4002000FFF7BAF9002801D0402323664026A1
:1077D40022681368B3431360FCF7FAFFC021030067
:1077E40064222000C900FFF7BFF8002800D02666F5
:1077F40023685A68D2072BD5A06D002828D000230F
:107804008363FDF7BBFD002801D040232366402697
:1078140022681368B3431360FCF7DAFF64210200A3
:107824002000FFF745F8002800D02666FCF7D0FFBB
:10783400C021030064222000C900FFF795F8002846
:1078440001D040232366012123685A688A435A6081
:10785400210000220831CA87E287216E01204029D5
:1078640001D0100022660292D968029199680291AF
:10787400029903929B680393039B01232B7004B02A
:1078840070BD009A013A00922A78072A00D067E76F
:107894006EE7009A013A00922A78072A00D06EE730
:1078A40075E7C0460C000020C05D0000856B000831
:1078B400456A0008704710B5806AFFF7FBFF10BDEA
:1078C400704710B5806AFFF7FBFF10BD704710B515
:1078D400806AFFF7FBFF10BD0321806A10B50268C0
:1078E40053688B4353601023026E134303660300F3
:1078F40001225D331A70FBF7EDF810BD37B50500B2
:10790400846AFCF765FF2B6820251B6802002B4264
:1079140027D1022023685968A943596059688143D3
:10792400596020006421FFF708F9002802D0236E73
:107934001D432566A368002B06D101932368DA68EA
:1079440001929B680193019B0023E387230001229A
:107954005D331A70236E002B03D02000FBF7BAF8B6
:1079640037BD2000FBF7C0F8FAE770B50500846A5C
:10797400FCF72EFF020020202B681B68034228D14D
:107984002368596881435960A16800291ED10531D3
:107994006068FF31884219D10320596881435960D6
:1079A40020006421FFF78CF8002801D020232366EF
:1079B400230000220833DA87553301321A70236E0C
:1079C400002B06D02000FBF785F870BD0120596814
:1079D400E4E72000FBF770F8F7E770B50500846A68
:1079E400FCF7F6FE2B6820251B6802002B4221D1F0
:1079F400216820004B68AB434B606421FFF79DF87E
:107A0400002802D0236E1D43256603212268536893
:107A14008B435360220000230832E387D38723007B
:107A240001225D331A70236E002B03D02000FBF774
:107A340051F870BD2000FBF749F8FAE70368F0B588
:107A440004005868996801258A09160085B02E40FB
:107A54002A4208D1294206D0450604D5E36C200009
:107A6400984705B0F0BD8D0703D5050601D5236DF4
:107A7400F5E780274D097F0039402A43FF3F3A400C
:107A84000A43EED08206ECD5002E0FD022005D32E0
:107A94001278032A50D00422266E32432266002232
:107AA4000092DA6800929A680092009A01221542C4
:107AB4000BD0256E2A4322660022402502929A6842
:107AC40002921A68AA431A60029A002908D008226E
:107AD400216E0A432266002203929A680392039A53
:107AE400226E002ABDD0E0215A688A435A602200DF
:107AF400DF395D3211700231084225D05A68A06D19
:107B04008A435A60002809D0114B8363FDF770FC47
:107B1400002803D04023226E13432366606D00289F
:107B24009FD00B4B8363FDF763FC002899D040235F
:107B3400226E1343236694E700220192DA680192CD
:107B44009B680193019B8CE72000FAF7C3FF88E749
:107B5400597B0008806A0023020010B50832D387DD
:107B6400C387FAF7B7FF10BD70B50124036A026A30
:107B7400A24302624468124A856915400A681543A3
:107B8400022293438A6813430E4A904205D00E4A58
:107B9400904202D00D4A90420BD108229343CA6806
:107BA4008E69134304229343094A22404C693443A7
:107BB40014434A68446085614263036270BDC046F1
:107BC4008CFFFEFF002C01400044014000480140AE
:107BD400FFFCFFFF70B5174A056A036A134003628E
:107BE4004268154BC4691C400B681C43134B1D4071
:107BF4008B681B022B43124DA8420ED1114D1D4020
:107C0400CB681B022B43104D2B40104D8E69154041
:107C14004A69324312012A4305E00D4DA842F4D0CB
:107C24000C4DA842F1D042604A68C461C263036249
:107C340070BDC046FFFEFFFF8CFFFEFFFFFDFFFF90
:107C4400002C0140FFF7FFFFFFFBFFFFFFCFFFFF0B
:107C5400004401400048014030B5124A046A036AF6
:107C6400114D134003624368C2692A400D682D0216
:107C740015430E4A14408A68120322430C4CA04256
:107C840005D00C4CA04202D00B4CA04204D10B4CAA
:107C94001C404B699B01234343604B68C5610364EB
:107CA400026230BDFFEFFFFFFF8CFFFEFFDFFFFF2F
:107CB400002C01400044014000480140FFBFFFFF89
:107CC40070B5066A104C036A104A23400362436885
:107CD400456D15400A6815430D4A16408A6812041A
:107CE40032430C4EB04205D00B4EB04202D00B4E84
:107CF400B04203D11C404B691B02234343604B68D1
:107D040045658365026270BDFFFFFEFF8FFFFEFFC6
:107D1400FFFFFDFF002C01400044014000480140EA
:107D240030B5124A046A036A114D13400362436872
:107D3400426D2A400D682D0215430E4A14408A688C
:107D4400120522430C4CA04205D00C4CA04202D098
:107D54000B4CA04204D10B4C1C404B699B022343A7
:107D640043604B684565C365026230BDFFFFEFFFAA
:107D7400FF8FFFFEFFFFDFFF002C014000440140A6
:107D840000480140FFFFFBFF7047000010B51B4C8B
:107D94000368A04206D08022D205904202D0184A3D
:107DA400904208D1702293434A681343154A1A40FB
:107DB400CB68134308E0144A9042F7D0134A904228
:107DC400F4D0134A9042F1D0802293434A6913437A
:107DD4008A68C2620A688262A04205D00B4A904255
:107DE40002D00B4A904201D10A690263042201685D
:107DF4000A43026001224261036010BD002C01406D
:107E040000040040FFFCFFFF00200040004401404C
:107E14000048014070B504000120002C23D0250047
:107E24003D352B78DAB2002B05D123003C332000FA
:107E34001A70FBF737FF02232B702068211DFFF710
:107E4400A5FF2200012300204832137047340A3A68
:107E5400137053709370D370137153719371D37102
:107E6400137223702B7070BD70B504000120002CB8
:107E740023D025003D352B78DAB2002B05D1230021
:107E84003C3320001A70FFF77FFF02232B70206819
:107E9400211DFFF77BFF22000123002048321370CD
:107EA40047340A3A137053709370D370137153713B
:107EB4009371D371137223702B7070BD102270B53F
:107EC400056A036A164C934303624268836923403C
:107ED4000C6824021C4320239D438B681B012B4305
:107EE400104DA8420FD18025AB431E00CB68403D06
:107EF4001B013343AB430C4D8E6915404A69324331
:107F040092002A4305E0094DA842F4D0084DA84246
:107F1400F1D042604A6884618263036270BDC046E6
:107F2400FF8CFFFE002C0140FFF3FFFF00440140E3
:107F340000480140F8B507003C3715003A780300C3
:107F44000C000220012A0CD0013838700C2D51D0BD
:107F540008D8042D2DD0082D3CD0002D17D0002397
:107F64003B70F8BD102D58D0142DF8D11D68280091
:107F7400FFF7D6FE80236A6D1B0113436B656B6D9F
:107F84002E4A13406B6523696A6D1B0253E01D681A
:107F94002800FFF7E9FD0823AA6913430422AB6113
:107FA400AB699343AB61AB6922691343AB610020B6
:107FB400D5E71D682800FFF781FF8023AA691B010C
:107FC4001343AB61AB691D4A1340AB612369AA69D2
:107FD4001B02EAE71E683000FFF7FCFD0422F36988
:107FE4001D43F561F3699343F361F3692269134314
:107FF400F361DCE71D682800FFF72EFE8023EA69A1
:108004001B011343EB61EB690C4A1340EB612369D9
:10801400EA691B021343EB61C9E71D682800FFF7F7
:108024004FFE08236A6D134304226B656B6D934303
:108034006B656B6D226913436B65B8E7FFFBFFFF4C
:1080440030B58468034D0A431B022C401343234379
:10805400836030BDFF00FFFFF8B5050002223C3508
:108064002C7803001000012C1BD01E0001383D3673
:10807400287032701C68414AA3681340A3600B68DF
:10808400602B4ED02DD8402B62D013D8202B0BD090
:1080940008D810221900914306D00123337000231D
:1080A4002B70F8BD302BF8D1A26835490A40134330
:1080B400072228E0502BF0D14A68CB68216A276A4E
:1080C4001B0187432762F027A069B84303430A20B2
:1080D40081430A43A3612262294BA2681A405723B1
:1080E40011E08022520193420FD0802292019342E8
:1080F4000DD0702BD1D1CB684A6820008968FFF776
:108104009FFF7723A2681343A3600020C5E7CB68D1
:108114004A6820008968FFF793FF8023A268DB0187
:10812400F1E710274B68CA68216A206A1203B84332
:108134002062A069134F1B0138400243A0208143F1
:108144000B43A2612362A2680D4B1A406723DAE74E
:108154004A68CB68216A276A1B0187432762F02794
:10816400A069B84303430A2081430A43A3612262FE
:10817400034BA2681A404723C5E7C0468800CEFFD8
:108184008FFFCFFFFF0FFFFF1F2310B501241940FE
:108194008C408A40036AA3430362036A1A4302625F
:1081A40010BD0000020010B508291CD006D8002913
:1081B4000BD0042914D01300433308E00C2915D044
:1081C4001029F8D10300423301E003003E331B7849
:1081D400013B581E8341DBB20120002B09D010BDA6
:1081E40003003F33F3E703004033F0E70300413378
:1081F400EDE70223082930D006D800290BD0042942
:1082040028D01000433008E00C2929D01029F8D1D7
:108214001000423001E010003E3003701468012267
:108224002000FFF7B1FF184A944205D0174B9C4237
:1082340002D0174B9C4216D18023616C1B020B4366
:108244006364944216D1A368124A1340062B16D1D4
:108254000020C4E710003F30DFE710004030DCE7C7
:1082640010004130D9E78023DB059C42EBD00A4B58
:108274009C42E8D00123226813432360E8E780226C
:1082840052029342F6D1E3E7002C0140004401403E
:1082940000480140070001000004004010B5FFF74A
:1082A40081FF10BDF0B5040002223C3425780300A0
:1082B4001000012D23D01D003D352A701A68104E80
:1082C40053689068B24203D10E4F3B404F683B4322
:1082D4007027BB430F683B435360B24206D08023F0
:1082E400DB059A4202D0084B9A4204D1802398437A
:1082F4008B6818439060012300202B702070F0BD20
:10830400002C0140FFFF0FFF0004004010B50400E3
:108314003C34237802000220012B39D01D48CB685D
:108324000340886803431C480340486803431B48D0
:108334000340086803431A48034008690343194883
:1083440003404869034318480340086B0343174834
:10835400034088690004034315480340C869034384
:108364001068144A904210D1134A13408A6A1205C5
:108374001A43124B1A400B6A1A43114B1A404B6AA8
:108384001A43104B1A40CB6A1343436400202070F5
:1083940010BDC046FFFCFFFFFFFBFFFFFFF7FFFF21
:1083A400FFEFFFFFFFDFFFFFFFBFFFFFFFFFF0FF58
:1083B400FFFFFFEF002C0140FFFF0FFFFFFFFFFE59
:1083C400FFFFFFFDFFFFFFDF03000020014A5864A9
:1083D4001A64704780BF0000036C024A13400364B0
:1083E400002070477F40FFFF84B010B50492012243
:1083F40002640593036C040093430364036C0391C8
:108404009340D34003640020606410BC08BC04B0F3
:1084140018470000F7B501240E78B300C3181A6892
:1084240094480240C8780094032807D8F7F79EFEC2
:10843400023A37348024A400224300908E4C8F4D9E
:1084440022431A601A688E4F2A40324322431A602C
:10845400F200D2190F7B002F64D1CF88BF08BF0070
:1084640001974F78002F25D01168019E090C09044B
:1084740011601168314311601A68520604D51968F5
:10848400804A29400A431A607F4D01280CD02022DB
:10849400196829404A4009E0C024E400224300242A
:1084A4000094CBE78024F8E71A682A4022431A6034
:1084B4000098FEBD5068019F000C00045060506895
:1084C4000969384350605068800180095060002970
:1084D40003D150688021090607E03E2918D80127F6
:1084E4000F404908791850688906014351601A6899
:1084F400520404D51968654A29400A431A60644A3B
:1085040019681140C022002E00D080229201C1E7D8
:108514001F27480939404F427941401A5168800663
:108524000843D7E7022848D11F685A4E2F403E43DC
:108534001E601668360C360416600E891768B60875
:10854400B6003E4316605668360C360456604E89B3
:108554005768B608B6003E4356604E784C4F0196B5
:10856400494EB446019E002E60D180261868F6015B
:10857400304204D01E6845482E40304318601868C5
:10858400400604D5186805403E4828431860106822
:108594000969800180091060002913D180201568C1
:1085A400000628431060506880018009506000294B
:1085B4001DD150688021090621E01E68364F3E40D7
:1085C4002643B5E73E2906D801204E080840801905
:1085D40015688006E5E71F250D406E427541480980
:1085E400401B15688006284380252D06D9E73E29BF
:1085F40012D801250D4049086918506889060143BD
:108604005160C0221968920139404A4061462243B0
:108614001A601A680A4049E71F25480929404D4253
:108624006941401A516880060843C3E780211A68EB
:10863400C9010A4204D01968144A29400A431A603D
:108644001A68520604D519680E4A29400A431A606A
:1086540001280BD062461968114020224A40224367
:108664001A601A683A4014431C6021E761461A688C
:108674000A40F4E78F89FF07808000008F8FFF078F
:1086840000980040C0800000BF8FFF0780C000003A
:108694008FBFFF07808100008F8EFF07F0B50B7836
:1086A4000A7B9B00C0184E782E4B002A1CD102680E
:1086B400002E0ED0520605D501682B4A11402B4AD4
:1086C4000A43026002682A490A40134303600020F7
:1086D400F0BD520405D50168234A1140254A0A43D6
:1086E400026002682449EFE780211F4A204D224C92
:1086F400C901002E1AD106680E4204D006681D492D
:108704001640314301600168184E490603D50168DB
:1087140011403143016001680A4016430660026853
:1087240022401A43026002682A40CEE70768114ECD
:108734000F4203D0016811403143016001684906CA
:1087440004D50768094917403943016001680A40A4
:108754001643066002682A401A43026002682240F7
:10876400B3E7C046808000008F8FFF07C080000001
:10877400BF8FFF0780C000008FBFFF070B784978C9
:108784009B000B4AC018002908D00168094B194006
:1087940010234B4013430360002070470168064BCD
:1087A400194080235B014B401A430260F4E7C04642
:1087B40080800000BF8FFF078FBFFF070B784A78C8
:1087C4009B00C0180368002A14D05B0605D5026814
:1087D4000F4B1A400F4B13430360CB78012B07D088
:1087E4000D4A0368134020225A400C4B1343036084
:1087F400002070475B0405D50268054B1A40084BFE
:1088040013430360074A03681340C0229201EBE755
:108814008F8FFF07C0800000BF8FFF07808000009C
:1088240080C000008FBFFF07002901D18023C364EB
:10883400002070478023826D1B0213438365002050
:108844007047406C70470000F7B50324D81C2340E0
:108854001C00651EAC418008001B144C80001219DA
:108864000C0001920F18BC420FD1002B0CD0002435
:1088740025000918665CE700BE4001343543A6B202
:10888400B342F7D112181560F7BD2578AC46664699
:1088940065782D023543A67836042E43E5780434F2
:1088A4002D063543019E20C60196DCE70098004062
:1088B400F0B54A7806000C000B7B85B0012A00D085
:1088C4000DE10F698D69BD4200D93D0062690192D5
:1088D400002B1ED1ABB2E28830000199FFF7B4FF40
:1088E4002378A34ADB009B181A682D0492B21A60FD
:1088F4001A6815431D6023789E4A9B00F318196873
:10890400114030224A409C490A431A60002005B0B5
:10891400F0BD20789649C2005218E1788000236A9D
:108924003018022900D0C3E09F4200D3B0E00768AA
:10893400924B29041F40924B03913B430360236AEB
:108944005B1B2362036840209C46614603400293FC
:10895400019B5F19ABB201424ED05068290480B22A
:108964005060506808435060628901993000FFF7F5
:108974006BFF236A2169002267618B4201D95A1B6C
:108984002B0022626278002A2AD122787849D20008
:1089940052181168890189091160002B0BD18021BB
:1089A400106809060143116022899BB23900300026
:1089B400FFF74AFF9FE73E2B06D801215D081940C7
:1089C400491910688906EDE71F201840454268419F
:1089D4005909091A10688906014380200006E1E755
:1089E400012AE1D122786249D2005218116889B271
:1089F400116010681904D5E71068290480B210606A
:108A0400106808431060228930000199FFF71CFFA9
:108A1400236A22696761934202D95B1B02932B008C
:108A2400029A22626278002A26D122785049D20022
:108A340052185168890189095160002B07D180219E
:108A4400506809060143516062899BB2AEE73E2B30
:108A540006D801215D081940491950688906F1E7D3
:108A64001F201840454268415909091A506889066F
:108A7400014380200006E5E7012AE5D122783C493C
:108A8400D2005218516889B2516050681904D9E76C
:108A940005683C4F38493D400D430560106880B27D
:108AA400106015681804284310609BB222890DE0F9
:108AB4005B1B23620068ABB22F04400608D55068E4
:108AC40080B25060506838435060628901996EE703
:108AD400106880B2106015683D431560E6E7002B0E
:108AE40026D10B788A699B00C318002A1BD1CA7847
:108AF400002A18D1214A19681140214A0A431A60F0
:108B0400A3692269934231D99B1AA36123781E4A2F
:108B14009B00F61833681340C02292015A40164B4A
:108B240013433360F2E6174A19681140124AE5E725
:108B3400CB78022B16D1CB69002BE7D040220B78DF
:108B44009B00C31819680A40490408D5002ADDD0DF
:108B540019680A4A11400D4A0A431A60D6E7002AE6
:108B6400D4D1F5E70120012B00D0D0E60023CCE7D7
:108B740000980040BF8FFF07808000008F8FFF07A1
:108B8400808100008F8EFF078FBFFF07C080000029
:108B9400F7B50324D81C2340134C800812191C0079
:108BA400651EAC41001B0C00800001920F18BC42F2
:108BB4000ED1002B0BD012181468002209182500BE
:108BC400D000C5405554013290B28342F7D1F7BD6D
:108BD400019E20CE01962E0A257066702E0C2D0E55
:108BE400A670E5700434E2E70098004010B506F082
:108BF40007F906F085F810BD10B506F003F910BDAD
:108C0400704710B50400042113F050F8200010BD83
:108C140010B5012908D002290AD00020814202D1CE
:108C240003F0B6FA006810BD03F0B2FA4068FAE740
:108C340003F0AEFA8068F6E7002337B504000800B5
:108C4400994209D06A460193D370236820009D6835
:108C54006B4601AA0333A8473EBDC0897047008A0A
:108C64007047C088704780887047807A4006400EFD
:108C74007047807AC0097047002070470020704711
:108C8400704710B50400082113F010F8200010BD3F
:108C94007047000030B5164D8FB0280013F00AF865
:108CA400144C002820D030200A9013480023099047
:108CB40012480D93089001200C930B93079306938D
:108CC4000593039302930E33019303330C4A0D4926
:108CD400049000932000353300F0CEF80A4813F0D6
:108CE4001BF8280012F0F3FF20000FB030BDC0467F
:108CF400041000200810002008FA010814FA0108E2
:108D040028FA0108A4410690958C000870470000D9
:108D140030B5164D8FB0280012F0CCFF144C00284B
:108D240020D030200A9013480023099012480D9354
:108D3400089001200C930B930793059303930293DC
:108D44002033019306330D4A0D4906900490009395
:108D54002000203300F090F80A4812F0DDFF2800CC
:108D640012F0B5FF20000FB030BDC046381000200F
:108D74003C1000200CFA0108B4FA0108C8FA0108F2
:108D840078450690118D00087047000030B5164DE7
:108D94008FB0280012F08EFF144C002820D0302011
:108DA4000A9013480023099012480D93089001205B
:108DB4000C930B93079306930593039302930F333A
:108DC400019303330C4A0D49049000932000363379
:108DD40000F052F80A4812F09FFF280012F077FFC3
:108DE40020000FB030BDC0466C1000207010002071
:108DF40010FA010854FB010868FB01084C4906906D
:108E04008D8D0008806A7047C06A70478B8810B5E2
:108E1400DB0A9A00006A4B880C8810581B04234311
:108E2400C01810BD030030B5101E12D0147B201ED4
:108E34000FD0E025507BED00D27A00022840024397
:108E440020005B6A92009B181A888A4202D1022091
:108E5400185630BD8A4205D8013880B20433002840
:108E6400F2D1F6E70020F4E7704710B50400302192
:108E740012F01CFF200010BDF0B587B004920CAABC
:108E840012880593944663460DAA17880EAAC780D4
:108E94007F271278838000920FAA1278009B019298
:108EA40010AA12780372029211AA167812AA1278E2
:108EB400019B039213AA1578437216AA029B148885
:108EC40017AA1F401288039BF6013E43C3728672A1
:108ED4000573C4810282084A059B02600383049BD4
:108EE4004161C361149B0362159B4362189B8362B7
:108EF400199BC36207B0F0BD64E9010870B5C46989
:108F0400038B2088013B081A0FD498420ADD5A00CB
:108F1400105B401A181A834207DB002802DAD80FC4
:108F2400C018401000229A4202DD0120404270BD68
:108F34004500665B8E42FAD010D9431E9A42F4DC97
:108F44006519023D2888401A181A8342EDDB8242D3
:108F5400E9DD9D18E80F40194010E4E7421C9342F4
:108F6400E3DB65196888081A80188242DDDC8342D5
:108F7400D9DAEEE7F7B5040016000193FFF7BEFF58
:108F8400010000204B1C19D00D4B1868002815D087
:108F94000E23594362690B4D51180268D7682A00A1
:108FA400B84723682900DB6D2000984723683060A8
:108FB400DB6B20009847019B18702800FEBDC0465B
:108FC40000100020A01000207047704710B5313009
:108FD4000822FF3013F045F910BD70477047416017
:108FE400704770477047000003004533044AFF335D
:108FF4005860FC3002650022436442657047C046F5
:109004008D9900080123037270477047C268836812
:109014004068511010B54018D20701D50268D358E2
:10902400984710BD42680300101E05D09A680120BD
:10903400002A01D1DB681840704710B504000C21E8
:1090440012F034FE200010BD10B50400102112F0FF
:109054002DFE200010BDAE2110B50400490012F011
:1090640025FE200010BD10B50CF034FD0368DB6B49
:10907400984710BDFC3010B50400406C00280AD09D
:109084000368DB689847002805D0606C03689B6818
:1090940098470023636410BDF8B504000E00170060
:1090A4000CF0EEFD23000025A2210D4AFC331460D0
:1090B4000C4A1D645D6422600B4A490062506218C8
:1090C4009560D56055609F65DE65084B290018687A
:1090D40003689B689847280003F00CF82000F8BD4B
:1090E40070530020E4E90108CCE901082053002072
:1090F40003004533044AFF335860FC300265002204
:10910400436442657047C0468D99000803004533A7
:10911400044AFF335860FC30026500224364426510
:109124007047C0464198000803004533044AFF33A2
:109134005860FC3002650022436442657047C046B3
:10914400F596000803004533044AFF335860FC30A9
:1091540002650022436442657047C046A995000831
:1091640003004533044AFF335860FC300265002293
:10917400436442657047C0465D940008030045336C
:10918400044AFF335860FC300265002243644265A0
:109194007047C0461193000803004533044AFF3367
:1091A4005860FC3002650022436442657047C04643
:1091B400C591000810B503685B6A984710BD0000AC
:1091C400F0B5FC30866DC36D0700B06885B00393BD
:1091D40003681B6A9847444B984205D8A321434B24
:1091E400434A444812F07AFD706803681B6A984742
:1091F4000F2804D8A421404B3D4A3E48F2E7F068CA
:1092040003681B6A98470B2804D8A5213B4B384AAE
:109214003848E7E70CF05EFC04300CF080FC384B77
:1092240018680193002802D00368DB689847019B03
:109234001868002802D003681B689847314B1868E7
:109244000293002802D003685B699847386C0028B1
:1092540002D003685B689847029B1868002802D014
:1092640003681B689847386C002802D003689B6821
:1092740098470021F068FFF79DFF002343600372C5
:10928400214B04000360B068002103685B6A9847BF
:10929400050003F06DFD7068002103685B6A984760
:1092A4000600290003F042FD019B039A1C60029B07
:1092B4003E641D60331D13602B68B2602800DB68B8
:1092C400EE639847336830001B68984721002800F4
:1092D4000EF06EFA236820001B699847236820006B
:1092E4005B69984705B0F0BD3B0B000088D10108CD
:1092F40016D20108F6D201083AD30108DDD30108D9
:10930400685300206C53002038EA0108F0B5FC30A3
:10931400866DC36D0700B06885B0039303681B6A4C
:109324009847C0235B00984205D2A321424B434A8D
:10933400434812F0D3FC706803681B6A98470F28EF
:1093440004D8A4213F4B3D4A3D48F2E7F068036846
:109354001B6A98470B2804D8A5213B4B374A384849
:10936400E7E70CF0B7FB04300CF0D9FB374B186877
:109374000193002802D00368DB689847019B1868B2
:10938400002802D003681B689847314B1868029381
:10939400002802D003685B699847386C002802D023
:1093A40003685B689847029B1868002802D003682A
:1093B4001B689847386C002802D003689B6898475C
:1093C4000021F068FFF7F6FE002343600372214B8F
:1093D40004000360B068002103685B6A98470500D5
:1093E40005F0A4F87068002103685B6A98470600DA
:1093F400290005F077F8019B039A1C60029B3E64E8
:109404001D60331D13602B68B2602800DB68EE63B7
:109414009847336830001B689847210028000EF0F5
:10942400C7F9236820001B699847236820005B69FB
:10943400984705B0F0BDC04688D1010880D4010822
:10944400F6D201083AD30108DDD30108685300209D
:109454006C53002038EA0108F0B5FC30866DC36D0A
:109464000700B06885B0039303681B6A9847F42328
:109474005B01984205D2A321424B434A434812F070
:109484002DFC706803681B6A98470F2804D8A42130
:109494003F4B3D4A3D48F2E7F06803681B6A984732
:1094A4000B2804D8A5213B4B374A3848E7E70CF092
:1094B40011FB04300CF033FB374B18680193002880
:1094C40002D00368DB689847019B1868002802D023
:1094D40003681B689847314B18680293002802D030
:1094E40003685B699847386C002802D003685B689E
:1094F4009847029B1868002802D003681B689847A5
:10950400386C002802D003689B6898470021F068F3
:10951400FFF750FE002343600372214B04000360F5
:10952400B068002103685B6A9847050004F022FDD7
:109534007068002103685B6A98470600290004F0FC
:10954400BDFC019B039A1C60029B3E641D60331D9D
:1095540013602B68B2602800DB68EE6398473368B9
:1095640030001B689847210028000EF021F9236879
:1095740020001B699847236820005B69984705B061
:10958400F0BDC04688D101085ED50108F6D20108B5
:109594003AD30108DDD30108685300206C5300203E
:1095A40038EA0108F0B5FC30866DC36D0700B06879
:1095B40085B0039303681B6A9847444B984205D8C7
:1095C400A321434B434A444812F088FB7068036864
:1095D4001B6A98470F2804D8A421404B3D4A3E48B3
:1095E400F2E7F06803681B6A98470B2804D8A521A2
:1095F4003B4B384A3848E7E70CF06CFA04300CF07F
:109604008EFA384B18680193002802D00368DB688F
:109614009847019B1868002802D003681B68984784
:10962400314B18680293002802D003685B6998479D
:10963400386C002802D003685B689847029B18685E
:10964400002802D003681B689847386C002802D0B1
:1096540003689B6898470021F068FFF7ABFD00237F
:1096640043600372214B04000360B0680021036867
:109674005B6A9847050004F029FE706800210368BE
:109684005B6A98470600290004F0FCFD019B039ADD
:109694001C60029B3E641D60331D13602B68B26026
:1096A4002800DB68EE639847336830001B689847EE
:1096B400210028000EF07CF8236820001B699847DD
:1096C400236820005B69984705B0F0BDF3170000DC
:1096D40088D101083AD60108F6D201083AD3010824
:1096E400DDD30108685300206C53002038EA0108D8
:1096F400F0B5FC30866DC36D0700B06885B0039388
:1097040003681B6A9847C4235B01984205D2A321CE
:10971400424B434A434812F0E1FA706803681B6AFB
:1097240098470F2804D8A4213F4B3D4A3D48F2E70F
:10973400F06803681B6A98470B2804D8A5213B4BA3
:10974400374A3848E7E70CF0C5F904300CF0E7F97C
:10975400374B18680193002802D00368DB689847E8
:10976400019B1868002802D003681B689847314B96
:1097740018680293002802D003685B699847386C24
:10978400002802D003685B689847029B1868002889
:1097940002D003681B689847386C002802D003681D
:1097A4009B6898470021F068FFF704FD002343609D
:1097B4000372214B04000360B068002103685B6AF4
:1097C4009847050002F06CFE7068002103685B6A2C
:1097D40098470600290002F029FE019B039A1C60A9
:1097E400029B3E641D60331D13602B68B260280029
:1097F400DB68EE639847336830001B6898472100A4
:1098040028000DF0D5FF236820001B6998472368C2
:1098140020005B69984705B0F0BDC04688D10108B7
:1098240012D70108F6D201083AD30108DDD30108A2
:10983400685300206C53002038EA0108F0B5FC306E
:10984400866DC36D0700B06885B0039303681B6A17
:109854009847BF239B00984205D2A321424B434A19
:10986400434812F03BFA706803681B6A98470F2854
:1098740004D8A4213F4B3D4A3D48F2E7F068036811
:109884001B6A98470B2804D8A5213B4B374A384814
:10989400E7E70CF01FF904300CF041F9374B186876
:1098A4000193002802D00368DB689847019B18687D
:1098B400002802D003681B689847314B186802934C
:1098C400002802D003685B699847386C002802D0EE
:1098D40003685B689847029B1868002802D00368F5
:1098E4001B689847386C002802D003689B68984727
:1098F4000021F068FFF75EFC002343600372214BF4
:1099040004000360B068002103685B6A984705009F
:1099140004F086F97068002103685B6A98470600C2
:10992400290004F059F9019B039A1C60029B3E64D0
:109934001D60331D13602B68B2602800DB68EE6382
:109944009847336830001B689847210028000DF0C1
:109954002FFF236820001B699847236820005B6958
:10996400984705B0F0BDC04688D10108F0D701087A
:10997400F6D201083AD30108DDD301086853002068
:109984006C53002038EA0108F0B5FC30866DC36DD5
:109994000700B06885B0039303681B6A9847444B7B
:1099A400984205D8A321434B434A444812F096F900
:1099B400706803681B6A98470F2804D8A421404B99
:1099C4003D4A3E48F2E7F06803681B6A98470B2853
:1099D40004D8A5213B4B384A3848E7E70CF07AF81D
:1099E40004300CF09CF8384B18680193002802D01E
:1099F4000368DB689847019B1868002802D0036855
:109A04001B689847314B18680293002802D00368FA
:109A14005B699847386C002802D003685B689847F4
:109A2400029B1868002802D003681B689847386CAA
:109A3400002802D003689B6898470021F068FFF76C
:109A4400B9FB002343600372214B04000360B06838
:109A5400002103685B6A9847050002F0F1FE706814
:109A6400002103685B6A98470600290002F0C4FEDF
:109A7400019B039A1C60029B3E641D60331D1360AE
:109A84002B68B2602800DB68EE63984733683000C7
:109A94001B689847210028000DF08AFE23682000E7
:109AA4001B699847236820005B69984705B0F0BD9F
:109AB4004F19000088D10108CCD80108F6D201085A
:109AC4003AD30108DDD30108685300206C53002009
:109AD40038EA01080020704781807047C1807047D0
:109AE40001817047418170477047704770477047E4
:109AF4007047C38810B5D21A838812B2C91A036892
:109B040009B25B6D984710BD01235B4283810362F8
:109B14001368C3611060704770477047704770479F
:109B2400704730B5040085B003686D460833DB6FB9
:109B340001810100684698473C340DCD0DC405B041
:109B440030BD30B5040085B003686D460833DB6F63
:109B540041810100684698473C340DCD0DC405B0E1
:109B640030BD0023038043808380C3807047363038
:109B74000170704770B50400150003681B6B9847AB
:109B84002368290020005B6E984770BD0020704751
:109B9400806C7047002070478B8883800120704759
:109BA40070477047704710B504004C2112F07EF8DE
:109BB400200010BD10B50400024B03600AF05EF8EB
:109BC400200010BD74EB0108064B10B503600400BF
:109BD4000AF054F8C4212000490112F067F820006B
:109BE40010BDC04674EB010810B5831DDB7F002B4C
:109BF40002D003685B69984710BD10B5FFF7F4FF06
:109C040010BD821DD27F002A04D0421DD27F002ABB
:109C140000D0186070470000036870B55E6B124B8B
:109C240005001A688CB2002A05D16C210F4B104A2A
:109C3400104812F053F81049838D0988994204D8CA
:109C44006D210E4B0A4A0B48F3E75B009B5C0C4A00
:109C54009B001268985803681B6B9847211A09B235
:109C64002800B04770BDC04680530020A4D9010825
:109C7400E6D9010821DA01087453002065DA0108E5
:109C84007853002010B5582904D10BF023FFFFF7B7
:109C940059FA10BD5929FCD10BF01CFFFFF77CFACF
:109CA400F7E7012200235242036042608360704759
:109CB40070B50400150003681B6B984723682900DE
:109CC40020005B6B984770BD70B504001D0004ABA9
:109CD40000269E5FFFF7ECFF2368290020009B6BA2
:109CE4009847236831002000DB6B984770BD000063
:109CF400002343608360C360036143618361C36184
:109D040003620133FF338384014B03607047C04611
:109D14005CEA010810B504002622002112F004FABE
:109D24002000FFF7E5FFFF22034B20002360E31D23
:109D3400DA770023A36210BD14F7010810B50400FC
:109D44002622002112F0F0F92000FFF7D1FF094B81
:109D540001222360084BFF21A3620023524209041D
:109D64002000A285236361632387E3632264636421
:109D740010BDC04684F6010854E9010810B504007A
:109D8400FFF7DCFF024B200023600023A36410BD17
:109D9400C4EA0108002370B58380144E144B0500F7
:109DA400036033681A005C321278002A02D0186DFE
:109DB400002800D1986803681B6B984743425841B8
:109DC4003368C4B2186D002805D003681B6B98472C
:109DD400434258410443002C05D12C21054B064A2B
:109DE400064811F07BFF280070BDC04620530020B8
:109DF40054EB0108A3DA010801DB01083ADB01088E
:109E0400F0B50400A1B00DF045FB00232100E3638D
:109E1400804B40312360080009912700FFF77AFF47
:109E240001216C3718A849422622018300213800F9
:109E340012F07AF93800FFF75BFF774B18A8E36656
:109E4400038BFF20FB842300260025009433187025
:109E54001EA801009836380008F0BAFFE435300037
:109E6400FFF78CFF2800FFF789FF20003130FF3017
:109E74000590FFF763FF20007930FF300290FFF771
:109E84007DFF2000C530FF300390FFF777FF84206B
:109E9400800020180490FFF771FF9720800020189D
:109EA4000690FFF76BFFAA20800020180890FFF7A8
:109EB40065FFBD2080002018079008F005F8D92020
:109EC400800020181990FFF765FFDC2300229B0017
:109ED400E250D922514B9200A3501998504B836001
:109EE400DE20800020180D90FFF714FFE920800089
:109EF40020180E90FFF70EFFF420800020180F901A
:109F0400FFF708FFFF20800020181090FFF702FFE2
:109F14008520C00020181190FFF7FCFE414820184E
:109F24001290FFF7F7FE9020C00020181390FFF75F
:109F3400F1FE3D4820181490FFF7ECFE9B20C00072
:109F440020181590FFF7E6FE384820181690FFF702
:109F5400E1FEA620C00020181790FFF7DBFE34486E
:109F640020181890FFF7D6FEB8209621C0002018BC
:109F7400490109F079FE0022AA23110009980093EF
:109F84009633FFF7A1FEFF231B06A366201D099944
:109F94000A9006F0C2FA002238001100FFF788FE8A
:109FA400012318A803831EA80100380008F010FF3D
:109FB4003900201D06F0B1FA912217213000FFF775
:109FC40077FE01210022336849420833DB6F316395
:109FD400B28631001AA8984723001AAAD43383CA38
:109FE40083C3B123134FDB00E3180A933B68002BB0
:109FF40005D16021104B114A114811F06FFE114B2D
:10A0040009931B882B2B21D861210F4B0B4A0C4839
:10A01400F3E7C04674EB0108E4F70108C0F4010853
:10A02400E4F4010854040000AC040000040500003A
:10A034005C05000080530020A4D9010899DB0108C5
:10A0440021DA01087453002065DA0108F44B2B214E
:10A0540018680B9302F08CF8F24A030004210A9862
:10A064000C920EF014FF0A9B3000B36408F0CCFC91
:10A07400ED4B18AA1E930A932E23300093831EA936
:10A0840008F0E2FC3100201D06F047FA0722E62121
:10A094002800FFF70DFE012300265B422B632B688B
:10A0A400AE8608332900DB6F1AA8984722002132B4
:10A0B400FF3213001AAA43CA43C3B2223B68D20038
:10A0C400A618002B95D0099A1388242B9CD90B9A97
:10A0D4002421106802F04CF8042103000C9A30008B
:10A0E4000EF0D5FE2800AE6408F08EFC25230A9AF3
:10A0F40028001E9218AA93831EA908F0A5FC290023
:10A10400201D06F00AFA07220A210598FFF7D0FD60
:10A1140001230026059A5B42110013631AA8968650
:10A1240008F0BCF922006D32FF3213001AAA23CAC8
:10A1340023C326210A9A05981E9218AA91831EA960
:10A1440008F082FC0599201D06F0E7F991224921C7
:10A154000298FFF7ADFD0123029A5B4213637A3341
:10A16400FF33E35811000833DB6F96861AA898472B
:10A174002200B532FF3213001AAA23CA23C3B32222
:10A184003B68D200A518B34200D132E7099A13887C
:10A194002C2B00D838E70B9A2C21106801F0E8FF2B
:10A1A400042103000C9A28000EF071FE029A9564B3
:10A1B400100008F029FC32230A9A02981E9218AA69
:10A1C40093831EA908F040FC0299201D06F0A5F90E
:10A1D40091227B210398FFF76BFD0123039A5B42D5
:10A1E4001363C633FF33E35811000833DB6F9686DD
:10A1F4001AA8984780229200A3181AAA23CA23C334
:10A20400B4223B68D200A518B34200D1F1E6099A02
:10A2140013882A2B00D8F7E60B9A2A21106801F03C
:10A22400A7FF042103000C9A28000EF030FE039AC5
:10A234009564100008F0E8FB2D230A9A03981E92F7
:10A2440018AA93831EA908F0FFFB0399201D06F0AA
:10A2540064F99122AD210498FFF72AFD0123049AA1
:10A264005B42136384239B00E35811000833DB6FC4
:10A2740096861AA8984793229200A3181AAA23CA6A
:10A2840023C3B5223B68D200A518B34200D1B0E67F
:10A29400099A1388292B00D8B6E6614F292138681A
:10A2A40001F066FF5F4A03000421280002920EF0C9
:10A2B400EEFD84229200A3189D64049808F0A4FB88
:10A2C4003123594A04981E92039218AA93831EA913
:10A2D40008F0BAFB0499201D06F01FF99122DF2132
:10A2E4000698FFF7E5FC972201239200A5185B422C
:10A2F4002B63A358AE8608331AAE3000DB6F069981
:10A30400984706983C30030007CE07C3B620474E53
:10A31400C000336820180490002B00D169E644483B
:10A3240003880590282B00D86EE62821386801F0B0
:10A334001FFF029A0300042104980EF0A8FD04985C
:10A34400A864069808F060FB302303981E9018A8B0
:10A3540083831EA80100069808F076FB0699201D49
:10A3640006F0DBF8122191220898FF31FFF7A0FCD8
:10A37400AA200121B92300228000251849429B000C
:10A384002963AA86E2500433E150B723DB00E318C3
:10A39400049333686A64934200D12AE6059B1B88C0
:10A3A400272B00D830E62831386801F0E1FE04217B
:10A3B4000300029A04980EF06AFD049B0898AB64AB
:10A3C40008F022FB039B18AA1E932F23089893835B
:10A3D4001EA908F039FB0899201D06F09EF80223F7
:10A3E40000932B331E220A210798FF33FFF76CFCDE
:10A3F400DC23104E9B00E6500F4A0C3BE3181A82F4
:10A40400BD2320229B00E518199B1100AB6207981D
:10A4140007F096FE95212022079889010EE0C04698
:10A424007C530020E4DB010854E901088053002038
:10A43400745300202141E6FF04E2FFFF07F08CFE85
:10A44400CC239B00E358402B04D040230798EB63B4
:10A4540007F05CFD64270798002107F089FE07993F
:10A46400201D06F05AF80D98142325221721009771
:10A47400FFF72AFCDE233225594A9B00E3180D9985
:10A484009A62201D06F049F857220E9814231721CA
:10A494000095FFF719FCE9239B00E3180E999E62CF
:10A4A400201D06F03AF80F9814232522492100971D
:10A4B400FFF70AFCF4234A4A9B00E3180F999A62B7
:10A4C400201D06F02AF857221098142349210095DC
:10A4D400FFF7FAFBFF239B00E31810999E62201DEF
:10A4E40006F01BF81198142325227B210097FFF70F
:10A4F400EBFB85233A4ADB00E31811999A62201D8D
:10A5040006F00BF85722129814237B210095FFF7CD
:10A51400DBFB344B1299E3189E62201D05F0FDFF0E
:10A52400139814232522AD210097FFF7CDFB902328
:10A534002B4ADB00E31813999A62201D05F0EDFF06
:10A54400572214981423AD210095FFF7BDFB264B29
:10A554001499E3189E62201D05F0DFFF159814235B
:10A564002522DF210097FFF7AFFB9B231C4ADB006A
:10A57400E31815999A62201D05F0CFFF572216980B
:10A584001423DF210095FFF79FFB184B1699E3185E
:10A594009E62201D05F0C1FF122117981423252265
:10A5A4000097FF31FFF790FBA6230D4ADB00E31869
:10A5B40017999A62201D05F0B0FF122157221898AE
:10A5C40014230095FF31FFF77FFB094B201DE3188F
:10A5D40018999E6205F0A1FF200021B0F0BDC0468D
:10A5E400504B47FF54040000AC0400000405000075
:10A5F4005C050000806C7047C06C70477047704702
:10A6040010B50400502111F051FB200010BD0000D2
:10A6140010B50400024B036009F030FB200010BDAC
:10A6240038EC010810B50400044B036009F026FB64
:10A634002000034911F03AFB200010BD38EC01085A
:10A644005019000070B5114D0400435901334351B2
:10A65400052B15D12300C0331B789830FF2B0DD167
:10A66400230022009E33D97FCA32002909D0002159
:10A67400D97701232C30D3770CF042FC00236351AB
:10A6840070BDD1770122DA77F6E7C0464C19000095
:10A6940010B5582904D10BF01DFAFEF737FD10BD93
:10A6A4005929FCD10BF016FAFEF776FDF7E7000006
:10A6B40070B504000D002622002111F035FD2000A4
:10A6C400FFF716FB064BFF2223602B882900E38447
:10A6D4002300283320001A7008F07AFB200070BD94
:10A6E400E4F70108F0B50400A5B00CF0D3FEBC4BB0
:10A6F40000262360230040331800E6630D93FFF720
:10A7040009FB230001256C336D4208931CAB1D83A8
:10A7140022A90898FFF7CCFF2300983309931CABB8
:10A724001D8322A90998FFF7C3FF2300C4330A93AA
:10A734001CAB22A91D830A98FFF7BAFF2300F0334C
:10A744001D001800FFF7E6FAA64B27002B60230034
:10A75400FC331E6223002533FF33713718002E8625
:10A76400FF370293FFF70AFB3800FFF7E7FAB82236
:10A774009D4B5200A3502300C133FF331800BE6425
:10A78400FE64039307F0A0FB8C239B00E3181800DE
:10A794000C93FFF7FFFA8F239B00E650934E0C3B7C
:10A7A400E650934B059305990C9B996091239B006C
:10A7B400E3181800049307F087FBAD239B00E3180C
:10A7C40018001C93FFF7E6FAB02300229B00E25026
:10A7D4000C3B0599E6501C9BFF269960B2239B0015
:10A7E400E31818000593FFF7C9FAC5239B00E31883
:10A7F40018000693FFF7A2FAD7239B00E31818006A
:10A804000B93FFF7BBFAEA239B00E31818000793A6
:10A81400FFF7B4FAFD239B00E31818000E93FFF72B
:10A8240079FA8423DB00E31818000F93FFF772FA18
:10A83400704B3606E31818001093FFF76BFA8F235A
:10A84400DB00E31818001193FFF764FA6A4BE3186E
:10A8540018001293FFF75EFA9A23DB00E31818003E
:10A864001393FFF757FA654BE31818001493FFF797
:10A8740051FAA523DB00E31818001593FFF74AFAF1
:10A884005F4BE31818001693FFF744FAB023DB007C
:10A89400E31818001793FFF73DFA5A4BE318180012
:10A8A4001893FFF737FABB23DB00E318180019935A
:10A8B400FFF730FA544BE31818001A93FFF72AFAFB
:10A8C400C623DB00E31818001B93FFF723FA0022CA
:10A8D40096214E4B4901E2504D4BE01809F0C4F962
:10A8E4000022AA2311000D9800939633FFF7ECF988
:10A8F400231D18000D99A6661D9305F00EFE002277
:10A9040008981100FFF7D4F901231CA90B830898B8
:10A9140022A908F05DFA0899201D05F0FEFD2F22FA
:10A92400EF210998FFF7C4F904211CAB1983099896
:10A9340022A908F04DFA0999201D05F0EEFD2F22F9
:10A94400EF210A98FFF7B4F906211CAB19830A9882
:10A9540022A908F03DFA0A99201D05F0DEFD1A230C
:10A9640011222800B6210093A933FFF7ADF9294B32
:10A974002900EB620223AE622B86201D05F0CDFD7B
:10A9840001251422FA210298FFF792F90022029B72
:10A994006D421D639A8692235B00E3580299083343
:10A9A400DB6F1EA8984723006133FF331EAA23CA16
:10A9B40023C3194B194EE3181D003368002B05D12E
:10A9C4006021174B174A184811F088F9174B089360
:10A9D4001B88072B2ED86121154B124A1248F3E726
:10A9E40038EC01087CF70108A8EB0108C0F4010861
:10A9F400E4F401084C040000A4040000FC0400007A
:10AA040054050000AC050000040600004C190000C9
:10AA14008C0600002141E6FF5C0600008053002004
:10AA2400A4D9010899DB010821DA01087453002034
:10AA340065DA0108F34B07211868099301F098FBC4
:10AA4400F14A0300042128000A920EF020FA029B26
:10AA54009D64180007F0D8FFEC4B1CAA22930D93B9
:10AA64001D230298938322A907F0EEFF0299201D6B
:10AA740005F053FD1422BA213800FFF719F9012318
:10AA84005B423B630023BB867133FF33E3583900D9
:10AA94000833DB6F1EA898472300AD33FF331EAA8B
:10AAA40023CA23C3DA4BE3181D003368002B87D075
:10AAB400089B1B88062B8ED9099B0621186801F078
:10AAC40057FB042103000A9A28000EF0E0F9D14B49
:10AAD400BD64E3181D003368002B00D170E7089BA8
:10AAE4001B88052B00D876E7099B0521186801F01F
:10AAF4003FFB042103000A9A28000EF0C8F938002D
:10AB0400FD6407F081FF0D9B1CAA22931E233800CD
:10AB1400938322A907F098FF3900201D05F0FDFC5E
:10AB2400022367220E21039800937733FFF7CCF8B2
:10AB34008F23B94A9B00E250B84D0C9B0C9A1D829E
:10AB4400039B9A6220221800110007F0F9FAF02101
:10AB540020220398090107F0FFFAFE235B00E35863
:10AB6400402B05D04023039A1000D36307F0CEF99D
:10AB74000021039807F0FCFA2300E622C833FF33D0
:10AB8400DA770399201D05F0C8FC02230F220E2159
:10AB9400049800937733FFF797F8B0239E4A9B00FD
:10ABA400E2500C3BE3181D82912320229B00E51800
:10ABB4001C9B1100AB62049807F0C2FAF02120221A
:10ABC4000498090107F0C8FAA0239B00E358402B1E
:10ABD40004D040230498EB6307F098F9002104980B
:10ABE40007F0C6FAE6228E4B0499E318DA77201DA3
:10ABF40005F093FC05228B210598FFF759F8B22341
:10AC04009B00E718B223012200219B00E358524223
:10AC14001EAD08332800DB6F3A63B986059998475F
:10AC24002A00059B3C3343CA43C37E4BE3181E00F2
:10AC34007D4B02931B68002B00D1C1E67B4B039331
:10AC44001B88082B00D8C6E66E4B082118680493AD
:10AC540001F08EFA6C4903000A00300008910321C8
:10AC64000EF015F9BE64059807F0CEFE2223674F57
:10AC74001CA9059822978B8322A907F0E5FE059964
:10AC8400201D05F04AFC5E2293210698FFF710F878
:10AC9400C523012200219B005242E3181A632800B5
:10ACA40099860699160007F0F9FB069B3C3307CDFD
:10ACB40007C321231CA9069822978B8322A907F096
:10ACC400C3FE0699201D05F028FC28237921009352
:10ACD40073225A330B98FEF7F7FFD7239B00E5182E
:10ACE400E62300219B002E63A986E1500433E6503D
:10ACF4004F4B6964E3181E00029B1B688B4200D112
:10AD04005EE6039B1B88232B00D864E6049B233157
:10AD1400186801F02DFA089A0300052130000EF09E
:10AD2400B6F833231CA9AE640B9822978B8322A90F
:10AD340007F08AFE0B99201D05F0EFFB7E22F3211C
:10AD44000798FEF7B5FFEA239B00E5180122F923D3
:10AD5400002152429B002A63A986E1500433E25049
:10AD6400344B6964E618029B1B688B4200D127E6CA
:10AD7400039B1B881F2B00D82DE6049B1F311868EA
:10AD840001F0F6F9089A0300042130000EF07FF870
:10AD94000798AE6407F038FE1C23229750271CAA9C
:10ADA4009383079822A907F04FFE0799201D05F009
:10ADB400B4FB14220E9800970A230F21FEF784FF98
:10ADC400FD231E251C4E9B00E3180E999E62201D38
:10ADD40005F0A3FB0F980A2346220F210095FEF7E6
:10ADE40073FF84230C4ADB00E3180F999A62201D39
:10ADF40005F093FB1422109800970A232321FEF7F1
:10AE040063FF1BE07C530020E4DB010854E90108E4
:10AE1400640600006C0600002141E6FF04E2FFFF27
:10AE24004B0200007406000080530020745300207D
:10AE34007A06000084060000504B47FF574B1099D8
:10AE4400E3189E62201D05F068FB11980A23462230
:10AE540023210095FEF738FF8F23514ADB00E318C6
:10AE640011999A62201D05F058FB1422129800973C
:10AE74000A233721FEF728FF4A4B1299E3189E62F2
:10AE8400201D05F04AFB13980A234622372100951A
:10AE9400FEF71AFF9A23424ADB00E31813999A62D9
:10AEA400201D05F03AFB1422149800970A234B2125
:10AEB400FEF70AFF3C4B1499E3189E62201D05F02F
:10AEC4002CFB15980A2346224B210095FEF7FCFE25
:10AED400A523334ADB00E31815999A62201D05F077
:10AEE4001CFB1422169800970A235F21FEF7ECFE40
:10AEF4002E4B1699E3189E62201D05F00EFB179841
:10AF04000A2346225F210095FEF7DEFEB023244A81
:10AF1400DB00E31817999A62201D05F0FEFA14224B
:10AF2400189800970A237321FEF7CEFE204B189938
:10AF3400E3189E62201D05F0F0FA462219980A23B0
:10AF440073210095FEF7C0FEBB23154FDB00E31809
:10AF540019999F62201D05F0E0FA78221A986E2351
:10AF64000F210095FEF7B0FE124B1A99E3189E626A
:10AF7400201D05F0D2FA78221B9814230F21009586
:10AF8400FEF7A2FEC623DB00E318201D1B999F6277
:10AF940005F0C3FA200025B0F0BDC0464C04000003
:10AFA4002141E6FFA4040000FC0400005405000055
:10AFB400AC05000004060000704770479C2110B5E2
:10AFC4000400490010F072FE200010BDF0B504002A
:10AFD4008DB00CF05FFA6D4B0025236023004033E5
:10AFE400290026221800E563039311F09DF80398C5
:10AFF400FEF77EFE664BFF222364230026004733C0
:10B004006C36DA77A56604AA013D00211583300069
:10B01400262211F089F83000FEF76AFE5D4B04AA7F
:10B02400E366138B0AA9F384230094331D70300064
:10B0340007F0CEFE2200270098321000E4371500F6
:10B04400FEF79CFE3800FEF799FE0022AA231100A9
:10B05400039800939633FEF737FEFF221206A2668A
:10B06400221D10000399049205F057FA00223000C3
:10B074001100FEF71DFE012104AA118330000AA964
:10B0840007F0A6FE3100201D05F047FA12238A219D
:10B0940094222800009349001633FEF715FE3E4B18
:10B0A40029002B630023AB862B6806A80833DB6FCB
:10B0B4009847230006AAD43343CA43C350330393A7
:10B0C400364B04931B68002B05D16021344B354A61
:10B0D400354810F003FE354B05931B88012B04D82B
:10B0E4006121334B2F4A3048F3E7324E0121306857
:10B0F40001F03EF8042103002F4A03980DF0C7FE27
:10B10400039B04AAAB642D4B28000A9303930423E6
:10B114000AA9938307F098FC2900201D05F0FDF986
:10B124001D22F7213800FEF7C3FDFF231B063B63F6
:10B134000023BB863B6839000833DB6F06A89847B9
:10B1440023002133FF3306AA23CA23C3049B1B68AD
:10B15400002BBAD0059B1B88032BC1D9032130686F
:10B1640001F006F8B864380007F04EFC039B04AA0B
:10B174000A930223380093830AA907F065FC201D73
:10B18400390005F0CAF920000DB0F0BD6CEC0108DF
:10B1940014F70108E4F70108323232FF805300202B
:10B1A400A4D9010899DB010821DA010874530020AD
:10B1B40065DA01087C530020E4DB010854E9010846
:10B1C40070477047BF2110B50400890010F06EFD70
:10B1D400200010BD10B5582904D10AF07BFCFDF7FE
:10B1E400A3FF10BD5929FCD10AF074FCFDF7D4FF6C
:10B1F400F7E70000F0B5040095B00CF04BF900231C
:10B204002200E363D54B40322360100007922600EE
:10B21400FEF780FD01226C3612AF5242002130004D
:10B224003A80273210F080FF3000FEF761FD2100E4
:10B23400CB4B9431E3663B882500F3840B00FF215C
:10B24400983519703000390007F0C2FD2800FEF768
:10B2540095FD2100E43108000391FEF78FFD2100E4
:10B264003131FF3108000591FEF788FD21007D3161
:10B27400FF3108000691FEF761FD2100C531FF3161
:10B2840008000491FEF77AFD842189006118080002
:10B294000891FEF73FFD8F2189006118080009918C
:10B2A400FEF738FD0022AA23110007980093963375
:10B2B400FEF70AFDFF23211D1B06A3660A91201D2C
:10B2C400079905F02AF9002230001100FEF7F0FC7E
:10B2D400012330003B80390007F07AFD3100201D46
:10B2E40005F01BF9122164237E22280000915C31B1
:10B2F400FEF7EAFC00230122AB862B685242083396
:10B304002900DB6F2A630EA8984723000EAAD433C2
:10B3140043CA43C39A239B00E618924B0A931B68C3
:10B32400002B05D16021904B904A914810F0D6FC37
:10B33400904B0B931B88112B04D861218E4B8B4AA5
:10B344008B48F3E78D4B112118680C9300F010FF24
:10B354008B4A0300202130000D920DF098FD894B9B
:10B36400AE641293079312231E002800BB80390099
:10B3740007F06AFB2900201D05F0CFF83300902266
:10B384006E21039800965233FEF79EFC0123039826
:10B394005B420363002383861E00036801000833B5
:10B3A400DB6F0EA8984720002130FF3003000EAA5F
:10B3B40023CA23C3AA20800025180A980368B3422D
:10B3C400B0D00B9803880F2BB7D90C980F210068C5
:10B3D40000F0CEFE0D9A0300182128000DF057FD51
:10B3E400079B0398129310238564BB80390007F0F0
:10B3F4002BFB0399201D05F090F8122150236C2299
:10B40400059800916631FEF75FFC33000122313369
:10B41400FF33E358059852420833010002638686DD
:10B42400DB6F0EA8984720006D30FF3003000EAA92
:10B4340023CA23C3B6230E2505989B00E652E318BE
:10B444008364079B39001293BD8007F0FDFA0599C8
:10B45400201D05F062F8532276210698FEF728FC99
:10B464000121069849420163868601000EA807F06F
:10B4740015F82300B933FF330EAA43CA43C3079B0D
:10B48400390012930D230698BB8007F0DDFA069964
:10B49400201D05F042F82A006E210498FEF708FCEE
:10B4A400E223012100225B00E35804984942083357
:10B4B400016382860100DB6F0EA8984780239B00FE
:10B4C400E3180EAA23CA23C3BC239B00E5180A9BD6
:10B4D4001B68002B00D125E70B9B1B88092B00D888
:10B4E4002BE70C9B0921186800F042FE0D9A03001B
:10B4F400052128000DF0CBFC049B18009D6407F087
:10B5040083FA079B142512930C233900BB800498FB
:10B5140007F09AFA0499201D04F0FFFF0898C82345
:10B5240037223C210095FEF7CFFB089A164B1100F9
:10B534009362201D04F0F1FF0998322337223C2145
:10B544000095FEF7C1FB099A104B201D1100936270
:10B5540004F0E3FF200015B0F0BDC046A0EC0108E4
:10B56400E4F7010880530020A4D9010899DB0108FD
:10B5740021DA01087453002065DA01087C530020A5
:10B58400E4DB010854E90108504B47FF2141E6FF81
:10B594007047000010B50400024B036008F06EFB16
:10B5A400200010BDD4EC010810B50400044B036066
:10B5B40008F064FB2000034910F078FB200010BD64
:10B5C400D4EC01082414000010B5582904D10AF061
:10B5D40081FAFDF78DFD10BD5929FCD10AF07AFAE4
:10B5E400FDF7DAFDF7E70000F0B504008FB00BF0CB
:10B5F40051FF714B0025236023004033262229008C
:10B604001800E563069310F08FFD0698FEF770FBB3
:10B614006A4BFF22236423004733DA772533013A48
:10B624000493FF3A06AB1A83290027320498A566CF
:10B6340010F07AFD0498FEF75BFB614B0499E36616
:10B6440006AB1B8B2600CB842300FF219433983652
:10B65400197004980CA907F0BBFB300006F034FC09
:10B6640023000933FF33180005932700FEF792FBEC
:10B674008422544BFC3752000599BD61A350524BB0
:10B68400E23A8B6023001D33FF3329001800039333
:10B6940010F04AFD0398FEF72BFB8E224B4B520011
:10B6A400A3504B4B2832A350A318463AFF3A9A8032
:10B6B400FF231B047B65AA235B003D65E552230041
:10B6C400200096215933FF3365303A66FD65FF301B
:10B6D4009D60490108F0C8FAAA232A0029000698A7
:10B6E40000939633FEF7F0FAFF231B06A366231D8F
:10B6F40018000699079304F010FF2A002900049803
:10B70400FEF7D6FA012306AA138304980CA907F0BE
:10B714005FFB0499201D04F000FF022300932B33E8
:10B724001E220A213000FF33FEF7CEFA294B059A78
:10B73400BB61294B30001382B2622022110006F053
:10B74400FFFC952120223000890106F005FD23002D
:10B75400D4331B68402B04D040233000F36306F03D
:10B76400D5FB3000002106F003FD3100201D04F05C
:10B77400D4FE039807220A21FEF79AFA0123002730
:10B78400039A5B4208AD110013639786280006F004
:10B7940085FE039B3C3307CD07C30D4B03980C93E5
:10B7A40006AB9F830CA907F04FF9201D039904F001
:10B7B400B4FE20000FB0F0BDD4EC010814F701086A
:10B7C400E4F70108C0F40108E4F4010884F6010870
:10B7D40054E901082141E6FF04E2FFFF704700003D
:10B7E40010B50400024B036008F048FA200010BDB5
:10B7F40008ED010810B50400044B036008F03EFA9C
:10B804002000034910F052FA200010BD08ED010891
:10B81400F417000010B5582904D10AF05BF9FDF7BC
:10B824009FFC10BD5929FCD10AF054F9FDF7B4FC72
:10B83400F7E70000F0B59DB004000BF02BFE0023E9
:10B84400E363FE4B250023602300403318001F00F0
:10B85400FEF760FA01231AAE6C355B422622002102
:10B864003380280010F060FC2800FEF741FA220023
:10B87400F34B9432E36633883100EB841300FF22E8
:10B8840028001A7007F0A4FA2200983210000892D7
:10B89400FEF754FA2200E03210000992FEF74EFA45
:10B8A40022002932FF3210000A92FEF747FA2200E2
:10B8B4007132FF3210000B92FEF740FA2200B932C7
:10B8C400FF3210000C92FEF739FA80229200A2187F
:10B8D40010000492FEF752FA93229200A21810006C
:10B8E4000592FEF74BFAA6229200A21810000692C7
:10B8F400FEF744FAB9229200A21810000792FEF74C
:10B904003DFACC229200A2181000029206F0DCFA52
:10B91400E8229200A21810000D92FEF73BFAEB22E7
:10B9240000239200A350C74B0C3AA3500D99C64B69
:10B934008B60ED218900611808000E91FEF7EAF989
:10B94400F8218900611808000F91FEF7E3F9BF4957
:10B95400611808001091FEF7DDF98721C90061180C
:10B9640008001191FEF7D6F9B9496118080012913F
:10B97400FEF7D0F99221C900611808001391FEF76F
:10B98400C9F9B449611808001491FEF7C3F99D215F
:10B99400C900611808001591FEF7BCF9AE4960189A
:10B9A4009621490108F060F90022AA231100380009
:10B9B40000939633FEF788F9FF23211D1B06A36627
:10B9C4000391201D390004F0A8FD00222800110075
:10B9D400FEF76EF9012328003380310007F0F8F9EF
:10B9E4002900201D04F099FD84221D210898FEF7EA
:10B9F4005FF901230027089916AD5B4228008F8662
:10BA04000B6306F04BFD2100D4310B002A0083CADE
:10BA140083C31323914908981A910391B380310089
:10BA240007F012F80899201D04F077FD6A221D2101
:10BA34000998FEF73DF90123002709995B42280084
:10BA44008F860B6306F02AFD21001D31FF310B00A8
:10BA54002A0083CA83C31623039909981A91B380D1
:10BA6400310006F0F1FF0999201D04F056FD46222D
:10BA740015210A98FEF71CF9012300270A995B4255
:10BA840028008F860B6306F009FD21006531FF3124
:10BA94000B002A0083CA83C3152303990A981A91B9
:10BAA400B380310006F0D0FF0A99201D04F035FD63
:10BAB4002C2224210B98FEF7FBF8012300270B9975
:10BAC4005B4228008F860B6306F0E8FC2100AD3151
:10BAD400FF310B002A0083CA83C3142303990B98F4
:10BAE4001A91B380310006F0AFFF0B99201D04F0CA
:10BAF40014FD07220A210C98FEF7DAF80123002727
:10BB04000C995B4228008F860B6306F0C7FC21006A
:10BB1400F531FF310B002A0083CA83C31B23039929
:10BB24000C981A91B380310006F08EFF0C99201DF9
:10BB340004F0F3FC122212211E2304980092FF3118
:10BB44007232FEF7C1F8012304995B420B63802330
:10BB540000279B00E358280008338F86DB6F984743
:10BB64008F212A008900631883CA83C300273C4BB2
:10BB74000499E752E3188B641923039904981A91E2
:10BB8400B380310006F060FF0499201D04F0C5FC69
:10BB9400122212211E2305980092FF315832FEF71B
:10BBA40093F8012305995B420B6393239B00E358AD
:10BBB400280008338F86DB6F9847A2212A0089006A
:10BBC400631883CA83C30027264B0599E752E318F9
:10BBD4008B641823039905981A91B380310006F0F9
:10BBE40033FF0599201D04F098FC122212211E2314
:10BBF40006980092FF313432FEF766F80123069965
:10BC04005B420B63A6239B00E358280008338F860E
:10BC1400DB6F9847B5212A008900631883CA83C360
:10BC24000027114B0699E752E3188B6417230399F5
:10BC340006981A91B380310018E0C04608ED010857
:10BC4400E4F70108C0F40108E4F401080C0400005E
:10BC540064040000BC0400003405000054E9010839
:10BC6400140500001C0500002405000006F0ECFE8D
:10BC74000699201D04F051FC122212211E2307985C
:10BC84000092FF311A32FEF71FF8012307995B4235
:10BC94000B63B9239B00E3588F8608332800DB6FBE
:10BCA4009847C8239B00E31807CD07C35D4B07994A
:10BCB400E752E3188B64039B31001A931A23079805
:10BCC400B38006F0C1FE0799201D04F026FC022370
:10BCD40000932B331E220A210298FF33FDF7F4FF51
:10BCE400EB22514F9200A750504B0D9A1382029BA6
:10BCF4009A6220221800110006F022FA95212022CF
:10BD04000298890106F028FADB239B00E358402BB4
:10BD140005D04023029A1000D36306F0F7F81425E7
:10BD24000298002106F024FA0299201D04F0F5FB84
:10BD34002B220E98C8233C210095FDF7C5FFED2367
:10BD44003B4E9B00E3180E999E62201D04F0E5FB18
:10BD54002B220F9835233C210095FDF7B5FFF823DE
:10BD64009B00E3180F999F62201D04F0D6FB452227
:10BD74001098C8233C210095FDF7A6FF2D4B109980
:10BD8400E3189E62201D04F0C8FB45221198352358
:10BD94003C210095FDF798FF8723DB00E3181199F8
:10BDA4009F62201D04F0B9FB6A221298C8233C212B
:10BDB4000095FDF789FF204B1299E3189E62201D20
:10BDC40004F0ABFB6A22139835233C210095FDF760
:10BDD4007BFF9223DB00E31813999F62201D04F07C
:10BDE4009CFB84221498C8233C210095FDF76CFF2A
:10BDF400124B1499E3189E62201D04F08EFB8422DA
:10BE0400159835233C210095FDF75EFF9D23DB004B
:10BE1400E318201D15999F6204F07FFB20001DB0DC
:10BE2400F0BDC0462C0500002141E6FF04E2FFFFFF
:10BE3400504B47FF0C04000064040000BC040000E5
:10BE440070477047C02110B5040049000FF02EFF61
:10BE5400200010BD10B5582904D109F03BFEFDF7B0
:10BE640063F910BD0A29FCD109F034FEFDF786F907
:10BE7400F7E70000F0B504008DB00BF00BFB5D4B51
:10BE84000026236023004033310026221800E66395
:10BE9400059310F049F90598FDF72AFF564BFF2248
:10BEA400236423004733DA7725330493012304AA58
:10BEB4005B423100138304982622A66610F034F9FD
:10BEC4000498FDF715FF4D4B04AAE366138B049AFF
:10BED4002500D384220094321300FF2227001A7015
:10BEE4000AA998350498E43706F072FF28000395F0
:10BEF400FDF744FF3800FDF741FFAA22A0233100DB
:10BF0400059800925B003200FDF7DEFEFF231B065E
:10BF1400A3660599201D04F000FB3200310004984B
:10BF2400FDF7C6FE032304AA138304980AA906F0A6
:10BF34004FFF0499201D04F0F0FA12230398009394
:10BF440061223C21B633FDF7BFFE0123039A5B4215
:10BF5400136313681100083306A89686DB6F9847AD
:10BF64002200D432130006AA23CA23C32200FE32BD
:10BF7400568632321300039A039893640B23204AA3
:10BF84000AA90A92049204AA938306F05DFD039918
:10BF9400201D04F0C2FA20237322380000933C21B0
:10BFA400A833FDF791FE01235B423B633B683900F4
:10BFB400083306A8DB6FBE8698472300213306AA00
:10BFC400FF3323CA23C3AC235B00E6522300593357
:10BFD400FF33BB64049B04AA0A930A2338009383A7
:10BFE4000AA906F031FD201D390004F096FA20005C
:10BFF4000DB0F0BD3CED010814F70108E4F70108A9
:10C0040054E901080048704768ED01080B207047A7
:10C014000EB403B503AB04CB002101930AF02AFE4E
:10C0240002B008BC03B018470CB407B504AB04CB8A
:10C0340001930AF01FFE03B008BC02B018470000C9
:10C04400436C70B50400002B2ED00500038F2235FD
:10C05400002B05D1C521164B164A17480FF03EFE9A
:10C06400AB8A5B005B5B002B1ED00CF0BFF8EB8A45
:10C07400012B04D8CB21114B114A0F48EEE7AA8AB1
:10C08400531C9BB21900092B00D90A3949000D48E9
:10C09400695A814208D15200A218518C092B00D947
:10C0A40000235B00E952508420000BF097FF70BD21
:10C0B400E7DB0108F0DB01089BDC0108E2DC010896
:10C0C400F0DC01083F09000010B50BF04FFF10BD74
:10C0D40010B586B003921A000AAB05930193099B2D
:10C0E40002AC029100932100089B09F04DF806B0C0
:10C0F40010BD000070B5002824D1134B13481B68F1
:10C104001349002B16D01A689C689A1802605A6862
:10C114001C199A180A6000220E4B1A8000F038F895
:10C12400050000F033F80C4B1C600C4B1D600C4BED
:10C13400188007E00B4B03600B4B0B600B4B1C6828
:10C14400002CE8D170BDC046BC100020B410002003
:10C15400B0100020B8100020805300207853002035
:10C1640074530020C8FC0108F8FB010844EE0108E0
:10C17400044B054A1B688900CB5810685B00C01843
:10C184007047C046B0100020B4100020342070471F
:10C1940000487047C010002010B5FCF77BFD044C2C
:10C1A4002060FCF7B5FD6060FCF7F0FDA06010BDF9
:10C1B400C01000207047000010B50F4A030010782B
:10C1C4000138032813D8F3F7D1FF02060A0E18002A
:10C1D400FCF79CFF10BD1800FCF7A6FFFAE7180057
:10C1E400FCF7B0FFF6E71800FCF7BAFFF2E7180017
:10C1F400FCF77EFFEEE7C046C40E0020AE2110B56A
:10C20400040049000FF052FD200010BD030010B5DA
:10C214000400FC33D86D00F013F8200009F0EAFCA8
:10C2240010BD000010B50400FCF736FF014B2000E0
:10C23400236010BD50EE0108002303607047000026
:10C24400604BF7B5040018683221421C1A60F4F7F9
:10C254001BF9002950D1206803689B6898475A4B02
:10C264005A4C01935A4BE28D1B885A4E1A420FD0F6
:10C27400F8F7AEFA584B30601B78002B01D0F7F773
:10C28400DFFE6420F7F7BCFE09F024FCFCF776FF20
:10C29400524B18780093E4282FD8DF283ED8D028B2
:10C2A40036D0D12837D0FF23009A1370F8F790FACC
:10C2B4002300FA214B331B7889004B433268050075
:10C2C400821A9A4218D9019B434F60331B88002B72
:10C2D40045D1230048331B78022B04D0019B5C33E7
:10C2E4001B888B423BD23B78002B05D1F7F798FE95
:10C2F4003B783560002B35D0F7BDEF28D3D1384BD0
:10C304001878013803280CD8F3F730FF151A1F24C6
:10C31400F7F786FEC7E7F7F793FEC4E72030C0B20D
:10C32400EFE709F0D7FBFCF7E3FEF7F789FEF8F730
:10C334004FFA3060B7E709F0CDFBFCF7E7FEF4E70E
:10C3440009F0C8FBFCF7F0FEEFE709F0C3FBFCF7CC
:10C35400F9FEEAE709F0BEFBFCF702FFE5E73B78EC
:10C36400002B18D12300483319780129C4D12300A4
:10C374004A331E78FA239B001A4873430268AA1AA8
:10C384009A42B9D9164B056018784934421C25786D
:10C39400D2B2130006E0F7F753FEA9E70133DBB28C
:10C3A400042BF6D82C001C4122000A400C4202D176
:10C3B4009842F3D1A0E798429ED0009A203B137094
:10C3C4009AE7C046D0100020D80D0020800E00202F
:10C3D400380E0020CC0C0020C80C002010000020D7
:10C3E400D00C0020CC1000207047043870477047F0
:10C3F40010B5C0680368DB6A984710BD08B4024BE7
:10C404009C46043808BC6047F5C3000810B5040016
:10C4140010210FF04BFC200010BD08B4024B9C46C9
:10C42400043808BC6047C04611C400080023836078
:10C43400024BC1600360024B43607047A4EE0108E5
:10C44400C0EE01087047000010B50400024B036001
:10C45400FDF7B0FB200010BDD4EE010810B50400B8
:10C46400FFF7F2FFC421200049010FF01FFC200058
:10C4740010BD000010B5FC24CB0C4A09E400C160D7
:10C484002240DB0209061343C90E0B43038210BD8D
:10C4940008B4024B9C46083808BC604779C40008BD
:10C4A40010B50400FDF7ACFC014B2000236010BD67
:10C4B400D4EE0108F0B58A4D87B004002869F5F779
:10C4C400C0FCF5F7BEFC0090E869F5F7BAFCF5F797
:10C4D400B8FC0190A86AF5F7B4FCF5F7B2FC029039
:10C4E400686BF5F7AEFCF5F7ACFC0390286CF5F738
:10C4F400A8FCF5F7A6FC0490E86CF5F7A2FCF5F7A8
:10C50400A0FC784B05901B786425032B02D80133DB
:10C51400323D5D43DE239B00E618290072890098B2
:10C52400F7F727FE0622B35E0A21725E9B18E92202
:10C534009200A7181B1AFB80788130000AF0E0FCF7
:10C5440038000AF0DDFCF4239B00E6182900728908
:10C554000198F7F70EFE0622B35E0A21725E9B185D
:10C56400FF229200A7181B1AFB80788130000AF082
:10C57400C7FC38000AF0C4FC8523DB00E618290058
:10C5840072890298F7F7F5FD0622B35E0A21725EFE
:10C594009B18554A1B1AA718FB80788130000AF0B3
:10C5A400AFFC38000AF0ACFC9023DB00E61829004D
:10C5B40072890398F7F7DDFD0622B35E0A21725EE5
:10C5C4009B184A4A1B1AA718FB80788130000AF08E
:10C5D40097FC38000AF094FC9B23DB00E618290042
:10C5E40072890498F7F7C5FD0622B35E0A21725ECC
:10C5F4009B183F4A1B1AA718FB80788130000AF069
:10C604007FFC38000AF07CFCA623DB00E618290036
:10C6140072890598F7F7ADFD0622B35E0A21725EB2
:10C624009B18344A1B1AA518EB80688130000AF065
:10C6340067FC28000AF064FCB123DB00E0180099D1
:10C64400F7F70EFD200098300AF05AFCB323DB0004
:10C65400E0180199F7F704FD20007930FF300AF063
:10C664004FFCB423DB00E0180299F7F7F9FC200033
:10C67400C530FF300AF044FCB523DB000399E01811
:10C68400F7F7EEFC84239B00E0180AF039FCB6238C
:10C69400DB000499E018F7F7E3FC97239B00E0180C
:10C6A4000AF02EFCB723DB000599E018F7F7D8FC55
:10C6B400AA239B00E0180AF023FC094B6421986D1F
:10C6C4003230F3F771FDB223DB000100E018F7F715
:10C6D400C7FC2000E4300AF013FC07B0F0BDC046EC
:10C6E400D80D0020C50E002054040000AC04000046
:10C6F400040500005C05000073B50400FDF752FA60
:10C704000222264B20001A70254B6C309A6D5D6D09
:10C714001E6DA2665C331A781300FF3B591E8B41D1
:10C7240021007231CB7701A90A8006F051FBDE2388
:10C734009B00E3189E62F4239B00E3189E6285230A
:10C74400DB00E3189E629023DB00E3189E629B23C8
:10C75400DB00E3189E62A623DB00E3189E62E92354
:10C764009B00E3189D62FF239B00E3189D620D4B21
:10C774002900E3189D620C4BE3189D620B4BE318F0
:10C784009D620B4BE3189D62D9239B00E018FFF7D1
:10C7940071FE2000FFF78EFE73BDC046D00C002052
:10C7A400800E002054040000AC04000004050000C6
:10C7B4005C050000704704387047704710B5C068C6
:10C7C4000368DB6A984710BD08B4024B9C460438E2
:10C7D40008BC6047C1C7000810B5040010210FF061
:10C7E40065FA200010BD08B4024B9C46043808BC0E
:10C7F4006047C046DDC7000800238360024BC16068
:10C804000360024B436070470CEF010828EF0108F6
:10C814007047000010B50400024B0360FDF7F8FEFA
:10C82400200010BD3CEF010810B50400FFF7F2FF33
:10C83400200002490FF03AFA200010BD5019000000
:10C8440010B50400FDF74EFF014B2000236010BD1E
:10C854003CEF0108F7B5B24D0400686DF5F7F1FA45
:10C86400F5F7EFFAF5F7EDFA0600AE4B0521009364
:10C87400AD4B009AE01833000CF009FBD7239B0062
:10C88400E0180AF03DFBA94B0193A94B1B78002B40
:10C8940005D09621012B00D020E1490008E02B00AF
:10C8A4005E331B78012B00D11AE19621022BF4D0C0
:10C8B400A04B3000E7183A89F7F75BFCC623DB008E
:10C8C400E618308138000AF01BFB30000AF018FB30
:10C8D400019B45331B78032B00D903E1964E0133AA
:10C8E4005E43FD239B00E71831007A892869F7F736
:10C8F40040FC0622BB5E0A217A5E9B188422D20089
:10C90400A2181B1A5081D380380001920AF0F8FA59
:10C9140001980AF0F5FA894B3100E7187A89E86939
:10C92400F7F727FC0622BB5E0A217A5E9B188F224A
:10C93400D200A2181B1A5081D380380001920AF049
:10C94400DFFA01980AF0DCFA7D4B3100E7187A89A6
:10C95400A86AF7F70EFC0622BB5E0A217A5E9B18D2
:10C964009A22D200A2181B1A5081D3803800019257
:10C974000AF0C6FA01980AF0C3FA724B3100E718BC
:10C984007A89686BF7F7F5FB0622BB5E0A217A5EAB
:10C994009B18A522D200A2181B1A5081D3803800FC
:10C9A40001920AF0ADFA01980AF0AAFA664B310036
:10C9B400E7187A89286CF7F7DCFB0622BB5E0A21AC
:10C9C4007A5E9B18B022D200A2181B1A5081D38021
:10C9D400380001920AF094FA01980AF091FA5B4B3C
:10C9E4003100E7187A89E86CF7F7C3FB0622BB5ECF
:10C9F4000A217A5E9B18BB22D200A6181B1AF38068
:10CA0400708138000AF07CFA30000AF079FA2B00C1
:10CA14005E331A789623022A05D82D3BFF3B5343F5
:10CA2400962292009B184A4804214A4A20180CF086
:10CA34002EFA20002530FF300AF062FA464BDB7FE5
:10CA4400032B15D90223E95E00202B5E01229942B3
:10CA540000DC0022D2B20423E95E5300E85E022324
:10CA6400814201DC130001000622AE5E8E423BDCF3
:10CA74005A00AE5E022B3CD0032B35D0012B3CD0A8
:10CA840049204E2120220023344FE05334482152C0
:10CA9400CD21C90062520021324AA1528E4230DABD
:10CAA4004E22314BE25020007130FF300AF028FA58
:10CAB4002E48009A0421AB7A20180CF0E8F9EA23F6
:10CAC4009B00E0180AF01CFA2300AA7AC033002A5B
:10CAD40023D11A700123CA34E377F7BD8900E7E64E
:10CAE400E121DAE6224EFCE65420532132220323CC
:10CAF400CAE7542053213122C6E74F20552154223E
:10CB0400C2E75B00E85EF5F79CF9030016480421D0
:10CB1400009A20180CF0BBF9C5E7FF221A70DCE775
:10CB2400D80D0020C2DD01087A060000800E002026
:10CB3400C60E002004060000881300004C04000008
:10CB4400A4040000FC04000054050000AC0500002F
:10CB54005C06000043E00108860E00206406000025
:10CB6400660600006A0600006C06000084060000E9
:10CB740010270000F0B585B00400FDF740FD002249
:10CB8400524B534E1A70534B1B78022B00D193E037
:10CB9400032B00D196E0934204D14F4A4F49A15050
:10CBA4000432A352F36C20000093B36D6C30A3667F
:10CBB400019333005C331A78756D1300FF3B591EE3
:10CBC4008B4121007231CB7702AB9A8003A9376D78
:10CBD40006F0FEF80F2220005D36337803A91340D7
:10CBE40002AA9380983006F0F3F82000337802AA62
:10CBF4001B09938003A9C43006F0EAF82300019AC4
:10CC0400F0339A62DD62AD239B00E0182900FFF740
:10CC140031FC8C239B00E0182900FFF72BFCFD233B
:10CC24009B00E3189F622E4B009AE3189F622D4BE2
:10CC34002000E3189F622C4BE3189F622B4BE318F0
:10CC44009F622B4BE3189F622A4BE3189F62842355
:10CC5400DB00E3189D628F23DB00E3189D629A23B7
:10CC6400DB00E3189D62A523DB00E3189D62B0237B
:10CC7400DB00E3189D62BB23DB00E3189D62C6233F
:10CC8400DB00E3189D6223002533FF331A63DA6760
:10CC9400B2239B00E3181A63C5239B00E3181A63AD
:10CCA400D7239B00E3181A63EA239B00E3181A6353
:10CCB400FFF7D0FD05B0F0BD074B0F49E150043339
:10CCC400E2526FE7044B0D49F8E7C046D00C002050
:10CCD400800E0020C50E00207406000020003500E0
:10CCE4004C040000A4040000FC04000054050000EF
:10CCF400AC050000040600003100350032003000AD
:10CD040070477047043870477047000010B504003E
:10CD140010210EF0CBFF200010BD08B4024B9C463E
:10CD2400043808BC6047C04611CD00080023836066
:10CD3400024BC1600360024B4360704774EF01080B
:10CD44008CEF010810B50400024B0360FEF734F9C0
:10CD5400200010BDA0EF010810B50400FFF7F2FF9A
:10CD6400200002490EF0A2FF200010BD3C0B000081
:10CD7400F8B50500FEF72AF9144B3C222B6000237A
:10CD8400FF32AB540132AB542A002C00FC32536402
:10CD94009364D3640E4B4D34FF34EF182000FCF73A
:10CDA400CDFF00230B4EA36426604C34BC42F5D166
:10CDB400094BEF182000FCF7C1FF00232660A36491
:10CDC4004C34BC42F6D12800F8BDC046A0EF01089F
:10CDD400DC040000C4EA01086C080000F0B5070098
:10CDE4001E4BFC37DA6C85B07A641A6D0400BA64A1
:10CDF4005A6D2500FA649A6D5C3382661A780300D2
:10CE04006C3300931300FF3B591E8B4101007231B8
:10CE1400CB77009803A90A8005F0DAFF104B4D3553
:10CE2400E618FF3501967B6C28002B632B684C3584
:10CE34005B699847BB6C3000336333684C365B697D
:10CE44009847019BAB42EED100980AF059F82000B4
:10CE540040300AF055F805B0F0BDC046800E002001
:10CE6400DC0400003C23F0B5FF33C25C0300313224
:10CE7400FE3385B09E275A862F227F009A86C25D94
:10CE840004003132DA86002298301A870D000AF045
:10CE940037F8B44B1A780193032A00D940E1B24B16
:10CEA400012D7BD13A219C26FF3161567600A05D8D
:10CEB40001314BD0032809D8F3F758F90230323A3C
:10CEC400453303211A7801320A401A70A74BA84847
:10CED4001978A523A44DA74A1B012618022900D1BD
:10CEE400BCE0032900D1BEE0002900D0BDE0A24887
:10CEF400A0503000E1520AF003F830000AF000F8C4
:10CF04002B0046331B78002B00D1B0E03620012BD8
:10CF140000D13320302357221900ACE04633D0E748
:10CF24009D1DE87F05210130F3F7AEFAE977CDE7DF
:10CF34004933197801250E002800164190402E42ED
:10CF440002D081431970C1E70143FBE74C235843E6
:10CF5400250023181900FC35FC336A6C1B6D7D31E8
:10CF64004D30FF31FF305B690A6020189847A35D9C
:10CF74000133DBB2062B00D900234C209C225843FA
:10CF84005200A35423181A00E96C7D324D30FF324D
:10CF9400FF3011602018FC331B6D42E0022D95D147
:10CFA4009C277F00E05D042806D11800F4F7BCFD3F
:10CFB400E022724B1A709CE0052809D11A00012165
:10CFC400453211709A1D46331D700423D3777DE7D3
:10CFD400062802D1694B203A77E73A234C252600EC
:10CFE400FF33E2566843FC3601321DD10022E2547D
:10CFF40023181A00FC33716C1B6D7D324D30FF32E7
:10D00400FF3011605B6920189847E05D5C4A684313
:10D01400F16C23189A181160554A9B1880181B68E4
:10D0240020185B69984751E7FF22E254544AB16CD7
:10D0340023189A1811604E4A9B181B6880185B6964
:10D0440020189847E35DF16C5D4363191A004D3570
:10D054007D32FF32FF35116060199CE74949A150C8
:10D064004122E25049E74849F9E74849F7E74120B6
:10D07400752374216F22A6263601A05344482352F7
:10D08400444BE152444BE2520022444BE252A5236A
:10D09400A522DB00E358D200A0185B699847AB1DBA
:10D0A400D87F3F4A3F4B032832D8F3F75FF8022476
:10D0B400292D3D49A1500022E2523C4B3B4AE35802
:10D0C400A0185B699847019A49352B78127801209A
:10D0D40013411D003649374A054003421CD0364BE4
:10D0E40063507323A350B823DB00E018E3585B6953
:10D0F400984705B0F0BD3149A1507422E250DCE7F5
:10D104002F49A1503122F9E72D49A1503222F5E7E8
:10D114002C49A1507822F1E72B4B6350A552E2E74A
:10D12400042AE6D1012D00D01CE23A23FF33E25653
:10D13400013200D1A2E13C22FF32A25C002A00D0DD
:10D1440052E13932FF32A05C062800D949E1064D8C
:10D15400F3F720F83C00C000D400E200EC00FA0031
:10D164000901C046D00C0020800E0020C50E00200E
:10D17400DC0400004C0A00003500410010000020CF
:10D184000C05000031003500320030003100300061
:10D19400620A0000640A0000660A0000680A0000CF
:10D1A400740A0000780A000049006E00740500004B
:10D1B400880A00008C0A0000590065004F007500C1
:10D1C400540053004D0061004E006F006A1DD37F70
:10D1D4000835012B7AD1EB7F0A33DBB2EB77642B72
:10D1E40003D90023D3776433EB7720006C3009F044
:10D1F40087FE2000403009F083FE3C23FF33E35CCC
:10D20400002B00D043E2BD4BBD4ADB7FBD4DA018CF
:10D21400012B00D030E22B0008331421DB7FBA4A03
:10D224000BF035FE2B0039331978A6231B01E018C7
:10D23400F6F716FFB54A4123A15A002900D020E28F
:10D24400A350B3486B8F1421B24A20180BF01FFE71
:10D254003623E85EF4F7F5FD0300AF481421AF4A26
:10D2640020180BF014FE2B00AD483E331B78AD4A5A
:10D27400142120180BF00BFEAB226B8E1201A018A8
:10D28400A94A002B04D1AB8EA84A002B00D0A84A8F
:10D2940014210BF0FCFD2B005C331978012902D01A
:10D2A400022900D003215E352B78012B01D10331F3
:10D2B400C9B2A04B03AA138000233031917014210A
:10D2C400D3709D4BE0180BF0E2FD12E70123D377F6
:10D2D400002389E72B0039331A78501DC0B2632A22
:10D2E40006D90A321000F4F7A7FD0A235843C0B246
:10D2F400C821F2F7DFFF3935297076E7688F8F4B45
:10D30400323080B2984200D93C2068870C21F2F771
:10D314004BFF3835287068E7EB8E894A32331BB2ED
:10D32400934201DCEB8660E73223FBE73E352B7842
:10D334001D2B07D90A33DBB2092B01D92B7054E713
:10D344000123FBE70133F9E76B8E002B08D1A98E8B
:10D354001E22002901D1AA8647E76A86AB8644E7E4
:10D3640000236B86FAE72A0001215C3213784942D4
:10D37400012B10D0022B29D02800724E5E30037886
:10D384001680714A01332A65704AE9646A6501228C
:10D394001340037006E06E4BE96413806A4B2B65FF
:10D3A4006A4B6B655E352878F5F7C6FC2000FFF7FD
:10D3B40015FD2300FC33DA6C9C235B00E15CEC3B41
:10D3C4004B436449E3185B181A600EE7624B6965C6
:10D3D400EB64624B2B65FF231B06AB65604B13802C
:10D3E400E0E7FF22E25400E7012A00D0FDE63832EC
:10D3F400FF32A05C0628F4D8424DF2F7B7FE040DC4
:10D404001822282F34000122473528780130104093
:10D414002870F5F783FCE8E62C35287864210A3077
:10D42400F3F732F8C8B22870F6F7EAFDDDE63F35C7
:10D434002A781D2A09D90A32D2B2092A03D92A70B4
:10D44400D3E64B35F4E70122F9E70132F7E703218C
:10D45400483528780130F3F717F84DE74435287834
:10D4640005210130F7E74035287809210130F3F729
:10D474000BF8C8B22870F5F791FFB6E69C254C234B
:10D484006D00605D2600584323181A00FC36FC33F7
:10D49400716C1B6D7D324D30FF32FF305B69116062
:10D4A400201898473C23625DFF330132D0B26055A7
:10D4B400E35C012B14D8092812D9002262550133E8
:10D4C400E25DDBB29A4200D200233C22FF32A35435
:10D4D400236820005B69984723682000DB6807E61F
:10D4E4004C23584323181A00F16C7D324D30FF321F
:10D4F400FF3011602018FC331B6D64E0850E0020A2
:10D504004C0A0000800E0020C5DD0108640A0000FA
:10D51400740A000043E00108880A000077E001086B
:10D524009C0A0000CEDD0108D7DD0108D2DD010828
:10D53400DCDD010854470000C40A0000DC050000DB
:10D54400E204000001640000646464FF2141E6FF1A
:10D55400027500000C050000969696FF505050FF8F
:10D56400FF98FFFF022D00D047E63C232500FF3340
:10D57400E35CFC35012B43D89C267600A05D06288D
:10D584003ED83A234C27FF33E256784301321DD16B
:10D594000022E25423181A00FC33696C1B6D7D329F
:10D5A4004D30FF32FF3011605B6920189847A05D51
:10D5B400714A7843E96C23189A1811606F4A9B18D2
:10D5C40080181B6820185B69984716E6FF22E2540E
:10D5D400694AA96C23189A181160684A9B181B6839
:10D5E40080185B6920189847A35DE96C5F43E319D1
:10D5F4001A004D377D32FF32FF371160E0197AE7A8
:10D60400EB6B5F4A1340072B08D15E48F4F78CFAA2
:10D61400019A5D4B1278203A1A70EEE5082B25D159
:10D62400F4F7E2F92000FFF7D9FB584B554E187870
:10D63400F5F774FB33005E3318782C36F5F77CFB72
:10D644003078F6F7DDFC20006C3009F059FC20003E
:10D65400403009F055FC9C235B00E15CEC3B4B4300
:10D66400E318EA6C7D33FF331A60C6E5092B00D05A
:10D67400C3E5E422444B9DE4142245490BF04CF8E5
:10D68400D0E5444AA3520022434BE252D9E5012B90
:10D6940000D02EE53D4B41481A78B423511E8A41EF
:10D6A400384D5242134014213D4A20180BF0EFFB31
:10D6B4002B00A6202C33000114211B78394A201892
:10D6C4000BF0E5FB2B00384E38483F333200142171
:10D6D4001B7820180BF0DBFB2B0035484B33320052
:10D6E4001B78142120180BF0D2FB2B004833314A4D
:10D6F4001B78A018304A012B03D0304A022B00D0EB
:10D704002F4A14210BF0C3FB2B0044331878AB23AE
:10D7140001381B012B4AE318032804D8F2F726FD2D
:10D7240002141618284A1800142140350BF0AFFBD8
:10D73400264B2878264AE41807280CD8F2F716FD59
:10D744000A0E10121416181A224AECE7224AEAE7C3
:10D75400224AE8E7224A14212000B4E5214AFAE7E4
:10D76400214AF8E7214AF6E7214AF4E7214AF2E799
:10D77400214AF0E7214AEEE70C050000DC04000032
:10D78400FF0000FE800E002010000020C70E0020C5
:10D79400C9DD0108660A0000680A00004C0A00009E
:10D7A400E1DD0108C5DD0108CEDD0108740A0000D1
:10D7B400880A00009C0A0000E6DD0108ECDD01088F
:10D7C400F2DD010814DE0108F9DD0108C40A0000D5
:10D7D40048DE010800DE010808DE01080DDE01084C
:10D7E40019DE01081EDE010823DE010828DE010817
:10D7F4002EDE010834DE01083ADE010841DE0108AC
:10D8040010B5582903D15739FFF72CFB01E05929EA
:10D81400F9D010BDF0B507008DB0FDF7CEFB380090
:10D82400FFF7DCFA3B00A64AFE335A87A54B06A94C
:10D8340008930A9302238B82A34B05321B78FF3291
:10D844008A81032B00D975E0A04B2822A049F8183F
:10D854000AF062FF9F4B28229F49F8180AF05CFFE8
:10D864009E4B28229E49F8180AF056FF9D4B282209
:10D87400F8189D490AF050FF032302939D220026C5
:10D88400029B52000433BB549D235B00FB5CB342F8
:10D8940000D9B1E028263000029B4C245D1C68436B
:10D8A4008A4B3200C018914938180AF035FF142207
:10D8B40065434D35FF357819330000928221783263
:10D8C400FCF702FA30000299804B8D1C6843C018A3
:10D8D4003200874938180AF01FFF142265434D357A
:10D8E400FF35781900923223AA217832FCF7ECF93B
:10D8F40030000299754BCD1C6843C01832007D4935
:10D9040038180AF009FF14226C434D34FF343300F5
:10D9140038190092DC217832FCF7D6F93B00FC334D
:10D92400DA6CBE235B0000213800FA50FFF79AFA44
:10D934000DB0F0BD00220292042B9FD13C23FF3393
:10D94400FB5C934230D1614B6B492832F8180AF0E2
:10D95400E3FE604B28226949F8180AF0DDFE5F4BAC
:10D9640028226749F8180AF0D7FE5E4B2822654939
:10D97400F8180AF0D1FE644B28226449F8180AF01A
:10D98400CBFE634B63492822F8180AF0C5FE6249AE
:10D99400624B2822F8180AF0BFFE062302939E2346
:10D9A40001225B00FA5469E7012BF8D1474B282286
:10D9B4005B49F8180AF0B0FE464B28225949F8187A
:10D9C4000AF0AAFE454B28225749F8180AF0A4FE8B
:10D9D400444B28225549F8180AF09EFE4A4B282247
:10D9E4005349F8180AF098FE494B52492822F8186E
:10D9F4000AF092FE5049CBE74C2373431C00039377
:10DA04001423734305930A331BB2049314234D3434
:10DA1400FF343C19049A0A21200000938233FCF756
:10DA240053F9200008A905F00FF8039B2749FD18B6
:10DA340028232A00734395325B18FF32FB181360C6
:10DA44003B00FC335A6C06932B007D33FF331A6082
:10DA540001220B3B1A703B1D18002100079302F0B2
:10DA64005CFD9D235B00FB5C033B9E4225DA334B4C
:10DA7400039C9C46142364443C19049AC821200046
:10DA840000935033FCF720F920000AA904F0DCFFCE
:10DA94002B492C4B8C46EA18059B21006344FB1848
:10DAA4001360069B381D9A6C274BEB181A60274BA2
:10DAB400ED1801232B7002F030FD0136F6B2E3E6D7
:10DAC40000FFFFFF54E90108D00C00206C0800009F
:10DAD4004FDE0108940800005DDE0108BC08000068
:10DAE40069DE0108E408000075DE01085FDF010853
:10DAF40064DF01086ADF010888DE010894DE01089A
:10DB0400A6DE0108B8DE01080C090000CADE01081F
:10DB140034090000DDDE0108EFDE01085C090000C5
:10DB2400F5DE010806DF010819DF010826DF010818
:10DB340037DF010846DF010855DF0108DC04000077
:10DB44004C0A0000240500000C050000010500003B
:10DB5400F7B50400E42705000C4B7234C318FF34F6
:10DB64000193BF00002321002E1D23703000E355D4
:10DB7400253902F049FD064B3000E11802F044FD5E
:10DB8400019B4C349C42EDD1F7BDC0460105000019
:10DB94006B030000704704387047704710B5C068C5
:10DBA4000368DB6A984710BD08B4024B9C460438EE
:10DBB40008BC6047A1DB000810B5040010210EF07A
:10DBC40075F8200010BD08B4024B9C46043808BC0C
:10DBD4006047C046BDDB000800238360024BC16080
:10DBE4000360024B43607047D4EF0108F0EF010873
:10DBF4007047000010B50400024B0360FDF7E0FA23
:10DC0400200010BD04F0010810B50400FFF7F2FF76
:10DC1400BF21200089000EF049F8200010BD00004B
:10DC240010B50400FDF7E6FA014B2000236010BD97
:10DC340004F00108F8B5604D0400686DF4F701F9CB
:10DC4400F4F7FFF8F4F7FDF8BC2306009B00052168
:10DC54005A4AE01833000BF01AF92000C530FF309F
:10DC640009F04EF9564B1B78002B05D09621012B59
:10DC740000D097E049000CE02B005E331B7896211E
:10DC8400022BF7D0032B04D0012B00D089E02D31D7
:10DC9400FF3184239B00E7183A893000F6F769FACC
:10DCA4008F239B00E6183081380009F029F93000F1
:10DCB40009F026F92900012200230C265E43AE193F
:10DCC400CF6936691800B74201DD1000D3B20132C2
:10DCD4000C31062AF1D13B4A3133DBB2A3520C2377
:10DCE4004343EB181869F4F7ACF8F4F7AAF8B9232E
:10DCF4009B000100E018F6F7B3F9BA229200A15A8A
:10DD04004123002950D1A35026003136FF3630007C
:10DD140004F0B6FE300009F0F3F82B005C331888E9
:10DD2400F4F78FF8F4F78DF8A0239B000100E018B6
:10DD3400F6F7FCF9A22356229B00983E3000E250ED
:10DD440004F09EFE00273000012609F0D9F80022D5
:10DD5400AB5E7200A85E984203DDF4F772F8F7B286
:10DD640003B20136042EF4D17F00E85FF4F769F8BA
:10DD7400154B0100E018F6F7ACF9B023134A25005F
:10DD84009B00E25000220433E4352800E25204F000
:10DD940077FE280009F0B4F820006C3009F0B0F8E0
:10DDA400F8BD9621890074E7094AA352BB230022D7
:10DDB4009B00E252A8E7C046D80D0020C2DD01084E
:10DDC400C60E0020DE020000BA020000B0004300CC
:10DDD400EA020000F7B50400FDF7F3F90122214B34
:10DDE40020001A70204B6C309A6DDD6C1F6D5E6DD7
:10DDF400A2665C331A781300FF3B591E8B41210045
:10DE04007231CB7701A90A8004F0E2FF84239B00DE
:10DE1400E3189F628F239B00E3189E62A53BFF3BA0
:10DE2400DD671D634C33DD674C33DD674C339D6721
:10DE3400B6239B00E01805220C490AF06DFC9A23D6
:10DE44009B00E01820220A490AF066FCAA239B00E2
:10DE540018220849E0180AF05FFC2000FFF7EAFEE8
:10DE6400F7BDC046D00C0020800E00206FDF0108F3
:10DE740075DF010882DF0108704704387047704776
:10DE840010B5C0680368DB6A984710BD08B4024B3C
:10DE94009C46043808BC604785DE000810B50400C1
:10DEA40010210DF003FF200010BD08B4024B9C4666
:10DEB400043808BC6047C046A1DE00080023836024
:10DEC400024BC1600360024B436070473CF00108A1
:10DED40058F0010870470000A72270B5134B920058
:10DEE40013499A5C0400D3B240181249032A06D09D
:10DEF4001149042B03D01149022B00D010491C22D4
:10DF04000AF00AFC0F4BE518280004F0B9FD0D4B8C
:10DF14002800E3585B69984720006C3008F0F0FF54
:10DF24002000403008F0ECFF70BDC046C001002066
:10DF34004C1D0000A0DF01088CDF010896DF0108FA
:10DF4400ABDF01080C18000010B50400024B03609D
:10DF5400FDF720FB200010BD6CF0010810B5040093
:10DF6400FFF7F2FFF421200049010DF09FFE20008D
:10DF740010BD0000F8B50500FDF736FB124B134A3F
:10DF84002B600023AB50124AAB50124AAB50124BD9
:10DF9400EC18BE235B01EF182000FBF7CFFE002333
:10DFA4000E4EA36426604C34BC42F5D10C4BEF18E2
:10DFB4002000FBF7C3FE00232660A3644C34BC425C
:10DFC400F6D12800F8BDC0466CF001082414000006
:10DFD400281400002C14000030140000C4EA0108C6
:10DFE400501B0000F0B51C4B1C4EDA6C85B01C4D68
:10DFF40082511A6D1B4F42515A6D0400C2519A6DE1
:10E004005C3382661A7803006C3301931300FF3B80
:10E01400591E8B4101007231CB77019803A90A8004
:10E0240004F0D6FE20000930E159FF30FEF722FA51
:10E034000D4AA323A21811005B01E318A05918602C
:10E0440060594C3310604C328B42F7D1019808F080
:10E0540057FF05B0F0BDC046800E00202414000018
:10E06400281400002C140000F0170000F0B5040080
:10E07400042587B0FDF78CFA584B20001D70FFF77C
:10E08400B1FF574B6A46029304930223958193820E
:10E09400544A0021A2181000534BE31819704C3352
:10E0A40011704C328342F9D1504B2822E5182800D4
:10E0B4004F490AF031FB4F4B2822E6181423300055
:10E0C40000930A218233FBF7FFFD300002A904F01C
:10E0D400BBFCB5640125484A3100A318DD77201D37
:10E0E40002F01BFA454A464BA7181C2138009B78BE
:10E0F400444A0AF0CCFEBE2214235201A618300072
:10E1040028220093C8215033FBF7DEFD300004A918
:10E1140004F09AFC3C4AB764A318DD773100201D53
:10E1240002F0FBF9394A3A49A718380028220AF0C4
:10E13400F3FA1423374A0093A61830003C228233A2
:10E144000A21FBF7C1FD300002A904F07DFC324A2C
:10E15400B764A3183100DD77201D02F0DEF9142323
:10E164002E4A0093A61830003C225033C821FBF7F6
:10E17400ABFD300004A904F067FC294A3100A31860
:10E18400284AB364A318DD77201D02F0C6F9264A95
:10E194002649A718380028220AF0BEFA1423244A74
:10E1A4000093A61830008C2282330A21FBF78CFDE1
:10E1B400300002A904F048FC1E4BB764E318DD7775
:10E1C4001D4B3100E2581D4B201DE25002F0A5F911
:10E1D40023682000DB6A984707B0F0BDD00C00200C
:10E1E40054E90108E517000055140000501B000015
:10E1F400B8DF01083014000036140000301D0000A0
:10E20400C0000008C9DF0108C6170000781B000021
:10E21400CFDF01087C140000821400000C180000F9
:10E224004C1D000012180000181C0000DEDF01085D
:10E23400AC150000B215000028140000DC15000025
:10E24400704704387047704710B5C0680368DB6ACC
:10E25400984710BD08B4024B9C46043808BC60477C
:10E264004DE2000810B5040010210DF01FFD200040
:10E2740010BD08B4024B9C46043808BC6047C04635
:10E2840069E2000800238360024BC1600360024B13
:10E2940043607047A4F00108C0F001087047000013
:10E2A40010B50400024B0360FDF79AFA200010BD7C
:10E2B400D4F0010810B50400FFF7F2FF2000024972
:10E2C4000DF0F4FC200010BDF417000010B504009C
:10E2D400FDF7B0FA014B2000236010BDD4F0010813
:10E2E400F0B5414D85B004000023E85EF3F7A9FDC5
:10E2F400ED239B00E71801903A896421F5F739FF73
:10E30400F8239B00E6183081380008F0F9FD30004E
:10E3140008F0F6FD0223E85EF3F793FD334B029019
:10E32400E7183A896421F5F724FF8723DB00E61810
:10E334003081380008F0E4FD300008F0E1FD0423EA
:10E34400E85EF3F77EFD2A4B0390E7183A896421CF
:10E35400F5F70FFF9223DB00E6183081380008F050
:10E36400CFFD300008F0CCFD0623E85EF3F769FD2D
:10E37400204B6421E7183A890500F5F7FAFE9D233E
:10E38400DB00E6183081380008F0BAFD300008F0F0
:10E39400B7FD194B0199E018F5F79BFEB9239B00D3
:10E3A400E01808F0ADFD154B0299E018F5F791FE61
:10E3B400A6239B00E01808F0A3FD114B0399E01875
:10E3C400F5F787FE93239B00E01808F099FD0D4BA9
:10E3D4002900E018F5F77DFE80239B00E01808F083
:10E3E4008FFD05B0F0BDC046D80D00200C04000020
:10E3F40064040000BC0400002C0500002405000097
:10E404001C0500001405000073B50400FDF7E6F9CF
:10E4140003221E4B20001A701D4B6C309A6D5D6DEB
:10E424001E6DA2665C331A781300FF3B591E8B41A4
:10E4340021007231CB7701A90A8004F0C9FCED23D5
:10E444009B00E3189E62134B2900E3189E62124B53
:10E45400E3189E62114BE3189E62F8239B00E318B5
:10E464009D628723DB00E3189D629223DB00E3189F
:10E474009D629D23DB00E3189D62E8239B00E01866
:10E48400FDF7F8FF2000FFF72BFF73BDD00C002031
:10E49400800E00200C04000064040000BC04000092
:10E4A400704704387047704710B5C0680368DB6A6A
:10E4B400984710BD08B4024B9C46043808BC60471A
:10E4C400ADE4000810B5040010210DF0EFFB2000AE
:10E4D40010BD08B4024B9C46043808BC6047C046D3
:10E4E400C9E4000800238360024BC1600360024B4F
:10E4F400436070470CF1010828F1010870470000DF
:10E5040010B50400024B0360FDF79AFC200010BD17
:10E514003CF1010810B50400FFF7F2FFC021200010
:10E5240049000DF0C3FB200010BD000010B504002D
:10E53400FDF7A0FC014B2000236010BD3CF1010855
:10E544002C22F0B57C4D07002B887C4C87B01342FD
:10E5540000D1A1E031301421794AFF300AF097FC50
:10E564002B880421180008400B420FD0A06DF3F74C
:10E5740068FCF3F766FCF3F764FC0300714A3800A7
:10E5840059301421FF300AF082FC4AE020211A009D
:10E594000A400B425CD0210001230200DDB2AC46EC
:10E5A4000C2555436519CE692D6904930592AE4235
:10E5B40001DD624605930C25454365192D69AE427C
:10E5C40044DB049001330C31062BE7D138000C25D1
:10E5D40041300C225C49FF300AF09EF8049B6B43E7
:10E5E400E3181869F3F72DFCF3F72BFCF3F729FC78
:10E5F400059B06005D4365192869F3F722FCF3F7D0
:10E6040020FCF3F71EFC029038000599049B0131AD
:10E61400593001914D4A142101330096FF300AF01C
:10E6240036FC3C009834200004F02AFA20004C34D4
:10E6340008F066FC200004F023FA200008F060FCD7
:10E6440038006C3008F05CFC07B0F0BD6046B9E7F8
:10E65400210001230C2050432018CE6900691500C5
:10E66400864201DD1D00DAB201330C31062BF1D1F3
:10E6740006336B43E3181869F3F7E3FBF3F7E1FBA5
:10E68400F3F7DFFB0090380059301421304A6B1C3B
:10E69400FF300AF0FCFBC4E710221D0015401342B2
:10E6A4000FD031302B4A1421FF300AF0F0FB606D9B
:10E6B400F3F7C7FBF3F7C5FBF3F7C3FB264A0300E5
:10E6C4005DE79B07C0D531301421244AFF300AF09E
:10E6D400DEFB012673006900E25E635E3900593196
:10E6E400FF3104919A4224DC002D0DD0012D19D064
:10E6F4006B00E05EF3F7A5FB14210090184A049820
:10E704006B1E0AF0C4FB09E00023E05EF3F799FBFB
:10E714000300144A142104980AF0B9FB0136042EAC
:10E72400D8D17EE70223E05EF3F78BFB0E4A0300A9
:10E73400F0E7F5B2DAE7C046380E0020D80D002025
:10E74400F2DF010804E001080EE0010819E0010805
:10E7540023E001082DE001083DE0010847E001083D
:10E7640073E0010856E0010864E0010813B50400F1
:10E77400FDF767FB064B1B78022B05D1200001A98E
:10E784006C300B8004F024FB2000FFF7D9FE13BD8E
:10E79400DC0E00207047704710B50A4C2378012B1B
:10E7A40008D107F097F958210368DB6898470020DF
:10E7B400207010BD022BFAD107F08CF9036859219F
:10E7C400DB68F3E7BD01002010B5040004210DF05F
:10E7D4006DFA200010BD704710B500F09FFB10BD0E
:10E7E40010B500F0C5FB10BD10B500F0A1FB10BDC5
:10E7F40010B500F0ABFB10BD822110B504008900F8
:10E804000DF054FA200010BD7047704770477047F0
:10E8140003007C33197001237D3003707047704707
:10E824000020704781644A1E9141014B1970704762
:10E8340013530020704700207047C36B10B5002BA2
:10E8440001D00800984710BD00487047FFFF000042
:10E8540010B5406803689B69984710BD70477047BE
:10E86400704770478830016070478830006870478F
:10E87400704710B5040000F0A7FB01236C3423702B
:10E8840000F03EF910BD10B500F081FB10BD10B5CD
:10E8940000F07FFB10BD10B500F052FC10BD10B5A8
:10E8A40000F0BEFB10BD10B500F070FB10BD10B53C
:10E8B40000F06CFB10BD10B500F068FB10BD10B586
:10E8C40000F064FB10BD10B500F09AFB10BD10B54C
:10E8D40000F09AFB00F014F910BD10B5040002F02A
:10E8E40041FF23682000BC331B68984710BD10B556
:10E8F40002F0DBF810BD10B504008C210DF0D6F940
:10E90400200010BD010010B57C3138300D4B0C785F
:10E9140001781A788C420AD0002A07D10A490B4A96
:10E9240008881488108001220C801A7010BD002AF7
:10E93400FCD0064A0449148808880C801080002200
:10E94400F3E7C046125300201A5300201C53002042
:10E95400094B10B51B888B4203D8084B1B88934284
:10E9640005D9A521064B074A07480DF0B7F9074B0F
:10E974001980074B1A8010BD1C5300201A53002025
:10E984007DE00108E0E0010823E1010818530020BC
:10E9940016530020F8B5040008001900002805D11A
:10E9A400134B144A144815490DF098F96264531E28
:10E9B4009A412368124D903320641B6820002A700A
:10E9C4009847E669002E10D033681F682B78002B17
:10E9D4000CD0236820005B6B9847236C834205D1DD
:10E9E400616C084B30001A88B847F8BD216CF8E711
:10E9F40065E101089DE1010823E10108010300002C
:10EA0400145300201853002002000300002010B506
:10EA14007E321278824203D0586803681B68984794
:10EA240010BD0000014B1878C0B27047D41000200C
:10EA340070B51E0004AB1C880B4B05001B78080046
:10EA44001100002B02D000F073FC70BD0122074BB3
:10EA54001A70230074433200F4F746F92800610069
:10EA6400F4F74AF9F1E7C046C80C0020D41000209E
:10EA7400002210B5024B1A7000F05AFC10BDC046BB
:10EA8400D410002010B5F4F7D5FE0028FBD010BD3B
:10EA940003000800C02110B589015918F4F736FEA7
:10EAA40010BD03000800C02110B589015918F4F7FE
:10EAB4005FFE10BD0022024B1A60024B1A607047C1
:10EAC400DC100020D8100020034B1A68002AFCD167
:10EAD40001321A607047C046DC1000200022014B4E
:10EAE4001A607047DC1000200122014B1A60704745
:10EAF400DC1000200022014B1A607047DC1000205B
:10EB04000122014B1A607047D81000200022014BEB
:10EB14001A607047D8100020024B1868431E9841B1
:10EB2400C0B27047D8100020064B10B51A68002AEE
:10EB340006D000221A60044B186803685B6F98477C
:10EB440010BDC046D810002020530020704700207C
:10EB5400704770477047002070477047222110B5F6
:10EB6400024B034A03480DF0B9F8C046EBE1010833
:10EB74000EE201084CE20108272110B5024B034ABA
:10EB840003480DF0ABF8C046EBE1010876E201085A
:10EB94004CE2010810B5040044210DF087F8200070
:10EBA40010BD000070B5040000252100064B0C3098
:10EBB40025726572012260602360203102F044FFF7
:10EBC4002000E56270BDC046A0F2010810B50B68D4
:10EBD40008001B6A984710BD012070470C2070473D
:10EBE4000C234B430833C01870470C234B430833A2
:10EBF400C018704701207047F42040017047F42387
:10EC04005B014B430833C0187047F4235B014B434B
:10EC14000833C0187047012070471020704709015D
:10EC24000831401870470901083140187047000046
:10EC340010B50400024B036001F057FC200010BD26
:10EC440058F3010810B50400FFF7F2FF2000142167
:10EC54000DF02CF8200010BD10B50400024B036029
:10EC640001F043FC200010BD24F3010810B504009A
:10EC7400FFF7F2FF200002490DF018F8200010BD44
:10EC8400881E000010B50400024B036001F02DFC47
:10EC9400200010BDF0F2010810B50400FFF7F2FFE8
:10ECA400200018210DF002F8200010BD10B504005A
:10ECB400074B0360074BC018FFF7BAFF20002C3046
:10ECC400FFF7CAFF20001430FFF7DCFF200010BD5F
:10ECD4008CF30108B41E000010B50248FFF7E6FFEC
:10ECE40010BDC0465414002010B50400FFF7DEFF29
:10ECF400200002490CF0DAFF200010BD282000009B
:10ED0400F0B52B4B85B02B4A03932B4B00241A6090
:10ED14002A4B1A60FDF776F90500FDF777F9230011
:10ED240001002200280000940AF05CF9244B254AD3
:10ED340020001A60FDF7DEF923480AF0B3F8234BEC
:10ED4400180002930CF0B6FFA0422CD0204C214FA7
:10ED5400214D224E224B2348A76023606060E66069
:10ED6400256101F0C3FB204B3800636101F0BEFB59
:10ED74001E4B3000E36201F0B9FB1D4F1D4B1E4AD0
:10ED84003800A350FDF758FA220039002800FDF797
:10ED940049FA29002000FFF719FF18480CF0BCFFBE
:10EDA40002980CF094FF0398FFF763FD05B0F0BDE3
:10EDB400E010002000120020681100200010002044
:10EDC4007C5300206C1100201800002050140020F7
:10EDD4005414002080140020203300200833002025
:10EDE4008CF3010868140020F0F2010824F30108F0
:10EDF4001C33002058F30108B41E0000DDEC0008A9
:10EE04007047000010B5FFF787FE002806D0044CB9
:10EE1400200002F0A7FC200001F0DCFE10BDC0467B
:10EE2400E010002070B52B4E2B4C2C4B300023608F
:10EE3400FFF7B8FE2A4D2B492B4B28000B600AF034
:10EE440059FF8021294B4900D964190000225C3103
:10EE54000A702749AA20D966190074310A70254915
:10EE64005E600B6024499D601A615A619A61DA619F
:10EE74001A625A629A62DA621A639A86DA631A64C6
:10EE84005A649A641A655A659A651A665A669A6645
:10EE94001A67DC60088019499A6708801849963017
:10EEA400088018490880184940380A701900FF384A
:10EEB4003831087015491648D967191DC8671900F3
:10EEC40014480831C867190088310A60124A1A6068
:10EED40070BDC046081400204C14002074F10108D1
:10EEE40070110020001200208CF10108E0100020B5
:10EEF40001000001205300201C530020185300205F
:10EF04001A53002016530020125300200000010160
:10EF1400000450001A001400ACF10108E023DB05E2
:10EF2400C918802300201B0499424041C0B2704795
:10EF340003000800812110B589005C5C591DFF3174
:10EF4400002C00D0191DFFF7ACFD10BD70B5812554
:10EF5400AD00435D461D0400FF36002B00D0061DA6
:10EF6400FFF790FD0123625D30005340635570BD8F
:10EF7400080010B511001A00F92B02D8FFF788FD1C
:10EF840010BDFFF78EFDFFF77DFDF9E77047002008
:10EF9400704770477047027903000120022A04D0A9
:10EFA4005879023843425841C0B27047054BC258A1
:10EFB400531C012A00D10023C01800794342584150
:10EFC400C0B27047AC1A000070B5040001F0DBFD5C
:10EFD40023689D6E06F07EFD01002000A84723688B
:10EFE40020000833DB6F984723682000DB6F9847C5
:10EFF400024BA36103234C34237070BD7C34002086
:10F0040010B501F0A5FD10BD10B50400FFF70AFD11
:10F014000028FBD1200001F0A7FDFFF777FD10BD0C
:10F02400F7B507008837050038680E00140001930F
:10F0340000280ED0036811009B689847002808D167
:10F044003868320003682100DD68019BA84701206D
:10F05400FEBD220031002800019B01F0DBFEF7E732
:10F0640010B5040002490CF021FE200010BDC0467A
:10F07400B01A000070B504000F4B0800E258551C8C
:10F08400012A00D10025E55066193379022B05D0F9
:10F09400DD210A4B0A4A0B480CF020FE0A4B0822D9
:10F0A400EB18DB00E1180DF0DCF803233371074B98
:10F0B4006B430833E01870BDA81A0000B4E20108DD
:10F0C400D1E20108CFE3010853030000480D00001A
:10F0D400074B10B5C358C0180379032B05D0FF2183
:10F0E400044B054A05480CF0F9FD0023037110BDDB
:10F0F400A81A000022E4010841E40108CFE3010852
:10F104000A4B10B5C258531C012A00D10023C2185F
:10F114001279022A05D0EA21054B064A06480CF06A
:10F12400DDFD064A9B18DB00C01810BDA81A0000BC
:10F1340010E5010831E50108CFE30108530300009D
:10F144001FB5040001F0B8FCA06903685B68984728
:10F15400FFF768FC031E0ED1A069029303930368B2
:10F1640002AC2100DB689847A38862882188E48880
:10F174000094FFF75DFC1FBD7047F0B5490087B0F0
:10F18400421802920C9A040092B2FF2B06D1029B01
:10F1940022800234A342FAD807B0F0BDD10AC902D2
:10F1A4005943FC2703911100FF003940594304914E
:10F1B4001F210A405A43DB43DBB2059201932588A1
:10F1C400019BE80AC0025843039BFF21C018F1F7D2
:10F1D40075F8C60A2800019B38405843049BFF2158
:10F1E400C018F1F76BF81F23019A1D405543059A87
:10F1F4003840F6020643FF21A818F1F75FF81F23F1
:10F2040018400643029B26800234A342D7D8C3E7A2
:10F2140070470000F7B51D4E019282591D0008ABDE
:10F224001F8804000091531C012A00D10023A3511C
:10F23400A359E2181179002908D11179002908D0BD
:10F24400AA21134B134A14480CF048FDFFF7E0FFC2
:10F25400EEE701211148117102005A43099908325D
:10F26400A218DB000A60E418009A0D4B6900E25210
:10F274000C4B019AE2520C4BE552F0F795FFB84261
:10F2840000DD3800094BE05280B2FEBDAC1A00002C
:10F294000FE601082CE60108CFE30108480D000041
:10F2A400981A00009A1A00009C1A00009E1A000086
:10F2B40070470000084B10B5C358C0180379012BE0
:10F2C40005D0B921054B064A06480CF007FD022378
:10F2D4000371FFF7EDFF10BDAC1A00005FE70108F2
:10F2E40080E70108CFE30108104B30B51B6885B0F7
:10F2F4009C69236820009B699847236820009B68C9
:10F30400984700280FD0002302930393236802AD8B
:10F3140029002000DB689847EC88AB886A88298834
:10F324000094FFF785FB05B030BDC0462053002094
:10F3340010B5FFF7D9FF10BD0A4B0B4A0B491A60F1
:10F3440000225A500A490B485A5004315A500A496B
:10F354001A715A5001214942195008485A711950DA
:10F364007047C0467C340020A0F30108981A0000BE
:10F374009C1A0000A81A0000A41A0000AC1A00008D
:10F38400B523B0229B00C35892009B00C31870B5EC
:10F394009C580320002C09D004329B58002B04D025
:10F3A4008025AD00605DFF2801D1002070BD044AB6
:10F3B4009B682100A25C9847FF236355F5E7C0468C
:10F3C400010200000A2303800048704798000020CF
:10F3D400F8B5124D82210700280000F003FD012139
:10F3E4000600280000F0FEFC81210400280000F043
:10F3F400F9FC002E01D01023B371002C03D040235C
:10F40400237100236371002803D040230371002378
:10F414004371432328003B80F8BDC0461C000020F4
:10F4240010B5FFF7D5FF10BDF8B5124D82210700C6
:10F43400280000F0D7FC01210600280000F0D2FCCF
:10F4440081210400280000F0CDFC002E01D01023FF
:10F45400B371002C03D0002323710233637100289D
:10F4640003D00023037102334371432328003B80FC
:10F47400F8BDC0461C00002070B5B526B6008359FF
:10F484000400B0339B001D580320002D11D0200030
:10F4940000F016FB832381229B00E850E918A3594E
:10F4A4009200B0339B00E4186368A858DB6898475F
:10F4B400002070BDB523F7B59B00C35804009B0022
:10F4C400C3180193B023019A9B00D7580E00032060
:10F4D400002F19D00F2314250B405D436519A8692B
:10F4E400002812D02821B2224B439200A258D318EC
:10F4F400596AF0F7DFFE0A1E07D10B00A96120004C
:10F50400310000F0CBFA0020FEBD852300229B00D1
:10F51400FA50019AB033D3581B69002BF3D08422DC
:10F52400822092008000B918385832009847EAE7E0
:10F53400B523B02273B59B00C35892009B00C31837
:10F544000D009E586946002204004A71CA80964202
:10F554005CD02978603208001040114230D0202855
:10F5640050D1EA886878002A23D049B2002910DAF9
:10F57400B12189005B5831009B689847EB881A1CBD
:10F58400072B00D90722310092B2200000F040FF7F
:10F594000DE080239B00F054131C402A00D9402323
:10F5A4009AB21B4B31002000F25400F047FF0020B8
:10F5B40076BDB12189005B5829009B689847F6E71E
:10F5C40068780B281ED8F0F7C7FD06F21D1D1D1D17
:10F5D4001D1D1D1D0F18A7239B00E35C032B11D1D8
:10F5E4006B460222991DD0E7A7239B00E35C032B03
:10F5F40008D16B460122591DC7E7A7239B00E35C92
:10F60400032BD4D02900200000F05CFE0320CFE7B8
:10F614000102000070B504000025812100F007FA02
:10F6240001212000258700F002FABC23B5265B00E7
:10F63400E5528221200000F0FAF9B022B600A35965
:10F64400E5649B00E31892009A58AA4211D0B122B3
:10F6540092009B585B689847A359B0339B00185994
:10F6640000F03AFAA359B0339B001D51AF239B001D
:10F67400E550002070BDF8B504008720800000F03C
:10F6840027FAB5260500B600002805D1A359B033E2
:10F694009B00185102204DE08722002192000CF0BB
:10F6A40043FDA359B0339B001D51AF239B00E5508C
:10F6B400237C002B3FD1802381219B000222200048
:10F6C40000F0A9F90121802321879B000222200058
:10F6D40000F0A1F9BC2301265B00E65223001022AE
:10F6E4004E331A8082210D3A0823200000F093F94A
:10F6F40023004C331E80812300279B00EF50D0331E
:10F70400E358B0339B00E3185B681B689847852374
:10F714009B00EF500433EF50143BEA58BA42B9D07F
:10F72400237CBB4211D180239B003100200000F0D8
:10F73400BEF90020F8BD402381210222200000F000
:10F744006AF9012140232187C0E74023EDE7030044
:10F754000320002907D0B522002092009A58B03225
:10F7640092009B1859607047B5239B00C358B0336F
:10F774009B001B580320002B06D0822080001950C8
:10F784008421002089005A507047B5239B00C35838
:10F79400B0339B001B580320002B03D08122002090
:10F7A400920099507047B5239B00C35810B5B033ED
:10F7B4009B001A580323002A11D08521890054582C
:10F7C400023B002C0BD1535084239B00D3580C399B
:10F7D40052588839C362FF3900F060F923001800D9
:10F7E40010BDB5239B00C35810B5B0339B001A5805
:10F7F4000323002A0BD081239B00D258037C002BC7
:10F8040007D180239B00012100F051F90023180047
:10F8140010BD4023F7E70020704700207047000028
:10F8240010B5064C002220000549FFF79DFF20007B
:10F834000449FFF7AAFF002010BDC046C001002004
:10F844002C4F0020AC4F00200A00AF2110B5084C0B
:10F85400890003006058A83941580120002906D1C5
:10F8640019002000FFF780FF2000FFF79CFF10BD68
:10F87400C001002073B56B460D4D9E1D33002A0058
:10F8840009680400F4F722FD002805D13188002915
:10F8940002D02800FFF7D8FF064D21002800FFF70B
:10F8A40074FF002802D12800FFF79BFF76BDC046F5
:10F8B4002C4F0020C001002010B5212818D0222888
:10F8C40029D0202801D0002010BD4B780A781B02D3
:10F8D40013438A7812041A43CB781B061343124A43
:10F8E40013600B7913714B7953718B799371EAE738
:10F8F4000D4B1A680A701A68120A4A701A68120CB8
:10F904008A701A68120ECA701A790A715A794A7181
:10F914009B798B71D7E74B889B07D4D5202103486B
:10F92400FFF792FF40B2CFE7A400002068D101089E
:10F93400002802D0022801D0032070470120FCE7F0
:10F94400A72310B59B00C1184033C05800F030F90C
:10F9540010BD28234B43C318FC33DA6EB72310B50C
:10F964009B00C05800F054F910BD28234B43C31822
:10F974009A6AB72310B59B00C05800F08BF910BDEC
:10F98400B72310B59B00C05800F017FA10BD70B52E
:10F99400C3790400022B01D0F3F78CF8B725AD002E
:10F9A4000121605900F006FA605900F0D0F970BDE9
:10F9B40070B5B225040000221148AD001100605159
:10F9C4004023F6F75CFC8023605919000022F6F707
:10F9D40056FC6059C02300228121F6F750FC802395
:10F9E4006059002201215B00F6F749FCA02360590D
:10F9F400002282215B00F6F742FC002070BDC04665
:10FA04009C040020B22310B59B00C058F5F7D6FE25
:10FA1400FFF78EFF10BD10B514001A002300B224A6
:10FA2400A4000059F6F740FBFFF782FF10BDB22394
:10FA340010B59B00C058F6F765FBFFF779FF10BDC2
:10FA4400B22310B59B00C058F6F7BDFBFFF770FF5B
:10FA540010BDB22310B59B00C058F6F7E2FBFFF7C8
:10FA640067FF10BDB2239B00C35848B22822002868
:10FA740005DA7F2001404A439B18987D70474A432A
:10FA84009B185733FF331878F8E7B22310B59B005F
:10FA9400C058F5F7A8FEFFF74BFF10BD10B5B22410
:10FAA400A4000059F6F777FBFFF742FF10BD10B52D
:10FAB400B224A4000059F6F74BFBFFF739FF10BD41
:10FAC400B22310B59B00C058F6F75DFB10BD0000D3
:10FAD40000487047EC4F00207047000010B5002824
:10FAE4000AD110480CF0BAFA0F480CF0B7FA0A2001
:10FAF4000CF0C4FA032010BDAE240023A40003516B
:10FB04000C3403510C340351994202D0AD239B00B1
:10FB1400C150A72301219B00C1540270FFF748FF85
:10FB2400E9E7C04652E801085AE8010813B5002382
:10FB34006A460400D38099420AD10E480CF08EFA2A
:10FB44000D480CF08BFA0A200CF098FA032016BD2D
:10FB5400AE239B00C150CB6A002B04D0901D984764
:10FB6400B4239B00E050B6229200A3580020013336
:10FB7400A350ECE752E8010870E8010810B5FFF75C
:10FB840041FF10BDAE239B00C25810B5131E02D016
:10FB9400136898470300180010BDAE239B00C35898
:10FBA40010B55B689847002800D0032010BD000002
:10FBB400164B70B5C5180400280000F06FFBA52390
:10FBC40001229B00E2501C33E25A183BE2500F4BD7
:10FBD400E15C1F230B40012B08D0022B0BD0002B20
:10FBE4000ED12900200000F01DF970BD290020006D
:10FBF40000F070FAF9E72900200000F0A0FAF4E719
:10FC04007F2320009943FFF71BFFEEE7AA020000C1
:10FC140070B50400100000292AD1A5239B00E358E5
:10FC2400032B0FD125005535FF35AB68EA689342A5
:10FC34000AD99B1AAB609A4200D91A00010020002D
:10FC440000F00CFC002070BDA7239B00E35C032B99
:10FC54000AD1AE239B00E3581B69002B04D0B522C4
:10FC640092002000A1509847200000F0FFFBE9E734
:10FC7400A7239B00E35C032BE4D1AE239B00E35852
:10FC84009B69002BDED0B52200209200A0502000FA
:10FC94009847D8E770B50D0004001100002D44D139
:10FCA400A5239B00C358022B0DD1C369026A93425A
:10FCB40012D99A1AC26100F0B9FB2B002A0029005C
:10FCC4002000FFF7F4FEA8239B00E25C002A01D089
:10FCD4000022E254002070BD93420DD18269934208
:10FCE4000AD8A626B60083599A4205D22A002900CA
:10FCF40000F09CFBA551E0E7A7239B00E35C032BEA
:10FD04000BD1AE239B00E358DB68002B05D0B52252
:10FD1400002192002000A150984780212000FFF785
:10FD24008FFE200000F0AEFBCDE7A7239B00C35C51
:10FD3400032BCFD1AE239B00C3585B69002BC9D0E2
:10FD4400B52200219200815029009847C3E7F8B5F5
:10FD5400A723012200219B00C254083BC150103349
:10FD64004160C150043BC1541833C35804008B4252
:10FD740018D100260022402311002000FFF74BFE7B
:10FD8400B22301275B00E75223004025FC335D6664
:10FD940000222B0080212000FFF73DFE3000A784C5
:10FDA4002562F8BD5B68002BE3D098470028E0D0BB
:10FDB4000326DFE7017400207047A72310B59B00DA
:10FDC400C35C032B08D1AE239B00C358002B03D084
:10FDD400DB69002B00D09847002010BD002070473D
:10FDE4000020704710B5C278837812021A43037852
:10FDF4009A420AD904780019E31844789BB2052C76
:10FE0400F6D184788C42F3D110BD0020FCE710B504
:10FE140004008021FFF714FE00212000FFF710FEEC
:10FE240010BD0000F7B560220B780D0013401900D7
:10FE3400921820390400114206D0002B10D0200063
:10FE4400FFF7E5FF002509E0B5239B00C35829000F
:10FE5400AE339B001B589B68984705002800FEBDE5
:10FE640068780928EBD8F0F78BF9FC002101EAFF48
:10FE74001101EAFF71000A00EAFFE50093006B46F6
:10FE84009E1D002333806B88180A01380628D6D8B3
:10FE9400F0F762F9041D2BD5D5455000AD239B0026
:10FEA400E358207C1B6831009847E988002900D179
:10FEB400A3E03288002AC2D00B1C914200D9131C43
:10FEC40001009AB23380200000F0A2FABAE7AE2310
:10FED400227C9B00E358002A05D19B6A3000984796
:10FEE40002234370E1E7DB6AF8E7D8B20528A6D815
:10FEF400AD239B00E358F0F739F903080A0C0E1000
:10FF04005B68002B9BD0207CCDE79B68F9E7DB681E
:10FF1400F7E71B69F5E75B69F3E79B69F1E7237C86
:10FF2400002B00D08BE7AE239B00E35830005B6BC3
:10FF34009847BAE7237C002B00D080E7AE239B00D0
:10FF4400E35830001B6B98470723CAE7AB88002BA4
:10FF540000D074E7EB88002B00D070E76D887F2D0C
:10FF640000D96CE7A726B600A35D032B00D166E792
:10FF7400564BEDB2E55429002000FFF786FD200022
:10FF840000F074FA0223002D00D10123A35559E790
:10FF9400A9784F4D2970012904D92000FFF737FFB4
:10FFA40003255BE7A726B600A35DDFB2022B09D0C9
:10FFB400032F1AD02000FFF72AFF20002978FFF72B
:10FFC400ECFDEDE7002918D0012120006160FFF766
:10FFD400D9FD05002000002D03D0FFF718FFA75519
:10FFE4003CE700F043FA0323D0E7002909D10223B8
:0CFFF4002000A3556160FFF7D0FD200045
:020000040801F1
:1000000000F036FA20E761680129F8D0C9B2200073
:10001000FFF7C5FD297820006160FFF7B5FD051EDB
:10002000EDD02000FFF7F5FE61682000C9B2FFF7B0
:10003000B6FD0223A35513E7EA88012A00D000E7A2
:10004000A7239B00E15CCBB2022907D8002B00D18B
:10005000F7E600232100A360083136E7211D032BBA
:1000600000D132E7EDE6A7239B00E35C013B022BC6
:1000700000D9E6E6EA88022A00D0E2E6A9239B003E
:10008000E358591E8B4121005B00E3600C311CE7F3
:100090006B88012B03D1A9229200A350AFE7022B5A
:1000A00000D0CEE6A822AB8892001B0AA354A6E794
:1000B000A7239B00E35C013B022B00D9C1E66B88C0
:1000C000012B00D0C0E6A92300229B00E25096E756
:1000D0009E0200000C52002060230A7870B5134085
:1000E00004000E00520601D5402B25D1A7239B000A
:1000F000E35C013B022B1FD83179200001291CD879
:10010000FFF76EFE032500280CD1AE239B00E358B9
:100110009B68002B06D0B5229200A0503100200031
:1001200098470500F388002B04D1002D02D1200050
:1001300000F09EF9280070BD2000FFF76AFE002540
:10014000F8E770B50B788A880E0060210B40040038
:10015000180049182038D5B208425ED0002B03D0D1
:100160002000FFF756FE42E07378012B41D0032BAD
:1001700026D0002BF4D1A7239B00E35CD9B2022B3D
:1001800000D168E00329EBD10F2314262B407343E1
:10019000E318120600D46FE09B8C002BE0D07F2385
:1001A0002B4001335E43A619802D00D171E0290058
:1001B0002000FFF759FC002800D16FE0012369E01F
:1001C000A7239B00E35CDAB2022B38D0032AC7D105
:1001D0007388002B08D16B0606D0F388002B03D15F
:1001E00029002000FFF72EFC200000F041F900203C
:1001F00070BDA7239B00E35CDAB2022B1FD0032A59
:10020000AED17388002BF2D16B0603D029002000F9
:10021000FFF721FC200000F02BF929002000FFF758
:10022000E1FD0028E3D1B5239B00E0501C3BE358DF
:100230009B68002BDBD0310020009847D8E76B0685
:1002400000D18DE729002000FFF7FCFB8021200072
:10025000FFF7F8FBCBE76D0600D081E721005531B1
:10026000FF31120601D54139FF39002302220B600C
:10027000200000F0CFF8BAE76533FF331B88002B6E
:1002800000D16DE76E435536FF36A619002D00D01C
:100290008DE70023336002223100E9E73060FAE79E
:1002A0000B7803704B784370CB788A781B0213432A
:1002B00043804B790A791B0213438380CB798A7977
:1002C0001B021343C380704710B504008021FFF761
:1002D000B9FB00212000FFF7B5FB10BD70B504008D
:1002E0000D001600002811D0EFF730FF8022C0B2B9
:1002F00001304300904200D9530033802B70032318
:1003000000216B70013B2278002A00D170BDEA54B5
:100310005A1CD2B202330134A954DBB2F3E7000015
:10032000122301480B807047E0000020042301489D
:100330000B807047DC00002070B5002652008A1840
:10034000050FECB223003733092D00D8073B0B70A3
:100350004E70023100018A42F2D170BD1A2310B5ED
:100360000B800A4B18680A4B1B68C01800280AD07B
:10037000084B08221C680849FFF7DEFF0422200012
:100380000649FFF7D9FF064810BDC0465075FF1F4C
:100390005875FF1F5475FF1FC2000020D2000020B7
:1003A000C000002010B5044C0A0021000348FFF7EC
:1003B00095FF200010BDC0461052002085E80108BE
:1003C00010B5044C0A0021000348FFF787FF200006
:1003D00010BDC0461052002098E8010810B5044C2A
:1003E0000A0021000348FFF779FF200010BDC04636
:1003F00010520020AEE8010810B5044C0A0021009C
:100400000348FFF76BFF200010BDC04610520020CC
:10041000B9E801081300A52210B502249200845007
:100420000A0083610021C361FFF73AFB002010BD81
:1004300010B513000A000021FFF732FB002010BDA9
:100440001300A52210B50324920084500200FC3250
:10045000D36513660A000021FFF72BFB002010BDB7
:1004600010B513000A000021FFF723FB002010BD88
:10047000A52304229B0010B5C25000231A001900C6
:10048000FFF70EFB002010BDA52305229B0010B531
:10049000C25000231A001900FFF70BFB002010BD0B
:1004A0008088704770B5036805000C005B6A002106
:1004B00098472B6806001B6A28009847A41B010078
:1004C000A0B2EFF773FE80B270BD00238380704747
:1004D00010B50400036881885B6A9847A3880133DC
:1004E000A38010BD10B503685B6A984710BD7047C4
:1004F000024B0360002383807047C046CCF30108A1
:10050000806A7047836A002004E0581A42425041D2
:100510009B69C0B2002B01D00028F6D070470023A1
:1005200048618B61836A002B01D1816204E01A006B
:100530009B69002BFBD191617047002203E0996910
:1005400081625A619A61836A002BF8D17047002357
:1005500083627047F7B50193431DDB7F0D001600E2
:10056000002B01D0019B1860846A22E0A31DDB7F71
:10057000002B1DD00423E15E8D4219DB238989B253
:10058000CB181BB29D4213DA0623E25E96420FDBC4
:10059000638992B2D3181BB29E4209DA2368B21A59
:1005A0005B6A691A1F002000019B12B209B2B847AA
:1005B000A469002CDAD1F7BD002303804380838037
:1005C000C380704770B50D001600846A06E023688A
:1005D0002000320029005B6D9847A469002CF6D1F9
:1005E00070BD70B50D00846A05E02B6821002800FD
:1005F0009B689847A469002CF7D170BD704710B56F
:1006000004002C210BF054FB200010BD836A002B4A
:1006100016D08B4208D100219A69596182628A42C0
:1006200000D10DE099610BE01A009B698B4205D166
:100630009969916100225A619A6101E0002BF3D11E
:100640007047836A10B50C001100002B03D10368BA
:100650001B6E98470FE0002C00D002E0936182628D
:1006600004E09C4204D19A698A619961486102E080
:100670009B69002BF5D110BD0023F0B587B08C6AC3
:100680001F001A009C460121038043808380C380A1
:1006900000930593019302934EE00826A55F03950E
:1006A000002D48DD0A26A55F0495002D43DD0423B7
:1006B000E55E0626A35F029E002E02DD019E002E4F
:1006C00006DC0093049B2A000193039B02932EE017
:1006D000161CAA4200DD2E1C36B205966E46009FFF
:1006E00036889F4200DD1E1C029F36B2D219039F3E
:1006F000ED19171C12B202922AB29446029A624570
:1007000000DA2F1C059A009DBF1A3AB20292019A94
:100710009446049A65449B181FB22A1C2DB2BD4210
:1007200000DA1A1C921B13B2059A019300960B0073
:100730000F008C460591A469002CAED1002B01D08E
:10074000009B4380002F00D00280059B002B01D02E
:10075000019BC3806346002B01D0029B838007B0BE
:10076000F0BD0000F0B51C006D4BA3B01B680492F7
:1007700003914D331B78289A009300231380299A04
:10078000070013802360049A2300FFF7E3FE009B19
:10079000032B00DCC1E039000EA806F046FC2668F9
:1007A000002E24D012AD2800310006F03EFC0CAB28
:1007B00008229A5E039BD2180423E95ECB0F5B18D4
:1007C0000020295E5B105B18D21A0CAB0A215B5E1D
:1007D000049952435B180621685EC10F0918022074
:1007E000285E491009185B1A5B43D31801E0012306
:1007F0005B42059303230693009B0C2B04DC03212F
:10080000581EEFF75DFD06904022464912A80BF0F6
:100810002AFD009B089300230193019D06992B005C
:10082000089801330193EFF74BFD01231D406D0143
:1008300012AB5D1900230B9007936B469A8D2B68C2
:10084000039953439BB2591809930423F85E09B2E4
:10085000814252DB3B891B181BB299424DDA6B680F
:100860005343049A9BB20A939A180623F85E12B275
:10087000824242DB7B891B181BB29A423DDA00237D
:1008800038000D930DABFFF765FE0D9B0293002B17
:1008900033D0B34231D010AE1900300006F0C5FBA2
:1008A0000EA900228B5E039A9B189C460422B05E20
:1008B000C20F12180023F05E6346521012189B1AE2
:1008C00002228A5E04995B4352180621705EC10FB2
:1008D00009180220305E49100918521A52439B1819
:1008E000059A934208D20D9A09992260289A059395
:1008F0001180299A0A991180029E079B08350133BD
:100900000793042B99D1009A089B9446634408935B
:10091000069A019B934200D07FE723B0F0BDC0460A
:100920002053002038CE0108F7B50022835E8C8862
:100930009C460023CF5EE41924B2A44504DA8288E1
:10094000624412B2974205DB002303804380838018
:10095000C3802DE00223CD5E0223C65ECB885B19E7
:100960001BB29E42F0DAC3889B191BB201939D42D1
:10097000EADA6346BC4500DA3B1CB4461FB2AE421D
:1009800000DAAC466346261C1DB2944200DD161CFC
:10099000F61B86804A88C988019B5218111C12B226
:1009A0009A4201DD6B469988491BC18007804580CA
:1009B000F7BDF0B5831DDB7F85B0002B36D0846A90
:1009C000002C33D00023CD5E02228B5E01930423E2
:1009D000CE5E0623CF5EA31DDB7F002B23D002ABB0
:1009E000019A1800211D5A801D809E80DF80FFF72C
:1009F0009BFF02AB04229B5E002B14DD02AB0622A0
:100A00009B5E002B0FDD02ABA2881B8820009B1A87
:100A100002AA13805388E2889B1A02AA5380236893
:100A200011009B689847A469002CD4D105B0F0BD93
:100A300073B5831DDB7F0D001600002B2CD0846A5C
:100A4000002C29D0A31DDB7F002B23D008222900F6
:100A500068460BF008FC6846211DFFF765FF6B46F2
:100A600004229B5E002B15DD6B4606229B5E002B4D
:100A700010DD6B46A2881B8869469B1A6A46138064
:100A80005388E28820009B1A6A465380236832000C
:100A9000DB6D9847A469D3E773BD13B50368B4331E
:100AA0001C680023009301936B46A04713BD02000E
:100AB00001234F327130137003707047020001231D
:100AC0004F327130137003707047012210B54368C4
:100AD0005A72406803681B69984710BD10B540689A
:100AE00003689B68984710BDF0B591B016AC248898
:100AF0000F930A9417AC248806AB0B9418AC248887
:100B00000C9419AC24780D941AAC24780E941BAC78
:100B100025881CAC26781DAC27784124E418E47F96
:100B20000897A446634609930E9B046805930D9BA2
:100B3000079604930C9B069503930B9B02930A9BC9
:100B400001930F9B0093246C13000022A04711B067
:100B5000F0BD0000044A030012780120002A02D0F0
:100B600072331B78584070471453002010B50400AE
:100B7000406803689B689847230071331B78002BFB
:100B800002D001237234237010BD10B50400FDF7AC
:100B900093FFFDF73BFE60680368DB689847E068F9
:100BA00003689B689847236820009B6F984710BD97
:100BB00010B5040003680833DB6F98472368DB6FC8
:100BC0002000984723004C331B78022B01D0FDF7FF
:100BD000ADFF23685B6FF3E7F0B50400036887B0EF
:100BE000C0331B68984723004C330093654B019337
:100BF000002800D1B4E0009B1B78022B02D001201A
:100C0000FDF705FE23002500002627006E331A7825
:100C10006F352A701F3BDE777D371E703B78B342FD
:100C200005D023682000D4331B6898473E7023000A
:100C300001264E331B78626873405372019B1E700D
:100C400004F04AFF03685B6B98472B78002B00D1B8
:100C50002E7004F041FF03685B699847206E0368BB
:100C60001B69984722002B787032013BDBB22B7056
:100C70001278002A01D0002BEBD12100424A6C31BE
:100C8000137801335BB21370097849B2994215DCCD
:100C90000023E0681370036805AADB6804A998477D
:100CA0002368002806D0CC3320001B68059A0499DD
:100CB000984703E0D03320001B6898470023606901
:100CC00002AAD37198420BD00368D11DDB68984704
:100CD000002805D0206E02ABD9790368DB689847FD
:100CE000200020300AF082FB230074331B78002B95
:100CF0002CD0206903681B699847A36F0500002B5F
:100D000000D122E0214AC31A93421FD92069036807
:100D10009B6998470600A06F6421281AEFF746FAEE
:100D200001003000EFF742FA6423002805DD0023BC
:100D3000632802DC64331B1ADBB222006D321370AD
:100D4000206900210368DB699847A56723682000B4
:100D5000E0331B68984704F0BFFE03689B6B98471D
:100D600023682000C4331B689847009B1B78022B24
:100D700002D00120FDF74CFD0023019A137007B04B
:100D8000F0BDC046115300201053002000E1F505CE
:100D900010B50400FDF7A4FE002263689A7210BD2E
:100DA00010B5203001640AF01FFB10BDF0B504003F
:100DB0000E25270087B004A80592049104F030FCAA
:100DC000049B03AE6D443380059B290030007337CC
:100DD0002B8004F07FFC397832882B8800290DD0D5
:100DE000A06E616E80B2009313000200200089B2F1
:100DF00020300AF009FB00280CD005E0200020304C
:100E00000AF03EFB01233B700022B35E63660022C2
:100E1000AB5EA36607B0F0BD10B5002B45D008004F
:100E200001245040204208D0CB1803E01078013252
:100E3000087001318B42F9D837E0224204D0107893
:100E4000013B087001320131012B17D9080003243E
:100E50005040204226D001201C008443081903E0A2
:100E6000148802320C8002318842F9D801200340F4
:100E700004E01088023B08800232023103201C008B
:100E80008443081901E010CA10C18842FBD803202E
:100E90000340CB1803E010780132087001318B4217
:100EA000F9D802E02242E4D1E8E7012010BD10B5F4
:100EB000040073342378002B09D0836E426E9BB2FA
:100EC000012192B220300AF0DBFA0023237010BD1A
:100ED000054B1B681A005C321278002A02D0186D8C
:100EE000002800D19868704720530020F0B587B0E3
:100EF00002930CAB14001A8800230F0005008069D0
:100F00000593036805A9019100921E68220039002B
:100F1000029BB047029B134E03903380FFF7D8FF2C
:100F200003681B6B9847002802D0012807D00EE009
:100F30003388059A6343DB195B00D31A06E003226A
:100F400033885C43E4196243059B9B1A2B64E86970
:100F5000002804D0036832881B68296C98470398DE
:100F600007B0F0BD18530020F8B50600194B0F006C
:100F70001888330081331978EFF7A2F90400FFF7DE
:100F8000A7FF0368356C1B6B9847012809D002281E
:100F90000ED0002812D167430F4A14887C436400A6
:100FA0000BE07C430C4B1B88634303245C4304E04D
:100FB0006743094B1C887C43A4002D1BF0693564F2
:100FC000002805D0044B29001A8803681B6898473D
:100FD000F8BDC0461653002018530020F0B591B05C
:100FE0001D0016AB1B8804000C9317AB1B880A91DD
:100FF0000D9318AB1B880B920E9319AB1B780F93B4
:101000001AAB1E781BAB1F78FFF762FF03681B6BE0
:1010100098470C4A2368089007900997128805960C
:1010200006920F9A009504920E9A200003920D9A50
:101030000A9902920C9A01921E6C00220B9BB047F7
:1010400011B0F0BD18530020F0B593B00D9318AB5C
:101050001B880B910E9319AB1B880C920F931AAB44
:101060001B88040010931BAB1B7811931CAB1F78DB
:1010700003681D6C0F4B1E88FFF72AFF03681B6B6C
:10108000984702230793013B0593119B0890049313
:10109000109B002203930F9B200002930E9B0B9941
:1010A00001930D9B0997009306960C9BA84713B0DC
:1010B000F0BDC04618530020F0B58DB0099312ABB7
:1010C0001B8807910A9313AB1B8808920B9314ABF0
:1010D0001D7815AB1F7803680400DB6D06930B4B7E
:1010E0001E88FFF7F5FE03681B6B98470B9B049067
:1010F00001930A9B20000093089A099B0799069C7C
:10110000059703960295A0470DB0F0BD1853002037
:1011100010B5074B04001B78002B07D003685B6BEE
:101120009847236C834201D1606C00E0206C10BDB5
:1011300014530020F0B5040095B010000F00019288
:10114000029307F0CBFE002800D1D3E023682000F3
:10115000DB6A9847236820001B6B9847019A664E0C
:101160000CAB9A803388654D0593654B0DA80393AE
:101170001B8806932B880793624B04931B88089364
:1011800007F046FF28800DA807F078FF049B80B287
:1011900018805D4B1A782B88002A01D1338001E03A
:1011A00030801800039B1880236C01980393636CB4
:1011B000049307F093FE010060642064E069002856
:1011C00004D04D4B1A8803681B6898470422BB5E05
:1011D000380009930622BB5E002211000A93F8F73B
:1011E00069FDBB1DDA7F0B920122DA77029B062292
:1011F0009B5E029A0421525E391D002A0ADD002BF3
:1012000008DD082210A80BF02EF8029910A8FFF7AD
:101210008BFB03E0082210A80BF025F8374B0EA833
:1012200000229A5E374B00215B5E002112910CA9CF
:10123000CB838A83082210A90BF015F812A90EA8F7
:10124000FFF772FB236D002B01D1002317E00DA8DF
:1012500008F05CF80500206D03681B6B9847854219
:10126000F3D1FFF735FE036805000DA89E6B08F06B
:101270004DF801002800B04701234340DBB22500B0
:1012800000265C352B707B697E6101933B683800DA
:101290009B680EA99847019B0B9A7B61BB1D2E7022
:1012A0000999DA7738000A9AF8F704FD039B124D82
:1012B0002364049B069A6364059B20002B80104BDB
:1012C0001A800E4B079A1A800E4B089A1A802368D0
:1012D000DB6A9847236820001B6B9847E669002E5D
:1012E00008D0336820001F68FFF712FF2A8801002A
:1012F0003000B84715B0F0BD185300201C53002033
:10130000165300201A53002012530020F0B58FB05E
:10131000029314AB0600188815AB01921A8816AB1D
:101320001B8800250393802317ACDB0027880593D7
:1013300005AC039BA08230000691E28223830895CE
:101340002577FFF7E5FE029B019A7B439B185B0024
:10135000C01804AB09900533706867836577E5832F
:10136000DD77036821005B6898470FB0F0BDF0B5EA
:1013700091B0039316AB1B880025049317AB1B8811
:101380000600059318AB1F8880231B010191029270
:1013900007930A950895FFF7BBFE039B029A7B43D0
:1013A0009B185B00C018049B07ACA382059B0B90A5
:1013B000E382019B70680A9306AB0533258367833C
:1013C0000E95DD77036821005B68984711B0F0BD8A
:1013D00030B503A8058804A8007800240B2801D89C
:1013E000034C245C6A435118E4084C43181930BD7F
:1013F00088F40108F0B595B005931AAB1B88050079
:1014000006931BAB1B8808AF9C461CAB1B8807933D
:101410001DAB1B8808931EAB18781FAB1C7820AB44
:101420001B88039321AB1E784923DB19DB7F0493D0
:101430004D23DB19DB7F099380230B2E0ED0022E68
:1014400006D1403BFF2809D1002C07D1203B05E005
:101450000423FF2802D1002C00D1033B0B936346E9
:1014600000270BACA382079B2077E382089B280010
:101470000C910D9223830E97FFF74AFE049A05996B
:101480000192039A030000922800069AFFF7A0FF3A
:10149000039B08AA6383049B0F90A377099B68684A
:1014A000E3770D239B186677DF77036821005B687D
:1014B000984715B0F0BDF0B595B007931AAB1B88EF
:1014C0000D0003931BAB1B880C0008931CAB1B780F
:1014D000069205931DAB1F881EAB1E781FAB1B78B1
:1014E000059909930023022204900E93FF2900D04E
:1014F000063204980B920C93FFF70AFE079A03003A
:101500000699049801960097FFF762FF0F90002E4E
:101510001BD1059BFF2B18D1FC22EC0C6B09D200D0
:101520001340E4021C43039B069A3B431A431300F7
:101530002D06ED0E2C43A4B2DB0706D4039B7F08D7
:101540005B08039323041C190236059A0BA9039B1D
:101550000A77099A8B82089BCA770D22CB820023D7
:1015600008A812180B83D377049B4F8358684E77D3
:101570008E77CC6003685B68984715B0F0BD0000BB
:10158000F0B51E000A4B85B01F88150003910400BA
:10159000FFF79EFC03681B6B9847330001902A00FD
:1015A000200003990097FFF713FF05B0F0BDC04678
:1015B00018530020F0B58FB018AC24780193039431
:1015C00019AC248814ABA4460500188815AB00920A
:1015D0001A8816AB1B880026029363461AAC059343
:1015E000029B277805AC2383039BA08228000691E9
:1015F000E28223770896FFF78BFD019A009903009A
:101600002800FFF7BDFF0C4B09901B886383FFF791
:101610005FFC03681B6B9847179BA077089304AB8C
:10162000607705336868E777DE77036821005B68D9
:1016300098470FB0F0BDC046185300200023F0B506
:1016400001268FB008938BB2019303680291039235
:101650005B6B059605000F0C98473A000199030053
:101660002800FFF78DFFAB6C0690099302AB9B88B7
:1016700005ACA38202ABDB88E3820D4B1B8823837E
:101680006383FFF725FC03681B6B9847FF2302AABF
:101690002377F23B6077A0779B186868E677DE7760
:1016A000036821005B689847A86C0FB0F0BDC04686
:1016B00018530020F0B51E00002301278FB00893B7
:1016C0008BB200930B0C01930368029103925B6B46
:1016D000059705009847019A009903002800FFF735
:1016E0004FFF0996069002AB9B8805ACA38202AB24
:1016F000DB88E3820D4B1B882383149B6383FFF7F6
:10170000E7FB03681B6B9847FF2302AA2377F23B92
:101710006077A0779B186868E777DF770368210018
:101720005B68984730000FB0F0BDC04618530020EA
:101730007FB504000E0C029103928DB2FFF7E8FC16
:101740003200030029002000FFF71AFF0549226834
:10175000098803000091156F20000299039AA84799
:1017600004B070BD1853002070B5050072352B7899
:101770000400002B1DD00220FDF74BF822000023AF
:1017800071322B70137023682000C8331D68FFF777
:10179000BFFC01002000A847E569002D09D02B6897
:1017A00020001E68FFF7B4FC024B01001A882800D5
:1017B000B04770BD1853002070B505007F352B78F9
:1017C0000C008B4208D00368002901D1D83300E017
:1017D000DC331B6898472C7070BD000010B50E4BB1
:1017E00004001B78002B0DD103004C331B78002B19
:1017F00008D1406800F034F9002803D06268537AB9
:10180000002BFCD0FDF762F900212000FFF7D4FF88
:101810002000FFF77DFC10BD14530020F8B5040034
:101820000368002903D1DB6A984705000EE0060033
:1018300000227F3637783270DB6A9847012163686F
:101840000500997220003770FFF7B6FF2800F8BD39
:10185000C3680069181A43425841C0B2704703690F
:10186000C2689B1A002B01DC82689B1801220021B0
:10187000D80F9A424841C0B2704724220369406899
:101880005343C018704710B503681B69984710BDD3
:10189000012370B503720400406803689B69984790
:1018A0000500006808280AD8002840D00138072819
:1018B0003DD8EEF75DFC332C3C203C3C3C2680239D
:1018C0009B0098422AD00DD8802827D005D8E13B2C
:1018D0002038FF3B98432AD120E080235B009842C8
:1018E0001CD024E08023DB00984217D080231B010A
:1018F00098420CD01BE023682000297F9B6B9847FF
:1019000010E023682000297F9B6B984703E0236841
:101910002000DB6B984723685B6B05E023682000A1
:10192000DB6B984723681B6B29002000984770BD2C
:1019300070477047704710B5C268036904009B1A6E
:10194000002B01DC80681B18012B0FDD242353437F
:1019500060682122C0180AF086FCE368A26801339F
:101960009A4200DC9B1ABFF35B8FE36010BD0369F2
:10197000826801339A4200DC9B1ABFF35B8F0361DC
:101980007047000070B504000E00606803685B6873
:1019900098470028F9D10D4D286803680433DB6FA0
:1019A0009847FDF7A3F828680121FFF705FF606855
:1019B000310003689B68984723682000DB6A9847DA
:1019C00028680368DB6F984770BDC046205300202D
:1019D00010B5FDF77BF8FDF783F810BD70B5040076
:1019E000406803681B689847051E07D1237A002BBF
:1019F00004D0606803685B69984725726068036873
:101A00001B689847002804D1236820005B6A984728
:101A100001E0FDF771F870BD10B5040014210AF063
:101A200047F9200010BD10B50400406803681B682A
:101A30009847002809D1637A002B06D0237A002B1F
:101A400003D1236820005B6A984710BD034B4160B7
:101A5000036000238260C360036170479CF4010847
:101A600010B5406803681B68984710BD10B5054B5A
:101A700018680368AC331B689847013843425841E3
:101A8000C0B210BD2053002070470838704713B50E
:101A900004000800520005AB8018228A0021595E1C
:101AA00006AB1B780092E268FDF769FB13BD10B529
:101AB000FDF764FB10BD000010B5040014210AF00E
:101AC000F7F8200010BD08B4024B9C46083808BC4B
:101AD0006047C046B91A01080730C1777047073020
:101AE000C07F70470023038043808380C38070479A
:101AF00010B50400082264310AF0B5FB200010BDC7
:101B0000704710B5040070210AF0D2F8200010BD13
:101B1000002804DA1F22C3171340181800E01F30F2
:101B200040117047F0B5C31DDB7F04008DB0002B62
:101B300000D11EE1036801009B6E06A898471F2193
:101B4000E06BE36AC2170A40121852110393530064
:101B50000093039B656B0B41039E0B409B19EE1793
:101B60000E40761976115B119B1BDE17009A9B19AC
:101B700073409A4212DC276BA66BFB170B40DB19F4
:101B80005A11F3170B409C46B44463465B11D31AB9
:101B9000DA179B185340009A9A4203DD236806A97E
:101BA0001B69E4E0039BEA18D30F9B185B101BB280
:101BB000DA170A40D3185B11F2190593D30F9B185B
:101BC0005B101BB2DA170A40D3185B110493431C55
:101BD000032058438010FFF79BFF06AB04229B5E57
:101BE0000399019306AB06229B5E6D1A02936B4626
:101BF0001A8A9B8A01990093029B80B2994254DA17
:101C0000009B191A0BB20593009BC1188BB203936A
:101C1000002D02DABE4226DA03E0002D23D0BE42B8
:101C200021DD06AB00215B5E08A99C4606AB0225C0
:101C30005D5F63469EB20B80039BAFB24D809D1BE0
:101C40008D80059BD51BCD800AAD2B80049B6B80BE
:101C5000019BF618009BF61A029B8619FF18BF1A03
:101C6000AE80EF8052E006AB02269E5F06AB0021FD
:101C70005B5E08A99C469FB2059BB5B20B80019B99
:101C80004E80FE18009BF61A531BCB8063468619C4
:101C90008E800AAE3380049B7380039BDF1B029B04
:101CA000B780ED18AD1AF5805AE0111A0BB2111871
:101CB00004938BB20393002D02DABE422EDA03E0C6
:101CC000002D2BD0BE4229DD06AB00215B5E08A9AA
:101CD0009C4606AB02255D5F63469FB20B80009B6E
:101CE000AEB24D80DD1B039B8D809D1B059BCD807F
:101CF0000AAD2B80049B6B80019BFF18009BFF1A91
:101D0000029BAF80F618B61A8619EE802368200071
:101D10001B699847236829001B6928E006AB002649
:101D20009E5F06AB02215B5E08A99C469FB2049BA6
:101D3000B5B24B80009B0E805E1B029B8E80FE180E
:101D4000B61A059B80190AAE338063467380019BE7
:101D5000C880ED18009BED1A039BB580DF1BF78050
:101D6000236820001B699847310023681B69200005
:101D700098470DB0F0BD07B5802201AB120205F007
:101D8000DFF90EBDB42110B54900EEF77FFB002945
:101D900001DA6931FF310E4A5A2902DC4900505AF2
:101DA00014E0B42904DCB4235B1A5B00D05A0DE0C4
:101DB00087235B00994203DCB4394900505A04E0A0
:101DC000B4235B005B1A5B00D05A404210BDC04692
:101DD000C4F5010880235B0298429B410749020039
:101DE0000B4080210020C9055B18C1188A4201D32D
:101DF000521A581840089B08F7D17047004000C09D
:101E0000CB1770B5C217CC185C40831853400D0037
:101E10009B13A4139C4200DA1C00012C0DDD210051
:101E2000EEF74EFA210006002800EEF749FA01000D
:101E30003000FFF7E5FF604304E06D43404328189E
:101E4000FFF7C8FF70BD0000030010B5002804DADA
:101E50004042FFF7F9FF404212E080220020D2000A
:101E6000934213DC2D3AFF3A93420BDD80205B4313
:101E70004003C01AFFF7AEFFFFF7E6FF5A23181A18
:101E800040B203E0024A0333DB10D05610BDC04617
:101E900068F5010837B50C001500884206DA010024
:101EA0002000FFF7F7FF5A22101A0DE0FFF7A8FFF6
:101EB0002860002808D08021020001ABC900200062
:101EC00005F03EF9FFF7C0FF3EBD000010B504006D
:101ED00009F0D8FE20220D4BE2632200236000238C
:101EE0004032E36223636363A36313701222200012
:101EF0006364A364E36423656365A365E3652366A4
:101F00006366A366E266A36010BDC046F8F40108EC
:101F1000F0B50500416BC36A85B0CA1A806B0092A8
:101F20002A6B841A99420ED1002C08D12B65EB64E0
:101F3000AB646B642A66EA65AA656A65FEE0261EE4
:101F400062DA161A60E0002C03D1CE1A5CD55E1A54
:101F50005AE0009AD317D6185E40E317E018310014
:101F6000584001E031003800EEF790FA0F1E05D01E
:101F70003000EEF78BFA0E1EF4D13E00012E09D090
:101F800031000098EEF79CF9310000902000EEF748
:101F900097F90400009A6A4ED317D0185840E317F7
:101FA000E7185F40B04201DDB74210DC0100644831
:101FB000EEF786F9390006006148EEF781F98642AE
:101FC00000DD0600009B74437343009317E031006B
:101FD000EEF776F9310001903800EEF771F9019BC8
:101FE000461C834201DD1E00013631000098EEF7E9
:101FF00067F9310000902000EEF762F9040021003B
:102000000098FFF7FDFE060032002100E86B05F0A6
:10201000B7F8C30F1B1832000099E86B5F1005F08A
:10202000AFF8C30F1B185E102B0040331B780093D2
:10203000002B03D0013B012B14D92FE0EA6A686B17
:10204000D31B6B642B6BBA18F1186965C11BA964AB
:10205000A96B38187418891BAC65E864E9652A65B2
:102060009B1B1AE0EA6A686BD31B9B1B6B642B6B90
:10207000BA18F118C91B6965C11B8919A964A96B34
:1020800038187418891BE4198019C919921B9B1BF5
:10209000AC65E864E9652A65DB1B2B6654202900E2
:1020A00084466A6C6B6D4831AC44019302920C68B3
:1020B000A24200DD22000298A04200DA02940C69DC
:1020C000A34200DD23000198A04200DA019404310C
:1020D0008C45ECD11F21D4170C40A218DC175211EB
:1020E0000C400298E4180392FFF712FD0290019849
:1020F000FFF70EFD2B00039A643364111A805C8095
:10210000029B001B9A1A2B0068331A805880009B90
:10211000012B13D1E86A696BC31B6B642B6BF2183C
:102120006A65CA1BAA64AA6B7918B4183F18921B77
:102130009B1BAC65E964EA652F652B6605B0F0BDB5
:1021400004B50000C36A10B58B4202D1036B934201
:1021500003D0C1620263FFF7DBFE10BD436B10B515
:102160008B4202D1836B934203D041638263FFF7BA
:10217000CFFE10BD030010B540331970FFF7C8FE45
:1021800010BD0000F0B50400A5B0866A0D00010086
:1021900005A804F04AFF236820005B6E98472B00D7
:1021A0000090310005AA07A809F0ACFA00230593B6
:1021B000230040331B78012B79D1666CE26A656D90
:1021C000236BB01AE91A00280CDB002904DB05AAEE
:1021D000FFF760FE5A3015E0591B05AAFFF75AFEBB
:1021E0005A2507E0901B002906DB872505AAFFF783
:1021F00051FE6D002D1A06E0591B05AAFFF74AFE95
:102200000F30FF300500626D616C07A809F0D4FB48
:10221000A26DA16C07A809F01AFCE66E1AE0AF1BCC
:102220003800FFF7AFFD01000598FFF7A4FD636BD1
:10223000C31803935A23D81BFFF7A4FD0100059888
:10224000FFF799FDA26B0399121A07A809F0FFFB8B
:10225000E36EF618B32EE2DDE26DE16C07A809F03B
:10226000F6FB226E216D07A809F0F1FBB426E36EA0
:1022700019E077193800FFF785FD01000598FFF791
:102280007AFDE36AC31803935A23D81BFFF77AFD3C
:1022900001000598FFF76FFD226B0399121A07A83A
:1022A00009F0D5FBE36EF61A002EE2DC13E0626D56
:1022B000616C07A809F080FBA26DA16C07A809F06A
:1022C000C6FBE26DE16C07A809F0C1FB226E216D2F
:1022D00007A809F0BCFBFF2107A809F0ADFA04002C
:1022E000034B0CA8079300F025FE200025B0F0BD9D
:1022F00080F9010800207047064A838D128800206B
:102300009A4206D9044A5B001268D31858788007AD
:10231000800F7047745300208053002070470000E6
:10232000F8B50F4B818D1B88040000208B4215D916
:1023300023689F6F0B4B1868F9F71CFF2368050093
:10234000DB6F20009847236806000433DB6F200012
:1023500098473200030029002000B847F8BDC04666
:10236000745300207C530020F0B5164B818D1B88E0
:10237000040085B000208B4222D9134B4A001B6811
:1023800098189B5C114A9B00126845789E582D074F
:102390003368AD0FDF690E4B1868F9F7EBFE236861
:1023A0000390DB6F20009847236802900433DB6FB3
:1023B0002000984729000090029B3000039AB847FC
:1023C00005B0F0BD745300208053002078530020E6
:1023D0007C5300200EB4F0B52E4B04001A88838D78
:1023E000A0B09A4201D8002349E02B4F26AA0692BA
:1023F0003A682A4E5B009B5C32689B009D582B68B4
:1024000028009B6B98476B46049010229B5E07A8A0
:10241000039305F0D7F92B682800DB6C98472B68ED
:1024200005901B6D28009847059B069A25990090FA
:1024300007A805F026FAA38D3A685B00D05CD11896
:10244000230039334A78023B99781F78238935680D
:10245000DB1B1BB28000009312074359920F07A8A1
:1024600002F05CFE3421625E039903B289180029F0
:1024700007DD013B5343049A50431B181BB20393DF
:1024800001E0002BAFDD039820B0F0BC08BC03B026
:102490001847C04674530020805300207853002012
:1024A000F0B5C64BABB003900F001B88898D8B42F3
:1024B00006D801220023524203604260836079E122
:1024C000BF4B4A001B68D35CBE4A9B0012689E58F3
:1024D000BD4B1868F9F74EFE336804909B6B3000D3
:1024E000984703B20793BB8EC01883B205933B0095
:1024F00039331B7811A8002B4FD105F063F93368ED
:102500003000DB6C9847336806901B6D30009847AD
:102510003B680500DB6F380098473B6804000433D4
:10252000DB6F380098472B00069A019004990094BD
:1025300011A805F0BCF93B00022238331B78934305
:1025400002D10A22BB5E01E00822BB5E0024250006
:1025500004939B4BBA8D1B6852009B185B7831002B
:102560001B079A4A9B0F11A802F0CCFAA84200DA86
:10257000280005B2013411A8A4B205F046F90028DC
:1025800000D0ABE0049B059A9B1A1BB20493337AEC
:10259000049A9B18002BDCDCA0E005F013F93368EB
:1025A0003000DB6C9847336806901B6D300098470D
:1025B0003B680500DB6F380098473B680400043334
:1025C000DB6F380098472B00069A0499019000941D
:1025D00011A805F06CF93B00383319780A23FA5E2C
:1025E00008203B5E002904D00493022901D0130087
:1025F00000E004923A0037321278B98D9B1A704A83
:102600004900126808AC5218517834203A5E090724
:1026100094463A00393210782382049B0022638268
:102620006346A3820B23890F217206A911AD5B18A3
:102630002280099560720B96E2820E920F9222849C
:10264000DA77904229D0336830005B69984706906A
:10265000002822D00B9806990368DB689847051E6E
:102660001BD08022437B52005B001340827A1343CD
:102670002384637A062B10D10B982A0003680699ED
:102680005B6C984780236A7B5B0052001A40AB7AF0
:102690001343228C1B189B1823840024250008A8B0
:1026A00002F03AFC06ABDB8CAB4200DA2B001DB229
:1026B00006AB1B890134A4B2002B0FD00B2306AA52
:1026C0009B18DB7F002B09D1049B059A9B1A1BB238
:1026D0000493337A049A9B18002BE0DC059B079A3D
:1026E0005C43BB8EE41A231C24B2944201DA6B468D
:1026F0009B8B727AD3189AB21BB204933B0005925B
:10270000022238331B78934302D10823FC5E01E098
:102710000A23FC5E3B683800DB6E9847A9B20128AB
:1027200005D03B0037331B78022805D007E0651B36
:10273000EB0F5B195B1001E0CB18E31A1BB2F47AC4
:10274000327B9BB2A2188E18390038310978B2B2A8
:1027500036B202290FD0032917D01C1B25B2002442
:1027600001291BD13B89059A2C009B1A32001DB20E
:10277000049E049212E03D896519AD1AED1A7C8918
:10278000059B2DB2E41A24B208E07989002564186B
:10279000A41AE41A330024B2049E04930A4BB98DA0
:1027A0001868F9F7E7FC039B049A1D805C809E8003
:1027B000DA80986003982BB0F0BDC04674530020B7
:1027C00080530020785300207C530020FF7F0000BE
:1027D00010B50400482109F06BFA200010BD00007C
:1027E000F0B5634B868D1B88040091B0B34200D8CE
:1027F000BCE007AD0822280009F035FD5D4B310033
:102800001868F9F7B7FC231D3E229B5E002B45DBC1
:10281000A21C3E21525E002A40DB616C88423DD101
:102820003C20215E8C4600216F5E624412B23E2144
:10283000665E049297422EDAA988C91909B28C45BE
:1028400029DAF3180222A85E1BB2984223DAED8837
:102850002D182DB2AE421EDA6246BC4500DA3A1C93
:10286000B44617B2864200DA8446624610B26A461F
:10287000128A07AE9446049A8A4200DD8C4662466C
:10288000D21BB2801A1CAB4200DD2A1C121AF28045
:102890003780708002E000230793089307AB042180
:1028A0005A5E002A62DD06229B5E002B5EDD324D01
:1028B000A38D2A685B009B5C304A9B0012689E587F
:1028C000002E53D0230036331B7820000493236856
:1028D000DB6E98473423E15E2300A28D38331F78E6
:1028E0002B6852009B18220037321278256B059214
:1028F0002200AC465B780BAD1B079B0F3932127878
:102900006B716346AB60049B2A74AB73059B0B969B
:10291000EB731B4B28711B68AF711A00A9815C32E5
:102920001278002A02D01E6D002E00D19E68210070
:1029300009A804F07AFB0F4BA18D1868F9F71AFC6F
:1029400023680490DB6F2000984723680700043356
:10295000DB6F20009847049B039001933000099996
:102960000A9A0297009507ABF9F7B4FB11B0F0BDD6
:10297000745300207C5300208053002078530020A3
:1029800020530020030073B536331B780400002B5E
:102990002BD0164B818D1B888B4226D90822835E53
:1029A000002B22DD0A22835E002B1EDD104B1868EF
:1029B000F9F7E0FB231D3E229B5E2268002B07DB1C
:1029C000A31C3E215B5E002B02DB636C984203D0AC
:1029D00020005369984708E06946230008003C330B
:1029E00060CB60C020001369984773BD745300200A
:1029F0007C53002070B50400150003689B6B98475A
:102A0000236829002000DB6B984770BD70B50E4B22
:102A1000828D1B8804009A4215D203685B6F984729
:102A2000236805001B6F20009847230002223833DB
:102A30001B7829B293430200002B01D00A00010049
:102A40002000FFF7D7FF70BD7453002030B58B888E
:102A500085B083850822835E0400002B05D10A22FD
:102A6000835E002B01D1FFF7D1FF6D462368210063
:102A700008332800DB6F98473C340ECD0EC405B0F8
:102A800030BD0000F0B53B4B04001A88838D85B043
:102A90009A426DD903682700DB6E984723680500CA
:102AA0005B6F20009847236806001B6F2000984743
:102AB0006B4601909B88383702933B7832B2039281
:102AC000002B02D0022B27D102E0002D0DD120E0F7
:102AD000022D0AD1E38861892000C918029BC91A16
:102AE000236809B25B6B984713E022682389A088AA
:102AF000126B012D05D19B1BD90FC9184910411824
:102B000001E01918891B200009B290473B78022B7D
:102B1000E0D0019A039928E0012B0CD1002D0ED1B1
:102B2000A38821892000C918029BC91A236809B209
:102B30001B6B984717E0032B01D1022D13D022689D
:102B40006389E088526B012D05D19B1BD90FC918F1
:102B50004910411801E01918891B200009B290475B
:102B60003B78012BDCD0039A01992000FFF742FF4C
:102B700005B0F0BD745300200023038043808380A0
:102B8000C380CB1DDB7FFF2B03D10B8983804B8957
:102B9000C380704737B504000822684609F063FB1C
:102BA00023686946DB6A20009847094B1B681A00B6
:102BB0005C321278002A02D0186D002800D1986883
:102BC0000268E31D556A6946DB7FA26AA84737BDE4
:102BD00020530020704710B504002C2109F068F83C
:102BE000200010BD10B5C31DDB7F002B06D0831D58
:102BF000DB7F002B02D003685B69984710BD0000A3
:102C0000F0B52B4A8FB00591838D128804009A424B
:102C10004BD9284A5B001268D018D35C264A9B0027
:102C200012689958002940D0437820003830007845
:102C30009A07844620001B0709AD9B0F39300078A6
:102C40006B716346AB711D4B920F1B682A711A00A2
:102C5000666B276B0991AF600C9628745C32127812
:102C6000002A02D01E6D002E00D19E68210007A808
:102C700004F0DBF9124BA18D1868F9F77BFA236891
:102C80000490DB6F20009847236807000433DB6F54
:102C900020009847049B039001933000059B0799FF
:102CA000089A02970095F9F715FA0FB0F0BDC046E3
:102CB00074530020805300207853002020530020BC
:102CC0007C530020704710B50400342108F0F0FF59
:102CD000200010BDF0B5040091B00191008E3023AA
:102CE000E15E22896389400080B2121A1B1A12B277
:102CF00002A81BB2018041808280C380002A12DDBD
:102D0000002B10DD0822019904A809F0ACFA02A9F1
:102D100004A8FDF709FE200004A9FFF73BFF208E61
:102D2000002814D153E00822019908A809F09BFA61
:102D3000236808A92000DB6A9847FEF7C9F80268F3
:102D4000E31D556ADB7FE26A08A9A8473FE0002639
:102D50000823E15E08AD02B20896A980EA80638983
:102D6000A9811F1A6F814700DB1B37001BB2091AAC
:102D70002E81EA812E826A82AA82EB8229836A836B
:102D8000AA83EB8306AE3200FB00EB1803CB03C231
:102D900030000199FDF7C8FD0422B35E002B13DD5E
:102DA0000622B35E002B0FDD23683100DB6A2000B2
:102DB0009847FEF78DF80268E31D526A3100944689
:102DC000DB7F6646E26AB0470137042FDAD111B0E3
:102DD000F0BD704770B50B880400C38408000D0077
:102DE00006F016F90600280006F048F905002368E9
:102DF000310020009B6B9847236829002000DB6B83
:102E0000984770BD0B0010B528331B780400FF2BCA
:102E100005D00023038043808380C38002E02631F5
:102E200006F062F9200010BD10B504002C2108F056
:102E30003FFF200010BD0000F0B50026040003682D
:102E40008DB00F00DB6A08A9089609969847230001
:102E500026331800049306F0DBF80500049806F00A
:102E60000DF90022BB5E9C46BB8863449AB21BB23C
:102E700005920693B3424ADD654548DD0223F95EBB
:102E8000FB885B189FB21BB20793B3423FDD8842B9
:102E90003DDD63466246B34200DA321C12B20E1CBC
:102EA000002900DA0026069B36B29D4201DAABB259
:102EB0000593059B0AA99D1A079B8D80984200DA0D
:102EC00087B20A8004228B5EBF1BCF804E80002B0E
:102ED0001DDD3BB2002B1ADD0E4B1B681A005C3265
:102EE0001278002A02D0186D002800D198680126B7
:102EF00004AB12229B5E04AA1025525F2834056899
:102F00000296247800910194AC680499A0470DB012
:102F1000F0BDC04620530020030010B528331B78B5
:102F2000002B06D0831DDB7F002B02D003685B697A
:102F3000984710BD704710B50400302108F0B8FE66
:102F4000200010BD10B5040000F0A4FEE06000F009
:102F5000A7FE0022E3680849C0080138A260236187
:102F60006060198059809A80DA800123626A9A43EE
:102F7000DB181343636210BDFF7F00000A4B10B5DE
:102F800003600023040043608360C3600361436106
:102F90008361C36103624362044B8362C362FFF7D0
:102FA000D1FF200010BDC04650F80108FFFFFF7F91
:102FB000F0B597B005931C9B0D005111009159116C
:102FC0000400049110001F210840019018000840DF
:102FD00006905E115011B04200D0E8E0059B069AC1
:102FE0005B110393019B2669934222D10022B35EB9
:102FF000039A9A4205D10222B35E984201D100F0B1
:103000007DFCF388B28813430ED00222B35E002BFE
:103010000ADBE26A934207DAA3686268934201D24C
:10302000083626610133A360039A23691A80009A47
:103030009AE32F006B110A93059B019A0B400793AB
:10304000069B0F40981AB388039A0893F388099354
:103050006B1193420AD1089B1B18B380079BFF1882
:103060007843099BC018F08000F048FC059B5B1B6F
:10307000029305D42023DA1B50430122059207E076
:10308000059B7843EB1A029301235B4205930023CF
:1030900002990493EDF7FAF90D1E02DA029B01384A
:1030A000CD18089B1B18B380049BFF184743099B4E
:1030B000FF18059BF7809C4623690A9EDA88998849
:1030C00066440A430ED002215A5E002A0ADBE16AF6
:1030D0008A4207DAA26861688A4201D20833236112
:1030E0000132A2606A4623690021525E1E805A8026
:1030F000089200229A80DA80019B1B180193039B9F
:10310000B34249D0069B019A02999B1A18184001B4
:10311000EDF7BCF9002902DA029B0138C918029BBD
:10312000EB1A0093431C099300239C46009A03006A
:10313000521804D4029BD31A0093099B00E000921A
:1031400022699788FF1897805F013D00D7887F1913
:10315000D780019AD3180193059BF6182369DA8862
:103160009F883A430ED002255A5F002A0ADBE76A9D
:10317000BA4207DAA2686768BA4201D2083323610B
:103180000132A2602369089A1E805A8062469A80A2
:10319000DA80039BB342C9D1019A2169069B049846
:1031A0009B1A8A88D2188A80079A2032A1E305994F
:1031B000491B0D91991A079112D5511100D59DE324
:1031C000D31A0793049B002B02DA01235B4204937A
:1031D000019B0D98584301235B420F93002310E09D
:1031E000E36A009A934200DA88E3049A934201DA90
:1031F000013304932023019A981A0D9A5043012217
:103200000F9207990293EDF741F907000B1E0A91FF
:1032100004DA079A013F944663440A937B190393A7
:103220005B110893019A029B2669934226D10022E2
:10323000B35E089A9A4205D10222B35E009A9A427E
:1032400000D1DFE0F388B28813430ED00222B35ED0
:10325000002B0ADBE26A934207DAA36862689342B2
:1032600001D2083626610133A3602369089A1A80C7
:10327000009A5A8000229A80DA80C3E06B11099389
:103280001F23039A1D401A401192029B019A981A1B
:10329000B388089A0C93F3881293099B934209D13F
:1032A0000C9B1F18119BB780ED186843129BC01828
:1032B000F080A7E0002F05DB20235A1B504301229A
:1032C000109205E001235B421093002368437F4284
:1032D00039000E93EDF7DAF80B91002902DACB19D9
:1032E00001380B93109A0C9B94461B18B3800E9BCD
:1032F000ED184543129BED18099BF5806344099333
:103300002369DA8899880A430ED002215A5E002A7E
:103310000ADBE16A8A4207DAA26861688A4201D25E
:10332000083323610132A2602369099A1A806A4630
:103330000021525E5A80129200229A80DA80019B0C
:10334000099A1B180C93089B93424CD0029B0C9A31
:1033500039009B1A18184001EDF798F8002901DA96
:103360000138C919421C139200220B9B0B92DB1BE4
:103370000193019B02005B1803D4DB1B139A01939A
:1033800000E001932569AE88B618AE80560133007F
:10339000EE88F6180C9BEE809B180C93109B099AF4
:1033A0009C46624409922269D588968835430ED09E
:1033B0000223D55E002D0ADBE66AB54207DAA5686E
:1033C0006668B54201D2083222610135A5602269E2
:1033D000099B1380129B53800B9B9380D380089B87
:1033E000099A9342C5D121690C9A029B0E989B1AA7
:1033F0008A88D2188A80119A2032121A5343CA88B6
:103400009B18CB800F9A009B9446634400932369DA
:1034100000215A5E08998A4204D102215A5E00991D
:1034200091421AD0DA8899880A430ED002215A5E56
:10343000002A0ADBE16A8A4207DAA26861688A42E6
:1034400001D2083323610132A2602369089A1A80ED
:10345000009A5A8000229A80DA80049B009A934254
:1034600000D153E10D9B07995801EDF70FF80B9030
:103470000C91002907DA0300079A013B94460B934D
:103480000B0063440C93079A0A9B039D9B1A0993B4
:103490002023029A9B1A12931300129A9B1A0E93DE
:1034A00000E0039D0B9B0C9A0193099B9B1806D48B
:1034B000079A9B1A09930B9B0133019300E0099330
:1034C000019A039B9446634403935B110893009B0A
:1034D000002B00DAF4E0E36A009A934200DCEFE0AC
:1034E000266912980421725E0299814226D1002039
:1034F000315E0898814205D10220315E00988142F8
:1035000000D1DDE0F78817433FB2002F0DD0022134
:10351000725E002A09DB934207DDA368626893426A
:1035200001D2083626610133A3602369089A1A8004
:10353000009A5A8000229A80DA80C1E06B110D93C4
:103540001F2303991D4019401391F38897B21493D8
:10355000089A0D9B934209D10E9B6D18FF180E9B84
:10356000B7805D43149BED18F580A9E0019B002B0B
:1035700007DB2023581B0E9B5843012311931F3355
:1035800008E0019B0E985B42019301235B4211937B
:103590000023684301991093ECF778FF0B1E0A9102
:1035A00004DA019A0138944663440A93109B3F1849
:1035B000ED184543149BB780ED18119BF5809C4690
:1035C00023690D9FDA88998867440A430ED0022147
:1035D0005A5E002A0ADBE16A8A4207DAA268616859
:1035E0008A4201D2083323610132A2606A4623690C
:1035F0000021525E1F805A80149200229A80DA8045
:10360000129BC3180D93089B9F424AD0029B0D9AB0
:1036100001999B1A18184001ECF738FF002902DACB
:10362000019B0138C9180A9B019A9B1A421C1592EA
:10363000002294460A930A9B02005B1804D4019A64
:103640009B1A0A93159A00E00A932569AE88B6186A
:10365000AE8056013300EE88F6180D9BEE809B1865
:1036600022690D93D588119B9688FF1835430ED09B
:103670000223D55E002D0ADBE66AB54207DAA568AB
:103680006668B54201D2083222610135A56022691F
:10369000149B1780538063469380D380089B9F427E
:1036A000C9D121690D9A029B10989B1A8A88D21859
:1036B0008A80139A2032121A5343CA889B18CB80EF
:1036C0000F9A009B9446634400932369DA88998893
:1036D0000A430ED002215A5E002A0ADBE16A8A42BE
:1036E00007DAA26861688A4201D208332361013295
:1036F000A2602369089A1A80009A5A8000229A8050
:10370000DA80049B009A934200D0CAE62023029AF2
:1037100006999A1A0792059A256952110192079AF9
:103720008A4226D10022AB5E019A9A4205D102223A
:10373000AB5E049A9A4200D1E0E0EB88AA8813437A
:103740000ED00222AB5E002B0ADBE26A934207DA5C
:10375000A3686268934201D2083525610133A360F2
:10376000019A23691A80049A5A8000229A80DA808A
:10377000C4E0039A0599521109921F22039E114039
:103780000A9116400799069AAF88501AEA8801995B
:103790000B92099A8A4208D10A9B3F18F618704387
:1037A0000B9BAF80C018E880A8E0059A0399521AD5
:1037B000009204D49A1B50430122089208E0039B14
:1037C000059A70439B1A009301235B4208930023E0
:1037D00000990593ECF75AFE0B1E029104DA009A49
:1037E0000138944663440293059B3F18F6184643FC
:1037F0000B9BAF80F618089BEE809C462369099DC1
:10380000DA88998865440A430ED002215A5E002A5C
:103810000ADBE16A8A4207DAA26861688A4201D259
:10382000083323610132A2606A4623691021525E87
:103830001D805A80049200229A80DA80079B1B1810
:103840000393019BAB424AD0069B039A00999B1AB3
:1038500018184001ECF71AFE002902DA009B013823
:10386000C918029B009A9B1A421C07920022944698
:103870000293029B02005B1804D4009A9B1A0293E5
:10388000079A00E002932669B788BF18B7805701EE
:103890003B00F788FF18039BF7809B18226903936E
:1038A000D688089B9788ED183E430ED00223D65E3B
:1038B000002E0ADBE76ABE4207DAA6686768BE42E6
:1038C00001D2083222610136A6602269049B15806C
:1038D000538063469380D380019BAB42C9D1039A46
:1038E0002169069B05989B1A8A88D2188A800A9AB1
:1038F0002032121A5343CA889B18CB8017B0F0BDF0
:1039000073B5436A04000E0015009B0712D5416988
:103910008269330028004B40504003430AD03300F3
:1039200020000095FFF744FB0123626A66611343A0
:10393000A561636273BDF8B5436A04000E0015000B
:103940009B0701D4FFF7FEFA636ADB0704D520006A
:10395000226AE169FFF7D4FF236970110027DA5F5B
:103960006911904203D10227DA5F914218D0DA88B8
:103970009F883A430ED00227DA5F002A0ADBE76A03
:10398000BA4207DAA2686768BA4201D208332361F3
:103990000132A26000222369188059809A80DA805F
:1039A0006661E661A5612562F8BDF0B50600C90053
:1039B000D9B04318029308AB01933700029B083734
:1039C0009C1B482C00DC0CE10022B35E2411039305
:1039D0000222B35EE400049334190423F55E062248
:1039E000B35E210008223000059308F03CFC039BE5
:1039F000A5802380049B029D6380059B083DE38096
:103A00000222AB5E0A22B45EA34206DB1AD108236F
:103A1000F25E00216B5E9A4214DD0822B35E29003B
:103A200003930C22B35E04930E22B35E0822B018F7
:103A3000059308F018FC039B6C802B80049BAB80E3
:103A4000059BEB800223F45E0A22B35E9C4206DBF8
:103A50001AD10023F25E0821735E9A4214DA002222
:103A6000B35E300003930422B35E04930622B35E78
:103A70000822B118059308F0F6FB039B748133818B
:103A8000049BB381059BF381029C083C0222A35E48
:103A90000221725E0392934206DB1BD10023E25E99
:103AA0000021735E9A4215DA0022B35E210004936E
:103AB0000422B35E300005930622B35E082206930B
:103AC00008F0D1FB049B2380039B6380059BA380AC
:103AD000069BE3800A22BB5E083703930223F45E51
:103AE000039BA342F6DB05D10023FA5E0021735E3F
:103AF0009A42EFDB083D0222AB5E9C42FADB02D029
:103B0000AF4207D91BE00023F25E00216B5E9A42B0
:103B1000F0DBF5E70022BB5E290004930422BB5EC4
:103B20003800082205930623FC5E08F09CFB049BEA
:103B3000EC802B80039B6B80059BAB80CAE7002247
:103B4000B35E05930422B35E06930622B35EAA1BFE
:103B50000793029B0396DB1B04959A4204DC0397B0
:103B60003700029B0295049308223000290008F0D8
:103B70007AFB059B039A2B80069B3E00AB80079B3C
:103B80006C80EB80019B1A60049A5A6008330193A1
:103B900013E7083C0A23E55E0222A35E9D4208DB90
:103BA00001D008371DE00823E25E0021635E9A42DF
:103BB000F7DA0822A35E210003930C22A35E04938C
:103BC0000E22A35E0822A018059308F04CFB039B6D
:103BD00065802380049BA380059BE380A642D8D107
:103BE000DFE73C00029B083CBB42D3D8019A08ABFC
:103BF0009A4206D91300043A1268083B1E680292E2
:103C0000DAE659B0F0BD70B50125436A04002B42D5
:103C100006D0026AC169FFF773FE636AAB43636251
:103C2000636A9B0720D52369DA8899880A430ED0F6
:103C300002215A5E002A0ADBE16A8A4207DAA26898
:103C40006168914201D9083323610132A260A16801
:103C5000002905D06368994202D8E068FFF7A5FE05
:103C60000222636A93436362E06870BD024B18608E
:103C7000024B19607047C04628530020245300208F
:103C80000022024B1A60024B1A6070472853002032
:103C900024530020014B18687047C0462853002069
:103CA000014B18687047C0462453002010B50368C4
:103CB0000C001B6B9847001B43425841C0B210BD1B
:103CC000014B19607047C0462C530020F0B59DB0E1
:103CD000089324AB1B880DAD099325AB1B78060018
:103CE0000A9326AB1B8807910B932B00140083CA01
:103CF00083C303CA03C383CA83C303CA03C383CA78
:103D000083C303CA03C30B9A336804920A9A0799C0
:103D10000392099A30000292239A0192229A009209
:103D20001F6C2A00089BB8472B00220083CA83C35C
:103D300003CA03C3143283CA83C303CA03C33C3414
:103D400007CC07C306CC06C30B9A336804920A9AC1
:103D500030000392099A07990292239A0192229ABB
:103D600000921C6C2A00089BA0471DB0F0BD0020EB
:103D70007047F0B5ADB01C9337AB1B7815002B9393
:103D80001C9B29901B682A911793329B1E68179BD6
:103D9000F61A349B00229B5E2293229A179B94462C
:103DA0006344249338AB1F88B74200DD37001C9B67
:103DB0003800DB691B931C9B9B6A1D931C9B5B6BF0
:103DC0001E93EDF78FFC696A041CEDF7D7F8E96ADA
:103DD0001F90201CEDF7D2F8696B2090201CEDF7A6
:103DE000CDF81F9921901B98ECF7ECFC20991890C6
:103DF0001D98ECF7E7FC219919901E98ECF7E2FC6E
:103E00001A90FE201B998005ECF7EAFE011C041CA9
:103E10001D98EDF7B3F8211C1D901E98EDF7AEF834
:103E2000359B1E9000229B5E2393002325931B93BA
:103E3000249A239B93424DDD981A3900ECF726FB18
:103E40001B9104002590EDF74DFC1F99051CEDF723
:103E500095F8011C1898ECF7B5FC20991890281CCF
:103E6000EDF78CF8011C1998ECF7ACFC219919902E
:103E7000281CEDF783F8011C1A98ECF7A3FC1A90A4
:103E8000002C22DD1F991898EDF7CAF90021051CB6
:103E9000ECF70EFB002806D1FE20291C8005ECF76C
:103EA0009FFE051C01E0FE25AD0520991998EDF750
:103EB000B7F9291CEDF762F821991D901A98EDF7D2
:103EC000AFF9291CEDF75AF81E907C43179B361B5F
:103ED0001B191793359B239A9B8817999B18229A35
:103EE0001BB2521892199A4202DD229A9B1A5E1A4C
:103EF000002E00DC8DE030003900ECF7C7FA060038
:103F00001791002901D1013E1797FE2018998005CD
:103F1000ECF766FE011C041C1998EDF72FF8211C24
:103F200022901A98EDF72AF88F212390C9051D9841
:103F3000EDF724F8EDF7B6FB8F212890C9051E9800
:103F4000EDF71CF8EDF7AEFB1D9927902298EDF7E1
:103F500067F98F21C905EDF711F8EDF7A3FB3900DB
:103F6000ECF7AEF91E9926902398EDF759F98F21B9
:103F7000C905EDF703F8EDF795FB3900ECF7A0F96B
:103F8000179B0500002E00DD3B00299A50681B9A04
:103F90009B1A02682992219A1492209A13921F9ACE
:103FA00012922B9A1192339A1092349A0221525EF5
:103FB0001C9949690C9452181B990F928C462599AB
:103FC000249A7943624452180E922A9A31000D9233
:103FD000239A0B92229A0A921E9A09921D9A079589
:103FE0000892269A269C069262465543279A009785
:103FF000AD1862465443289A0595A4181A9A049459
:104000000392199A0292189A0192299A9468179A1F
:10401000A0472DB0F0BD0000F0B51500C3B01F00E3
:1040200048AB1B880D90149349AB1B78080015937F
:104030000422AB5E0E000E930622AB5E00240F93AB
:1040400004F0E6FFEDF74EFB0790300005F016F8A0
:10405000EDF748FB7B4B06901B78012B07D0079BA5
:1040600008900A900693099307940B9405E0079B28
:104070000A940893069B09940B933900082221AFF8
:104080001FA808F0F0F83B001FAA03CA03C32A8840
:104090003B8829009B183B806A887B8823A89B1853
:1040A00008227B8008F0DFF823A801F041FB0423FD
:1040B000EA5E06216B5E582510A8401902805A203E
:1040C000002110AA1218138025AB25911FA81900F2
:1040D00001F070FB380001F02BFB300005F08EF88A
:1040E0000C90002800D1AAE00E98EDF7FBFA051C11
:1040F0000F98EDF7F7FA25AA1D901E901BA917A897
:104100001794189519951A941B941C9401F038FB78
:1041100025AA1CA918A801F033FB25AA1DA919A8D6
:1041200001F02EFB25AA1EA91AA801F029FB832164
:104130001B98C905ECF722FFEDF7B4FA8321139021
:10414000C9051898ECF71AFFEDF7ACFA8321129025
:10415000C9051C98ECF712FFEDF7A4FA8321119022
:10416000C9051998ECF70AFFEDF79CFA83210E9028
:10417000C9051D98ECF702FFEDF794FA83210F9023
:10418000C9051A98ECF7FAFEEDF78CFA8321109026
:10419000C9051E98ECF7F2FEEDF784FA83210500BD
:1041A000C9051798ECF7EAFEEDF77CFA0021139B9E
:1041B000079A2F933292244B129A2E903093319477
:1041C0003392119A35933492099A3A9336923F93E7
:1041D0000E9A0B9B389240930F9A089B3992419309
:1041E000069A1A4B3B921B880A9A28933C920C9B86
:1041F000109A30003D922791299337943E9505F00F
:104200002FF82A90300004F003FF2B90300004F0C8
:1042100035FF2C90300004F0FBFE0D4A0D9B2D90D5
:104220001B680492159A01970392149A0D980292B2
:1042300023AA00925C6C2EAA29AB27A9A04743B001
:10424000F0BDC046125300200000C84218530020A1
:10425000FFFF0000F0B51C00EBB072AB1B881091A3
:10426000119373AB1B781700129374AB1B8821005A
:1042700017930368119A9D6C0A90129BA8470A9B9A
:104280005860002800D1F2E32368249363682593E3
:10429000D24B1978A3681A00002900D0E268269250
:1042A0001A00002900D1E268CD49B8687D68BE696E
:1042B000FC6A27922893ECF70BF9002800D0D6E38C
:1042C000C749F869ECF704F9002800D0CFE3C449E6
:1042D000386BECF7FDF8002800D0C8E33868C14B14
:1042E000984200DAC3E37969994200DABFE3BE4A33
:1042F000BB6A9B18BD4A934200D9B8E3BC4B9842B5
:1043000000DDB4E3994200DDB1E3B748B9492B18A9
:104310008B4200D9ABE333188B4200D9A7E32318B3
:10432000934200D9A3E3B54206DAA5420EDCA642C9
:104330000FDA022401250EE0A64210DCA54214DAB1
:104340000224002303252600099312E001240025FE
:1043500007E0012402252600002309950AE0002435
:10436000012526000223099504E0022503240026E6
:1043700009950123390059A8089303F05BFF3A001F
:10438000089B59A9009629A804F0CCF8099B3A008B
:10439000009359A9089B39A804F0C4F83A00099B76
:1043A000009659A949A804F0BDF8A54204DA0023F3
:1043B00039AD159329AC03E0012329AD159339AC30
:1043C000109A22AB41CA41C3109B1B68002B05D138
:1043D000894B18680368DB6A98472290709B3F9E60
:1043E00002229B5E1393139A6369D318719A022178
:1043F000525E7199C988891809B214918B420DDAFD
:10440000934200DBDFE0002E00DCDCE0D31A0893EF
:10441000B34200DD0896089B013B04E0002E00DC5F
:10442000D1E0731E0896399A3D9F09923A9A1892E4
:104430003E9A0F92439A0B92449A1992469A0C9282
:10444000479A1A92409A0D92419A1B923B9A1C925B
:104450003C9A1692429A1D92459A1E92489A1F9231
:104460000F9A01320E920F9A0232D318209300E075
:104470000E93189A099B9446199963440B980993D3
:10448000ECF7A0F91A990B900C98ECF79BF91B9993
:104490000C900D98ECF796F91C9B0D90FF18169B4D
:1044A0009F4212DB099B1D9901330993169BFF1A4A
:1044B000ECF788F91E990D900B98ECF783F91F998A
:1044C0000B900C98ECF77EF90C900E9B209A013320
:1044D0009A42CDD10D9B0E9A40930C9B3D974693EB
:1044E0000B9B2E9F43930F9B3E92F3189B1A3F9377
:1044F000099B3993299B0B932A9B16932F9B1F9300
:10450000339B0C93349B1893369B0D93379B1993D5
:10451000309B0E93319B1A932D9B219709932B9BD4
:104520001B932C9B0F93329B1C93359B1D93389BA5
:104530001E93089BDB192093169A0B9B944618999F
:1045400063440C980B93ECF73DF919990C900D9876
:10455000ECF738F91A990D900E98ECF733F91B9A8D
:10456000099B94460F9A634401370E900993934236
:1045700013DB0B9B1C9901330B93099B9B1A09932B
:10458000ECF720F91D990E900C98ECF71BF91E9989
:104590000C900D98ECF716F90D90209B9F42CBD113
:1045A000219A099B94462D930E9B2E9730930D9B39
:1045B00036930C9B33931F9B6344DB1B2F930B9B06
:1045C0002993089BF61A139A6369D318149AD71A79
:1045D000B74200DCA4E03700A2E0C046125300203E
:1045E00000002041018FFDFFFF700200FEE104008A
:1045F00000710200FFE1040020530020709B0022A4
:104600009B5E719A0021515E2A689A188A421CDDCD
:1046100022689A18719B9B885B181BB29A4214DC23
:10462000179A0A9B0A981B680692129A009505929F
:10463000119A22A90492719A0392709A029224AA62
:104640000192DE6C59AA2300B047636922680133E6
:1046500063616668A3699619013BA361E16AA06A78
:104660002660ECF7AFF8A16B0890A062606BECF7E6
:10467000A9F8216A09906063E069ECF7A3F823695F
:10468000A268011CE061E0689B182361834211DB92
:104690001B1A721C22602361606AECF793F8089978
:1046A000E061206BECF78EF80999A062E06BECF703
:1046B00089F860636B692A6801336B616E68AB6966
:1046C0009619013BAB61E96AA86A2E60ECF77AF8AB
:1046D000A96B0890A862686BECF774F8296A0990D6
:1046E0006863E869ECF76EF82B69AA68011CE86159
:1046F000E8689B182B61834211DB1B1A721C2A602D
:104700002B61686AECF75EF80899E861286BECF7B2
:1047100059F80999A862E86BECF754F86863013F0F
:10472000002F00DD6AE7159B4F9E49AD29AC002B99
:1047300001D0250049AC709B02229B5E1393139A13
:104740006369D318719A0221525E7199C9888918D8
:1047500009B214918B420DDA934200DBDFE0002EA8
:1047600000DCDCE0D31A0893B34200DD0896089B16
:10477000013B04E0002E00DCD1E0731E0896499A4C
:104780004D9F09924A9A16924E9A0F92539A0B9203
:10479000549A1892569A0C92579A1992509A0D92CE
:1047A000519A1A924B9A1B924C9A1592529A1C92B9
:1047B000559A1D92589A1E920F9A01320E920F9A94
:1047C0000232D3181F9300E00E93169A099B944669
:1047D000189963440B980993EBF7F4FF19990B9020
:1047E0000C98EBF7EFFF1A990C900D98EBF7EAFF96
:1047F0001B9B0D90FF18159B9F4212DB099B1C9978
:1048000001330993159BFF1AEBF7DCFF1D990D90FF
:104810000B98EBF7D7FF1E990B900C98EBF7D2FF94
:104820000C900E9B1F9A01339A42CDD10D9B0E9A8C
:1048300050930C9B4D9756930B9B2E9F53930F9B1E
:104840004E92F3189B1A4F93099B4993299B0B9304
:104850002A9B15932F9B1E93339B0E93349B169389
:10486000369B0C93379B1893309B0D93319B199378
:104870002D9B209709932B9B1A932C9B0F93329B74
:104880001B93359B1C93389B1D93089BDB191F932F
:10489000159A0B9B9446169963440E980B93EBF76D
:1048A00091FF18990E900C98EBF78CFF19990C90CA
:1048B0000D98EBF787FF1A9A099B94460F9A634469
:1048C00001370D900993934213DB0B9B1B99013326
:1048D0000B93099B9B1A0993EBF774FF1C990D909E
:1048E0000E98EBF76FFF1D990E900C98EBF76AFF8F
:1048F0000C901F9B9F42CBD1209A099B94462D93ED
:104900000D9B2E9730930C9B36930E9B33931E9BDF
:104910006344DB1B2F930B9B2993089BF61A139A76
:104920006369D318149AD71AB74200DC93E03700B2
:1049300091E0709B00229B5E719A0021515E2A6873
:104940009A188A421CDD22689A18719B9B885B1812
:104950001BB29A4214DC179A0A9B0A981B680692AB
:10496000129A00950592119A22A90492719A0392C3
:10497000709A029224AA0192DE6C59AA2300B047D1
:1049800063692268013363616668A3699619013B14
:10499000A361E16AA06A2660EBF714FFA16B08909F
:1049A000A062606BEBF70EFF216A09906063E0691B
:1049B000EBF708FF2369A268011CE061E0689B181F
:1049C0002361834211DB1B1A721C22602361606A1F
:1049D000EBF7F8FE0899E061206BEBF7F3FE09991D
:1049E000A062E06BEBF7EEFE60636B692A6801334F
:1049F0006B616E68AB699619013BAB61E96AA86AA5
:104A00002E60EBF7DFFEA96B0890A862686BEBF7EE
:104A1000D9FE296A09906863E869EBF7D3FE2B6930
:104A2000AA68011CE861E8689B182B61834211DBCE
:104A30001B1A721C2A602B61686AEBF7C3FE089987
:104A4000E861286BEBF7BEFE0999A862E86BEBF70B
:104A5000B9FE6863013F002F00DD6AE7109B1B6809
:104A6000002B04D1034B186803681B6B98476BB08D
:104A7000F0BDC04620530020F8B5040006A8007819
:104A800008AD84460027EF5F09AD2E7861600025F0
:104A9000614607986382E31C258021726672E0609C
:104AA0002282A782E582A561E5612584DD77AE4299
:104AB00026D003685B6998470700A84220D0E068C9
:104AC00039000368DB689847051E19D08026437BB0
:104AD000827A5B007600334013432384637A062B8B
:104AE0000ED1E0682A00036839005B6C98476A7B46
:104AF000AB7A520032401343228C1B189B1823843C
:104B00002000F8BDF0B5002589B00E002C00039000
:104B1000049205930295019528E000230793164B14
:104B20009C4203D0154B9C4200D002943200059960
:104B3000039807AB03F06EF9041E1AD00A2818D0A8
:104B4000079A002A11D08021537B977A49005B0095
:104B50000B401F43336830005B6C02999488984780
:104B6000019BC019181883B201930135049B9D4223
:104B7000D3DB019809B0F0BDFFFE00000B20000060
:104B800030B5022A11D0032A1CD0012A28D10423CF
:104B9000C25E8B8801885B1A0624015F44889B1AD9
:104BA000048043808180C2801AE0CB8842889B1AAF
:104BB000C2889B1A8A8801884380521A8188521AB7
:104BC00002800DE00623C25E0023C55E0423C45E9E
:104BD000CB88418882805B1A9B1A03804580C48001
:104BE00030BD0000F0B5A3B0189328AB00269E5F3F
:104BF0002BAB1B7811920C932EAB1C78299A299B16
:104C000014901C912A9D9B88128828689B181BB2BF
:104C1000169303685B6D98472B681D901A7B1A9258
:104C2000DB7A1B932D9B1593002C07D02B7C063B26
:104C30005A4253412D9A01339B18159300231F00AC
:104C400010930F930E9330E13722002312A95218CC
:104C5000209321931370A54B9F4203D0A44B9F42F6
:104C600000D00E970F9B2D992A688B420FDB13689B
:104C700010005B6998470700286812AA036839008A
:104C80009C6837239B1821AAA04720900BE037236C
:104C900012A95B18019321AB00930C992C9820ABBF
:104CA00003F00EF90700914B9F4200D1FAE0904CBF
:104CB000A74200D1F6E0002F00D1FDE00A2F00D17D
:104CC00000E1209B002B01D09F880AE02868036840
:104CD0001B699847854B984200D1E3E0A04200D180
:104CE000E0E00C9B002B01D1109BF618209A002AC3
:104CF00000D1D6E08021537B49005B000B40917AC4
:104D000019430C9B1091012B04D10E9B761A002B9A
:104D10000DD11CE00E9B002B10D00C9B002B06D15C
:104D200028680E9903685B6C9847361809E0286874
:104D30000E9903685B6C9847361A08E00C9B002BB1
:104D400005D11B9B169AF31A93420DDDB2E0299B05
:104D500000229A5E0C9B012B06D1109B1A999B197D
:104D60005B18934200DAA5E009218024209A299B50
:104D7000515600201B5E507B640092794001204018
:104D80008919024352189A4200DA8BE0169A91422E
:104D900000DB87E000221392B34202DD9B1B9BB233
:104DA000139380242868640003681B6B9847209B3A
:104DB0000D935A7BD10021400D9C1300247A0C43A3
:104DC00040210A4202D04B4AA41824B2189AA4B235
:104DD000801880B2021B12B21292299A0221525EEE
:104DE00012998A420FDD80211B0149000B400D9969
:104DF000C9790B4312995B189A4253DC101A241894
:104E000024B2129200E00024219B1D9A17932B6874
:104E1000002A33D1149A18001268A4B2126D1992A4
:104E20001A68126C9047AB7912AA0B93AB7B0A936A
:104E300037239B181B78119A0993AB680790089346
:104E4000179B039406930D9B14980593299B199C1B
:104E50000493139B0293129B0193139B9B191BB208
:104E60000093119B52881B8812041A43119B998846
:104E7000DB881B040B431C99A04713E0149A189974
:104E80009068026805910496A9790391A97B029123
:104E9000A968009301919468179B299A1199A047DA
:104EA00000E010920F9B01330F930F9B159A9342D2
:104EB00000DAC9E6002F01D1002711E00F9C013470
:104EC0000A2F0AD10A270BE00C992C98F7F7BAF8A9
:104ED000071EF1D00A28F5D001342D9B9C42F3DB4C
:104EE00078427841C0B223B0F0BDC046FFFE00005A
:104EF0000B20000000FEFFFF30B5458BC48A4383C2
:104F00006419E41AC482838B048B5B1AA218641898
:104F1000C2830483838330BDF0B50400458AC06832
:104F200089B0036801269B6B98471421625E430099
:104F30009B189D4200DB0026607AF6B201380528F6
:104F400004D8EBF715F928070F191F1F00252E00AD
:104F5000029524E0EA17D90F9D424A41D3B20025B9
:104F600002931CE0EA17D90F9D424A413500002602
:104F7000D3B20293019613E0002501232E0002957F
:104F800001930DE0EA17D90F9D424A410025D3B2A3
:104F90000193029504E0002501232E000293019560
:104FA0000023E3822383049305930022238807923E
:104FB000202B08D00120574903908B420AD0564934
:104FC0008B4205D105E0202305931F3B039301E0AD
:104FD00005930392217AE268606807AB02F01AFF3A
:104FE0002080002802D10023A18B57E0638B01337E
:104FF00063830A28F7D0079A002A06D1464B9842C5
:1050000013D0444B9842D0D10FE080219388E068C0
:105010002380537B977A49005B000B401F43036852
:1050200005995B6C98473F18BAB22388A18B202B57
:1050300002D03848834203D10398002800D104915C
:10504000208B521892B2278AA2838018002E06D194
:10505000002D1DD0202B02D02E498B4207D1238C4E
:105060001B189F4206DAE38A002B03D04EE0B842B9
:1050700003DC9AE70023110038E0E38A002B94D088
:105080000122E31CDA77E38B228C9B18E38331E067
:10509000B8421EDD019A002A02D001230A000FE067
:1050A000029A002A00D180E7202B00D17DE7194A1F
:1050B000934200D179E7039B002B05D00123049A8A
:1050C0002000FFF719FF15E0E38A002B00D16CE701
:1050D00010E0202B00D168E70E4A934200D164E72C
:1050E000039B002B00D160E70123049A2000FFF707
:1050F00003FF5AE7E06803689B6B98471422A35E9E
:105100001B18608AC01A608209B0F0BDB84200DC8A
:105110004BE7B5E70B200000FFFE0000F0B591B0B3
:105120001D0016AB04000E000027DF5F059200296A
:105130001AD02B6828009B6B9847059B4042BAB257
:1051400000B207AF029001950093210038000E4B8A
:105150000396FFF791FC01253800FFF7DDFE3B8841
:10516000002B0DD00135F7E702F03AFF01250A3890
:10517000434258412D18200002F032FF0028F6D19A
:10518000A8B211B0F0BDC046FFFF0000F0B5E9B015
:105190001C006E9B0A910F901100002B00D121E1A1
:1051A0002368002B00D11DE1A37B002B00D119E166
:1051B000082210A807F057F80A9B10A804229A5E4C
:1051C0000A9B06215B5E0021129108A9CB858A8586
:1051D000A57912A92A00FFF7D3FC12A92A0008001A
:1051E000FFF7CEFC1DA802F0EDFA20680368DB6C27
:1051F00098470500206803681B6D98476F9A2B003D
:105200006E9900901DA802F03CFB237920680E9354
:1052100003689B6B98470C22A35E05001B1809933B
:10522000236836A85E7A02F0CDFA237C002B0FD0DB
:1052300020680368DB6C98470700206803681B6DD3
:1052400098473B0000906F9A6E9936A802F019FBC0
:1052500012AB04215A5E0B926A46928D0C92E27B4D
:105260000C99DB888A1A217C92B203910C20215E72
:1052700014A80291216801916179009136A9FFF784
:10528000FBFB099B002B47DD237C7519002B22D1EA
:1052900039E014AE3000FFF73FFEF68A05E0617991
:1052A0001DA8F6F7CFFE013EB6B2002EF7D16B4631
:1052B00012AA9B8CD188DF19CB1AD38014AB1B8820
:1052C0005780002B00D18DE0332308AA9B18DB7F89
:1052D000002B00D086E012AB0227DF5F10AB02216B
:1052E0005B5E7A199A42D4DB16E01DA802F078FEC4
:1052F000002877D00A2806D16B469A8CFB8896192D
:105300009B1A7E80FB8012AF0223FE5E10AB02214F
:105310005B5E72199A42E8DB237C002B02D014A852
:10532000FFF7FAFD0E9B002B24D0257C64221DA9DB
:105330004FA806F098FF002D03D014AB1E20185E76
:1053400006E02B00284A21684FA8FFF7DBFB00B2DC
:105350002279012A05D10B9B181AC30F1B185B1069
:1053600006E00023022A06D1E37B0C9AD31A1B1A0B
:105370001BB200E0E37B227C002A02D014AAD28A6E
:1053800000E0194A12AE0221755E332108A80918FF
:10539000C97F10AF06910D91002105921DAA0492BC
:1053A00003910294019732880F98D3181BB200938F
:1053B0000A9A2B00FFF716FC002813D16B469A8C33
:1053C000F38855199B1AF3800D9B2DB27580002B25
:1053D00008D123687A881B7AED1AFB889B181BB2C8
:1053E0009D4299DD69B0F0BDFF7F000030B505003A
:1053F00000241800032B17D8EAF7BAFE02060C1394
:105400000023EC5E64180FE02C88AB88E41824B20B
:10541000A41A04E02C88AB88E41824B2641A013C76
:1054200002E00023EC5EA418200030BD30B505007A
:1054300000241800032B17D8EAF79AFE02060A1078
:105440000223EC5EA4180FE00223EC5E64180BE06C
:105450006C88EB88E41824B2A41A04E06C88EB880A
:10546000E41824B2641A013C200030BD0022014B34
:105470001A6070472C53002003002020002B1BD003
:10548000802200205202934201D21B04103080225D
:105490005204934201D208301B02802252059342EB
:1054A00001D204301B018022D205934201D2023086
:1054B0009B00DB43DB0FC01870470000F0B5050010
:1054C0000E001F00140089B002E03E001D000027FE
:1054D000002D54D0002C4FD033003B431F2B4DD810
:1054E0002300002E06D12C00002FEED10125274CE1
:1054F0006D4245E0F340039307D120000E996843C5
:10550000EAF7DAFE0D0004003AE028000E99B040F8
:10551000EAF7D2FE039B0491434305930123B34072
:10552000013B1C402000FFF7A7FF0F9B01000193E8
:105530000E9B2A00200000933300FFF7BFFF0400FA
:105540000498FFF799FF07AA01920E9AF619030033
:10555000310000920398049AFFF7B0FF0F9B0600FA
:105560001868079B0E99C018EAF7A6FE059B0D0068
:10557000C0180419341903E0250001E000252C00AF
:1055800020000F9B1D6009B0F0BDC046FFFFFF7FEC
:10559000F0B589B017001C0001260E9D03900591FF
:1055A000002805DA434203932B68023E5B422B60DE
:1055B000002F04DA2B687F425B4276422B60012386
:1055C0000493002C02DA023B644204933800FFF794
:1055D00053FF07AA03000599019203983A0000942B
:1055E000FFF76CFF079B070028682100C018EAF747
:1055F0004DFF049BC0199E4200D04042013602D0AC
:105600000B1E09DA03E04B42002903DB04E00138FA
:105610000B1901E001381B1B2B6009B0F0BD000025
:10562000F0B5214C4368A56989B00600076803936B
:10563000002D33D0EB0F5B195B100493049AA36821
:105640009B18079307AB00933A002B00E169206891
:10565000FFF79EFF07AB0093039A2B00216A05908A
:105660006068FFF795FF059B049A1B180593636913
:105670009B18079307AB00933A002B00616AE06820
:10568000FFF786FF07AB009307002B00039AA16A80
:105690002069FFF77DFF3B18059F0393039B37604D
:1056A000736009B0F0BDC0463053002010B5074B01
:1056B0001B78012B09D10023C25E00240B5F0380FD
:1056C000034B1B88013B9B1A0B8010BD125300201B
:1056D0001C53002010B5074B1B78012B08D1002369
:1056E000C25E054B0C881B88013B1B1B03800A8094
:1056F00010BDC046125300201C53002010B50A4BA9
:105700001B78012B0ED10623C15E0023C45E074B1C
:1057100042881B8852189B1A03800422835E4480AF
:105720008180C38010BDC046125300201C5300204E
:10573000084B1B78012B0CD10423C15E43880288DF
:105740000380054B52181B889B1A4380C388C18075
:1057500083807047125300201C53002030B5074B44
:105760001B78012B08D10023C45E00254B5F03800A
:105770009388013B1B1B0B8030BDC0461253002099
:1057800070B50A4B0C001B78012B0DD10B68056816
:1057900003600423D05EEBF7A5FF0549EBF740FD5E
:1057A000291CEBF73DFD206070BDC0461253002060
:1057B00017B7D13870B5094B04001B780A00012BCC
:1057C0000BD10423C55E0388811C5B19013B038058
:1057D000FFF7C4FFE388E580A38070BD125300206B
:1057E00010B5074B002400229A5E064B00215B5E39
:1057F0000100FE30FC314C63C286038710BDC046F9
:105800001C5300201A53002010B5044B18680028C0
:1058100002D003689B69984710BDC0466C530020B6
:105820007047000007B5074B00229A5E064B002127
:105830005B5E002100916946CB8003688A809B6C87
:10584000984707BD1C5300201A53002013B5084B7E
:105850006C4600229A5E074BA28000215B5E00210D
:10586000E3800368019A1B6C0091984713BDC04602
:105870001C5300201A53002010B5044B1868002850
:1058800002D00368DB69984710BDC0466C53002006
:1058900010B5044B1868002802D003681B6A9847AB
:1058A00010BDC0466C5300200023AE30C387704744
:1058B00010B5044B1868002802D003689B6A98470B
:1058C00010BDC0466C53002070479E2110B50400E7
:1058D000490006F0EDF9200010BD0123002802DD8B
:1058E0004B1E0B43DB0F1800704730B500228C5E57
:1058F0000022855E8A880300121912B200209542A8
:1059000015DA9A88521912B2944210DA02228C5E89
:1059100002229D5ECA88121912B2954207DADB880C
:1059200001225B191BB29C4200DB021CD0B230BDCD
:10593000F8B50423CF5E0623CE5E04000D003800C8
:105940003100FFF7CAFF00281DD10023EA5E0021C5
:10595000635E9C469A4216DB02216B5E0225615F04
:105960008B4210DBA588D21965442DB212B2954244
:1059700009DBE2889B19521812B21BB2D017D90F5B
:105980009A424841C0B2F8BDF0B50423CA5E85B062
:10599000019206228B5E04000D000198190002930B
:1059A000FFF79BFF002845D10423E75E0622A35E94
:1059B000380019000093FFF790FF0023E95E0028EC
:1059C0000AD021800222AB5E63800422AB5EA380FA
:1059D0000622AB5EE3802DE00023E25E131C8A42C8
:1059E00000DD0B1C1BB29C460220235E0220285EB9
:1059F0001D1C834200DD051C2EB2039666466580A1
:105A0000019DD21949192680151C0EB212B2B2425C
:105A100000DA0D1C6246AD1A009AA5809B18029A06
:105A2000801801B21A1C1BB28B4200DA021C039BC5
:105A3000D21AE28005B0F0BD30B50023C45E002C60
:105A400004DA83881B198380002303800023C45E4B
:105A50000425435F091B8B4200DD81800223C15E68
:105A6000002904DAC3885B18C38000234380022323
:105A7000C15E0624035F521A934200DDC28030BD2E
:105A800010B50C000F4B200000229A5E0E4B002137
:105A9000595EFFF7D1FF0D4B1868002811D003683D
:105AA00021009B6898470A4B1868002803D00368B8
:105AB00021009B689847074B210018680368DB6941
:105AC000984710BD1A5300201C5300206C5300202F
:105AD0006453002020530020014B18687047C046D3
:105AE0007053002070B505000023A4352B800300FF
:105AF000060080331B88A636040033800CE0E218D1
:105B000084321278002A04D09B00185903681B6D58
:105B100098472B8801332B802B8832889A42EED805
:105B200070BD0300002280331A80A43004331A7041
:105B300001338342FBD1704770B50B4E04003068CF
:105B40000D00002802D003685B699847201DFFF70D
:105B5000E8FF35602B682800DB6898472368200041
:105B60005B6C984770BDC0466C5300200300F0B5D5
:105B700080331B8885B00193A4239C4684446346EC
:105B800006001B88843600930023029622361C00F0
:105B90001D001A0003961AE0029EF75C002F0CD03D
:105BA0009A4208D09E008659310096B2B600315014
:105BB000861884363770013208E00099994200DB7C
:105BC000013503990E889E4200DD013401330199AD
:105BD0009942E1DC009B591B634619800100A63104
:105BE0000B8880301B1B0B8001E0013B0380038886
:105BF0009342FADC05B0F0BD9C2370B5184E04004A
:105C000030685B00002806D0027A002A03D1E254F3
:105C100003689B6822E0E35C124D002B12D1002840
:105C200010D0037A002B0DD02868002802D003681A
:105C30001B69984730680368DB6898479C230122FA
:105C40005B00E25404342000FFF74CFF2000FFF714
:105C50008DFF2868002802D003685B6A984770BDF2
:105C6000685300206C5300200100030000224031E3
:105C70001A805A809A80DA8008338B42F8D1831CCC
:105C8000DA877047F8B5060004001B4BA82208C647
:105C90000021300006F04AFA23000025200084335A
:105CA0001D80AC30FFF7E0FF2000EE30FFF7DCFF97
:105CB0002300FC335D639D639C235B00E5540F4927
:105CC0000F4805F003FB0F4B0F4FA84201D01D807A
:105CD00006E080220220D2001A80386001F012FC17
:105CE00000230A4A30001360094A3B601360FFF743
:105CF00018FF2000F8BDC04660F80108CDB5E8B532
:105D0000C2A507F4100100206C530020705300203E
:105D10006853002010B502000230C38F013B9BB2D4
:105D2000C3878B4206D9C900DB005018D11808225E
:105D300006F099FA10BD07B501920091821CD38F2D
:105D4000072B07D8591CDB00D187C01808226946E9
:105D500006F089FA07BD0000F0B5C84B95B0119266
:105D600000229A5EC64B0090109110A80021595E47
:105D7000FFF762FE10AB0621595E10AB0420185EDF
:105D8000FFF7ABFD002800D049E3BE4B1B684C3346
:105D90001B78022B00D142E3009DAE35EC8F0CE066
:105DA000009EE100AC36891910A8FFF7C1FD00285C
:105DB00003D03000A1B2FFF7ADFF013C631CEFD16F
:105DC000EB8F009A0D93DB00A433D31801930D9B46
:105DD000019C039300231D0008936EE0200010A98E
:105DE000FFF783FD84460290002860D010AB0026A8
:105DF0009E5F0023E05E10AB0221595E0223E75E46
:105E000086422ADB10ABA2889B8812189B1912B21B
:105E10001BB29A4221DB10ABDB88E2888EB2B8B2AB
:105E2000F31882189BB292B2B94208DB9B1A1BB2DC
:105E300010A9CB80002B00DCF1E24A800AE012B20C
:105E40001BB29A4234DB801B00B210ABD880002812
:105E500000DCE4E26346089329E0B94228DB10AB9A
:105E6000E288DB88D2195B1812B21BB29A421FDBA0
:105E700010ABA2889B88B7B281B28A18FB1892B285
:105E80009BB2864208DB9B1A1BB210A98B80002BA9
:105E900000DCC4E20A80DDE71BB212B2934207DCE9
:105EA000C91B09B210AB99800029D3DCB7E2029577
:105EB000039B029D013B0393083C039B002B8DD168
:105EC000089B002B00D082E7002D09D1009E009B8B
:105ED000AE360196F58F6C1EED00A4355D1915E206
:105EE00010AB00229B5E009D07936B469B8B019C31
:105EF0000C9310AB9B88A4350593059A0C9B9B18BB
:105F00009AB21BB20992029310AB02229B5E0493D9
:105F10006B461B8A0A9310ABDB880693069A0A9B92
:105F20009B189AB21BB20B92039348E0200010A971
:105F3000FFF7DBFC002817D00023E15E0223E65EBA
:105F4000079B8B421BDCA388029A5B181BB293420F
:105F500015DC0499E388B2B2B14207DCD3180B9A7E
:105F600003999B1A6180E380089826E0D31803996F
:105F70001BB28B4221DC0A9B9A1AE280F4E7049B55
:105F8000B3421ADCE388039A9B191BB2934214DCD8
:105F9000079EA3888AB28E4206DCD318099A02991A
:105FA0009B1A2180A380DFE7D31802991BB2994284
:105FB00003DB0C9B9A1AA280D6E7083C0890A54206
:105FC000B4D1089B002B00D180E70D9F013F4EE12B
:105FD000009B0199AC3310A80893FFF7A9FC002897
:105FE00003D00898B9B2FFF795FE019810A9FFF702
:105FF0007CFC002800D136E1019B00229B5E9C4680
:10600000019B02229B5E624690B2019A9588009A9B
:106010004519AC320E92009AADB2AE32D28F0F92C9
:10602000079A624500DC85E00C9A049E141AA2B21D
:106030000D9224B22AB29E4226DD0A9899B2451AE0
:10604000F800009FAEB23818029F2DB2BA1A0700AE
:106050006A43B23701923A888918039A09B2511AF1
:106060006143019A8A4201DB3D8027E0069AB03005
:10607000B61810AA0480D68053808DE61A530020EB
:106080001C53002020530020029E964223DD0098DE
:10609000F90041180E00B2360B9D3088049F401B5A
:1060A000C018DB1B029F85B2BA1A00B26343424399
:1060B00093420DDC039BAE310B803080624610AB07
:1060C0001A800D9A059B9446634410AA938063E658
:1060D000B0310C80C2E0099B0F9AED1AABB22DB221
:1060E000062A0BD812AE08223000019906F0BBF840
:1060F000019B029A9D801A80B48092E0FA00A5422A
:1061000012DB614610AB19800D99059B8C466344E8
:106110009BB210A98B8000991B188A181100B0320D
:10612000AC310B80158037E60E998A189480059A59
:106130009B18CAE7019A98B2D488049A0419A4B2A9
:106140009A422BDA0498099A1B1A60460B99079E0B
:10615000AD1A641A801BAAB2A1B22DB224B26B434D
:106160006043FE0083420CDC009B9E193300B23377
:106170001C80039BAE363380059BD21810AB9A80EF
:106180000AE6009B9E193300B0331D80029BAC369B
:106190003380069BC91810ABD980FDE50A9A161A00
:1061A000B2B20D922AB21100029A36B28A4226DAAF
:1061B000099A0798AD1A6246101A039A24B2A9B236
:1061C000141B2DB270436C43FF00A04207DB0E9BF3
:1061D000DF19059BFE80C91810AB9980DCE5009A99
:1061E000D7193900029AAC310A8010AA5380069B55
:1061F0000D9AB0379A1810AB3D80DA80CCE50B9A37
:10620000A41A0F9AA5B224B2062A10D812AD0822F9
:106210002800019906F027F8019B039ADC805A8038
:10622000EE801299139A0898FFF785FD1BE0F9009C
:10623000B44210DB10AA5380069B0D9A9A1892B2B2
:1062400010ABDA80009B121859180B00B231AE3334
:106250001A800C80A0E50E9B5918CE80069BED1885
:1062600010ABDD8098E5019B013F083B01937B1C4F
:1062700000D0ADE62AE610AB02229B5E0222A95EA8
:1062800010AA0020125E0027E85F8B421BD110AFDE
:106290000626BF5FBC460626AF5FBC4513D1AB8860
:1062A00010A91F183FB28988974204D110AA591823
:1062B0001080918023E08A1812B2824224D15B18A8
:1062C00010AA93801BE082421ED110AA0420105E07
:1062D0000426AA5F904217D1EA8810A857183FB247
:1062E000C088BB4204D110AB10185980D88006E09A
:1062F000C3181BB2994207D1121810ABDA8000986C
:10630000A1B2AC30FFF706FD013C083D631CB2D1E1
:10631000019B0098DB8FAC30072B04D81099119AA1
:10632000FFF709FD7BE05A1E0192DB00009AA433BF
:10633000D31802933B4B049300230393029B042244
:106340009B5E029A0621525E5A43019B0692059378
:10635000013B1F00019310AE7B1C03D0009BFE008D
:10636000AC33F6180422B35E0622B55E0299082209
:1063700012A85D4305F077FF310012A8FFF704FB78
:1063800010AB0C229B5E10AA0E21525E07215A43CD
:10639000069B5D19D3170B409B18551BDB10AB42B6
:1063A0000CDC049B9D4205DA002D07D03C00059BC8
:1063B00004950393013FBB1CCDD103E0059B3C003A
:1063C000039305E0029B083B0293019B0133B5D187
:1063D0006B469E89009DF7003800009BAC30AC35C1
:1063E0001818002C04DA010010A8FFF7CDFA11E00C
:1063F000A4B2E4002100009BAC315918FFF7C4FAA5
:10640000082210A9281905F02EFF0822E91910A862
:1064100005F029FF31002800FFF77CFCBCE415B033
:10642000F0BDC046FFFFFF7F0300F0B5FE3338220A
:10643000995E0700A5B03620185EFFF74EFA041EDD
:106440000ED198225200B9583A003B683132FF32DF
:106450001B6C3800526898473B00FC335C639C63BC
:106460003E000122AE36F38F0292002B08D1B34BCF
:106470001B684C331D78023D6B425D41EBB20293C9
:10648000AF4B1B68002B1CD0AE4C0623E15E0423EF
:10649000E05EFFF722FA051E13D12000FFF72EF968
:1064A0006188228809041143E288A0883B681204AD
:1064B00002431B6C3800984725806580A580E580E5
:1064C00004E0029B002B01D100F0C3FB13A8FFF7EF
:1064D000CBFB9D4B1C8825000FE0EB00FB18AC3379
:1064E0005A88198812041143DA88988812040243E2
:1064F00013A8FFF720FC0135ADB2F38FAB42ECD807
:1065000010E0E300FB18EE3359881A8809041143A0
:10651000DA8838689D881204036C2A43380098474B
:106520000134A4B23B00F033DB8FA342E9D8834BA4
:10653000186803004C331B78012B00D00CE13800A5
:10654000824A814B12780024F18F1B88B230012AD5
:1065500000D080E03D007E4AAC351288140005E092
:10656000D800285E844200DD040001338B42F7DB53
:10657000012302930F2A01D9D30802930FAB1A808B
:1065800057E0734AA83312881B6803929847326811
:10659000130080331E78123B1978039B181A029B54
:1065A00080B2EB1A984206DDA04204DD002E0AD12B
:1065B000002938D007E02300002E05D1002903D19F
:1065C0000300A04200DA2300624A0FAE0021525EAF
:1065D00000213380EB1AB3805B4B71801D88F28001
:1065E00019E0EB00C918082211A805F03CFE3100A3
:1065F00011A8FAF799F90CAB1A21595E0CAB1820C7
:10660000185EFFF76AF9002804D13B6838009B6CDC
:1066100011A9984701353B003900AE33DB8FAC310F
:10662000AB42DEDC05E013680121A43310001B68D7
:106630009847424E0FAB00255D5F30680368A54266
:106640009FDC76E0DD00425B755B521912B294422A
:1066500000DA140001338B42F4DB01223D4B02923D
:106660001B880F2B01D9DB08029300230F93109393
:1066700054E0A8331B689847039B02001868030086
:1066800080331B789C4603006E331978029BEB180D
:106690009A420CDAA2420ADA6346002B10D1002992
:1066A0000ED103680131A4331B68984736E0604679
:1066B0002300002805D1002903D11300A24200DDE8
:1066C0002300234A5B1B0021525E0021F3801E4BF6
:1066D000758031801D88B28019E0EB00C91808224E
:1066E00011A805F0C0FD310011A8FAF71DF90CAB97
:1066F0001A21595E0CAB1820185EFFF7EEF800283F
:1067000004D13B6838009B6C11A9984701353B00C8
:106710003900AE33DB8FAC31AB42DEDC0FAEF38839
:106720007588ED18054B2DB2186803930368A542D0
:106730009FDB024B186803685B6A71E020530020FE
:10674000645300205C5300201001002012530020ED
:106750001C5300201A530020022B00D0DCE0030061
:1067600084331B880D93030082331B880A93030034
:1067700081331E78751EABB203930368A8331B6880
:106780009847C64B04001B880693C54B1B88029391
:10679000C44B1B78012B03D0029B069A06930292EE
:1067A0000020F8F734F831000298E9F789FD4543F5
:1067B00004900CE0BC4C0A21206803689C331B68E1
:1067C000984720680368A8331B6898470400AC42C8
:1067D000F0DB0020F8F71CF86B461B8A0893089A38
:1067E000039B53439BB20B93029B5B090C930023C7
:1067F0001D00059300E0039C029B9D4200D10AE22C
:10680000A94E30680368A8331B68984703908442F8
:1068100008D9059B002B08D030680368B8331B6883
:106820009847F8E1059B002B05D0039B9D4200D2C1
:10683000F2E70123059328000499E9F741FD6B462F
:1068400009909B8C5A1C0793089B5A43059B92B254
:10685000002B07D00499039B5B1802998B4204DD3F
:106860000B0002E0039B0B995B1A9BB21C1C93422A
:1068700000D9141C0A99A4B2641B8C4200DD0C00E0
:106880000D99A6B28E4205D202987119884201D0A4
:10689000934235D90120F7F7BAFF834B24B2186829
:1068A0006B462421595E036898331B6898476B46F2
:1068B00018229A5E7B4B11A91B78012B08D1029BF1
:1068C0008C805B1B9B1B0B800023CA804B8004E0E9
:1068D00000234D800B808A80CC803B6838009B6C05
:1068E0009847714B1868079B5942036809B298335F
:1068F0001B689847AB1901209DB2F7F789FF7AE72B
:10690000694C206803689B6A984720680C99036863
:106910009C331B6898476EE7032B00D05CE1863000
:106920000022835E02935F4B1B78012B00D03FE176
:106930008DE00023D55E5D4B00261B8801339BB2A2
:10694000DA00AC32BA182FE0614679180C00080062
:10695000AC34B03000882488039124180021505EA4
:1069600024B2844690880493604400B2844205DADD
:106970006546A44500DA251C2DB212E084420CD1F4
:106980000399B2310020085E0624115F884200DBC3
:106990000496654505DA654603E0854200DA0500A0
:1069A0000496049E01330832F1008C46059998B292
:1069B0008142C9D8390011ACAC31082220006144B1
:1069C00005F051FC0423E25E029B9A4201DA0023A7
:1069D000E55E238820009B185B1BA3802580FEF7C3
:1069E000A7FE0422A35E03930623E55E0398290015
:1069F000FEF773FF00282AD16B46029A1B89AA4230
:106A000000DBABB2284A218810686A469289056883
:106A100094469435628800932D686346A847050024
:106A2000E0802000FEF76AFE3B6821009B6C380086
:106A30009847F200BA18B03213885B1B1BB2138060
:106A4000002B04D13800B1B2AC30FFF763F93B0042
:106A50003A00AE33DB8FAC320593002B00D068E7F1
:106A6000D9E0079A059B94460022DC885B88039254
:106A7000E41824B2089B34E07D192A00AE320020CD
:106A8000105E00215A5E6646904211DD9C88A41873
:106A900024B2844221DD04001FE0C0461A530020C6
:106AA0001C5300201253002020530020100100200E
:106AB00090420ED1B03500216D5E0221585E8542B4
:106AC00000DB039E9888821812B2944205DD140000
:106AD00003E0944200DD1400039E01220833944435
:106AE00003966246039892B2C50006989042C3D8B6
:106AF000059B5B197D192A00B2320021525E029972
:106B000004928A4205DA2A00AE321488049AA41844
:106B100024B20622995E0420185EFEF7DEFE0028ED
:106B20009FD12B00AC3300269E5F2B00AE3300219B
:106B3000595E2B0011AAB033D08000201B5E168056
:106B400051809380444AB6B21068B4468AB206684F
:106B5000641A02999BB2069394368C4200DD0C00B5
:106B60006B461B8A211CA4B29C4201D96B46198A30
:106B700089B20091069B61463468A0470CAB5883EC
:106B80003B6811A99B6C3800984729000CABAE31CB
:106B90005A8B0B88B235D3180B802B889B1A1BB2EB
:106BA0002B80002B04D16B4605989989FFF7B2F82A
:106BB0003B00AE33DB8F0693284B1B8801339BB21F
:106BC0000793DB00AE33FB180893069B002B22D003
:106BD0003B00AC33059344E7204B1C8816E0E300F0
:106BE000C918082211A805F03EFB0CAB1A21595E0A
:106BF0000CAB1820185EFEF770FE002804D13B682D
:106C000038009B6C11A998470134A4B23900F38F66
:106C1000AC31A342E3D8124B1B78002B19D03B00B8
:106C20000022F033DA870D4B1C880CE0602238001C
:106C3000E3009B180CAA9B18443BEE3006CBFFF7F1
:106C40007AF80134A4B21E230CAA9B18DB8FA3424E
:106C5000ECD825B0F0BDC046205300201001002024
:106C6000145300200022034B1A805A809A80DA8045
:106C70007047C0465C530020F0B50500A1B007A8DE
:106C800014001E00059100F09DFD2B682800DB6CB0
:106C9000984707002B6828001B6D98473B0000278A
:106CA000320021003E003C00009007A800F0E9FD02
:106CB0000397002306931A4B9C4203D0194B9C4226
:106CC00000D027002A00059906AB07A801F0A2F81A
:106CD000041E01D00A2809D1039A331C964201D21E
:106CE0006B469B899BB20026039314E0069A002A08
:106CF000DFD08021537B49005B000B40917A948860
:106D000019432B6804915B6C390028009847049B59
:106D1000C0183618B6B2002CCBD1039821B0F0BD04
:106D2000FFFE00000B20000010B50368DB689847E9
:106D3000002806D08021427B4900807A52000A4018
:106D4000104310BD0EB4F0B50500A0B025AB40CB8C
:106D500007A8059300F036FD2B682800DB6C9847E8
:106D600004002B6828001B6D984723000024310085
:106D70008026059A009007A800F083FD2A002100D4
:106D800006AB07A80694760001F044F825E00A282F
:106D90001DD0069800281AD0EB880393477B027A0F
:106DA000FB003340134340223900174202D00F4A00
:106DB0009B181BB2C0790901039A31400143521854
:106DC000D21A131C12B2A24200DA231C1CB22A00EF
:106DD000002106AB07A801F01DF80028D7D1A0B20A
:106DE00020B0F0BC08BC03B01847C04600FEFFFF4F
:106DF000437A8088181880B2704710B503681B6BFF
:106E0000984710BD0EB470B504009DB021AB40CBC7
:106E100003A8029300F0D6FC23682000DB6C98479F
:106E2000236805001B6D200098472B003100029A53
:106E3000009003A800F025FD03A801F0D1F801247B
:106E4000030007E00A2B01D1013004B203A801F0CE
:106E5000C7F80300A0B2002BF4D11DB070BC08BC71
:106E600003B018470EB4F0B504009EB023AB40CB7E
:106E700005A8039300F0A6FC23682000DB6C98476C
:106E8000236805001B6D200098472B003100039AF2
:106E9000009005A800F0F5FC80260021220004AB3C
:106EA00005A80491402700F0B5FF144D76001CE0C2
:106EB0000A2814D0049B002B11D0587B1B7AC100E8
:106EC0003140E2880B43384202D00D495B181BB2B7
:106ED000D31A1A1C1BB2AB4200DD2A1C15B22200C9
:106EE000002104AB05A800F095FF0028E0D12800A0
:106EF0001EB0F0BC08BC03B01847C046FF7F0000BE
:106F000000FEFFFF07B5002283686946019303680E
:106F100000921B69984707BD70B50C0005000B680F
:106F2000DB689847236829002000DB6A984728001F
:106F300070BD10B50B8882889B180B80C2884B8867
:106F40009B184B804069002802D00368DB6A984791
:106F500010BD70B50C0082880B8805009B180B8053
:106F6000C2884B889B184B80011D2000F9F7DCFC80
:106F70000422A35E002B0ADD0622A35E002B06DDA1
:106F80006869002803D0036821009B6A984770BD98
:106F900070B50C0082880B8805009B180B80C28896
:106FA0004B889B184B80011D2000F9F7BDFC042283
:106FB000A35E002B1DDD0622A35E002B19DD686990
:106FC000002804D0036821001B69984711E0094B91
:106FD0001B6804339D420CD1FEF77EFD6188228838
:106FE00009041143E2880368A58812041B6C2A4334
:106FF000984770BD6C5300200B0070B5134304001C
:107000000D001600002B0FD003689B699847E2889B
:10701000A18892194919200012B209B2F2F74AFE6A
:10702000236820009B69984770BD10B504000800D4
:107030000823C95E0A23C25E00232380638003689D
:10704000A180DB6A2100E2809847200010BD030088
:107050002020002B1BD0802200205202934201D21C
:107060001B04103080225204934201D208301B02CC
:1070700080225205934201D204301B018022D205A6
:10708000934201D202309B00DB43DB0FC0187047F4
:10709000F0B587B005000C001E000092002801D159
:1070A00044E01D00002C43D02800FFF7D0FF071E4E
:1070B0000AD12000FFF7CBFF23002C000028F0DCD2
:1070C00001251E4C6D4234E02300C340019307D1DB
:1070D000200000996843E9F7EFF80D00040028E06C
:1070E00028000099B840E9F7E7F8019B009A43436C
:1070F0000120B84001380291039329003300204059
:10710000FFF7C6FF009A0700029905AB0198FFF749
:10711000BFFF059B040030680099C018E9F7CCF860
:10712000039B0D00C018C019241802E0040000E001
:1071300025002000356007B0F0BDC046FFFFFF7F8F
:10714000F7B507001E0008000124002F01DA7F4276
:10715000023C002801DA404264422500002A01DA9C
:1071600052426542874202DC030038001F003900AA
:1071700001ABFFF78DFF019B68435C433460FEBDAC
:1071800073B501AB05000E001400FFF7D9FF002D09
:1071900002DB6B1E9D4101E001256D42002E02DBEA
:1071A000731E9E4101E0012676427543002C03DBED
:1071B00023005A1E934101E001235B426B43012BE4
:1071C0000CD1E317E4185C40019B0134DA179B18DB
:1071D000641053409C420EDC01300CE0002B0AD0BE
:1071E000E317E4185C40019B6410DA179B185340C6
:1071F0009C4200DA013876BD0020704701207047BC
:1072000002207047704770477047704710B5040000
:107210000C2104F04DFD200010BD10B5040010211C
:1072200004F046FD200010BD10B504000C2104F050
:107230003FFD200010BD10B504003C2104F038FDD6
:10724000200010BDF0B5036B04000D008BB0002BC7
:1072500002D00B79002B41D0271D03AE390030003E
:10726000FFF7E3FE2B79002B10D173882A89E98878
:10727000D21A33883800C91A230036330193023BEF
:10728000009312B209B2043BF9F76CFA216B0029A2
:1072900024D005A8FFF7C9FE6B46694632889B8A51
:1072A000C98AD21AEB882879D218A38ED21873888B
:1072B0000B4E5B1A29895B18E18E079600265B1836
:1072C00007A90871206BCA800B814E8103685B6C33
:1072D00098472B79B34201D0266366630BB0F0BDAB
:1072E000B4F8010870B50D00016B040086B00029E8
:1072F0001CD001A8FFF799FE0623E85E6B4669469D
:107300002A899B88C988D21AA38E2E79D2186B89B4
:10731000074D5B1AE18E03955B1803A9C880206BAB
:107320000E710A814B8103689B6C984706B070BD53
:10733000DCF80108F0B50C00016B05008BB00029EA
:107340006FD002A8FFF771FEAA8EE38802A9D318B6
:1073500000268E5F1BB2B34236DB02A98F88BF19AD
:107360003FB2BB4230DAEB8E00932189591809B243
:107370008C4602A90223C85E844525DBC98809180A
:1073800009B28C4520DA63899C46624413B20193AA
:107390000C22A35E9C46019BB34208DBBB4206DA8B
:1073A000009B63441BB2834201DB8B420CDB1E4B10
:1073B00002AA0693022313750023286BD382089335
:1073C000036806A95B6C9847291D04A8FFF72DFEEA
:1073D0002379E0889C4602AB1B89AF8E9B1B9BB236
:1073E00018183A180092608902AA1B18604602AE6B
:1073F00076885289E98E921B2689A48992B29619C1
:1074000012190A4C8E198A1806A906940871009858
:10741000FB18C880286B0E814B818A810368DB6C66
:1074200098470BB0F0BDC046B4F80108C8F8010891
:1074300037B505000C22835E0C3501330BD10022D9
:107440006C46836821000193036800929B6A984709
:107450002B0006CC06C328003EBD13B52022835E58
:107460000400013305D101006846FFF7DEFD009BF3
:1074700023622023E05E16BD13B52222835E040042
:10748000013305D101006846FFF7CFFD009B236261
:107490002223E05E16BD0000154B802270B503600C
:1074A000002352000285134A8360C3600361436175
:1074B0008361C36103624362C36203634363030086
:1074C00042600122040038331A700B4B051D002660
:1074D0009E5F0A4B28000021595E094B1B6C9847A0
:1074E000636828003100DB6B9847200070BDC04600
:1074F000F0F8010800F401081A5300201C53002082
:10750000F8F3010807B5074B00229A5E064B0021ED
:107510005B5E002100916946CB8003688A809B688E
:10752000984707BD1C5300201A530020F0B50D00EA
:10753000140006228B5E04216A5E8DB00290002A40
:1075400000DCDDE0002B03DCDAE01C1E00D1D7E01C
:107550002000FFF76DFF2900FEF7C7F9E369002857
:10756000F3D0002B00D1A4E023682100DB6806A83B
:1075700098472000FFF771FF06AB1E8836182000E1
:10758000FFF77AFF06AB5B88079A1B1806A936B28D
:107590004B810E8108A829000992F9F7C5F920004E
:1075A000FFF746FF07000AAE082208A9300004F0E2
:1075B0005AFE39003000F9F7B7F90022B35E0493A0
:1075C0000222B35E01930422B35E03930623F75EA7
:1075D0000023EA5E049B93420DD102216B5E019968
:1075E0008B4208D104216B5E03998B4203D10621A3
:1075F0006B5EBB425DD0039B002B01DD002F02DCE4
:107600002900E26952E002216B5E69468988059192
:1076100001998B420CDA0421685E0AA90A80059A56
:107620004B80D31A8880CB80E2690298FFF77EFFF7
:107630000022AB5E6A46168A049A93420ADA0AA9C5
:10764000019A0B80F31A4A808B80CF80E2690298FE
:10765000FFF76CFF2A88AB8803999B1876189AB2BB
:10766000B0B21BB236B2B3420ADD019B0AA9121AAC
:107670000E804B808A80CF80E2690298FFF756FF28
:10768000EB886A88D218059B90B2DB199EB212B2C1
:107690001BB293420DDA0022AF5E04216A5E801BAA
:1076A0000AA90F804B808A80C880E2690298FFF7A0
:1076B0003DFF2000FFF7BCFE07000AAE08222900AC
:1076C000300004F0D0FD39003000F9F72DF9062222
:1076D000B35E0421725E002A12DD002B10DD200053
:1076E000FFF7BBFE33881B1A33802000FFF7C4FE70
:1076F000738831001B1A7380236820009B689847A9
:107700000DB0F0BD0023F0B5061D87B00C000500DC
:10771000310002A80193FFF788FC6B4669461B897C
:1077200022884989D21A63885B1A0621605E042187
:10773000675E04A90A80C88001AA30004B808F8050
:10774000F9F776F9019A002A03D021002800FFF703
:10775000EDFE07B0F0BD30B50D000100040085B0AE
:1077600008220831684604F07EFD29006846F9F7D2
:10777000DBF8230038331B78002B04D06946200047
:10778000FFF7C0FF14E00434210002A8FFF74DFC0E
:107790006B466A461B88128969469B1A6A461380A3
:1077A0005388528920009B1A6A465380F9F701F9E1
:1077B00005B030BD0B0010B51A68011D92691800A4
:1077C000904710BD022370B5037403000025040028
:1077D0003A330560456045610576C5830584C586F5
:1077E0000587C5872900DD800E22456485644C30FD
:1077F00004F09CFC230001225A331D802000E56523
:10780000DA80F4F763FC200070BD0200C38E2232E0
:107810005B00985A43425841C0B27047002110B5EE
:107820004368002B03D10368002B28D04360037EFC
:10783000002B09D04369002B05D01A88002A02D0FA
:107840009A1C426108E0017643681C88002C16D01F
:107850009A1C4260022C01D0188811E0037C012B95
:10786000DED85A1C023302749B001B584361002B64
:10787000D6D01B88002BD3D001230376D0E700207D
:1078800010BD10B501600021416014688460526829
:107890000174C26002001A324161017601870184DD
:1078A000D1844364029B8364F4F710FC10BD08B4D8
:1078B00010B585B0130007AA10CA00940392FFF711
:1078C000E0FF05B010BC08BC01B0184770B504005B
:1078D000002910D005004C350E22280004F0C3FC0E
:1078E000802329006A7B5B0052011A40AB79553432
:1078F00013435B422370080070BD10B50C001900E3
:1079000013681000DB689847002800D004002000AE
:1079100010BD0000F0B585B00400151E019104D122
:1079200003005A331A80C265F4E0517B96888022A6
:10793000080152001040EA790B000243D70892B2C6
:107940000292764A96420AD8754A964244D8754AB7
:10795000964208D0744AB218032A04D956E0734AF2
:10796000B218072A52D826004C3629000E223000C1
:1079700004F079FC23002500E28E223352006C488B
:10798000D15A5A35814211D1019B01981B68DB689D
:1079900098478023427B5B00D1001940037A0B4358
:1079A000520602D5634A9B181BB22B8060212A889D
:1079B000029B9A18D21913B22B803272727BDB10A1
:1079C0008A430B4013432200737355325E3421887F
:1079D00013785B1A137017E026004C360E2229002C
:1079E000300004F040FC60205C342288717BD31BA3
:1079F0009BB233721BB2DB10034081431943029BDD
:107A00007173D21AD21B2280350083E04A4AB01823
:107A1000220080B25A320392042829D81522C2408B
:107A2000D20725D527004C3729000E22013E380009
:107A300004F019FCB3B23900019A2000FFF75DFF92
:107A40008022417B037ACE00520016403D00334332
:107A5000490602D537495B181BB203990B807B7B23
:107A60005B001340BA7A1A43930852099B183EE010
:107A7000DA0080235B001A402B7A1343490602D5B3
:107A80002C4A9B181BB2039A13802C4BF11889B215
:107A9000002310292BD82A4ACA40012113000B4089
:107AA0000A4224D027004C370E222900380004F067
:107AB000DAFB80227B7B52005B001340BA7A3D00E8
:107AC0001A43204B03929E4202D0013EB3B200E023
:107AD0001D4B019A39002000FFF70FFF8022437BE6
:107AE00052005B001340827A1343039AD31A220098
:107AF0005E32138080236A7B5B00D10019402B7AB1
:107B00000B43520602D50B4A9B181BB2029A5C34F7
:107B10009B1A2380280005B0F0BDC0463A0E000035
:107B2000370E0000310E0000CCF1FFFFB9F1FFFF6E
:107B3000330E000000FEFFFFE5F1FFFFF7F1FFFF4E
:107B400001040100130E00000C0E0000F0B5060049
:107B50000500140085B05A36002A04D1994B3380B1
:107B6000994BC3652AE18027517B7F00080138408B
:107B7000E7799388074301200A0000970390042FB8
:107B800001DDB80803909148834241D89048834270
:107B900015D89048834235D88F48834224D88F48DF
:107BA00083422BD80938834200D2E6E036E0012038
:107BB000984003008A48034230D18A4811E08A483D
:107BC0001B1898B2012383408848034226D1884875
:107BD00007E0012098400300864803421ED1902010
:107BE0004000034270D1C8E083481B1898B20123BB
:107BF00083408248034211D18148F2E781488342A1
:107C000062D0BAE080481B189BB21D2BE1D9B4E0CA
:107C10007E481B189BB21A2BC9D9AEE00020335EF8
:107C2000684801932B005C330293019B834212D17D
:107C3000029B00201B5E019883420CD1D30080225E
:107C400052001340227A1A43490602D5704BD218CB
:107C500012B2328051E02F004C3721000E22380042
:107C600004F001FB2B005E330021595E554B994215
:107C70000BD08023627B5B0052011A40A37913432F
:107C80005B10C91A2B00553319706B464D491A8881
:107C9000019B8B420AD06020D3189BB2797B3B7248
:107CA0001BB2DB10034081430B437B738023797B42
:107CB0005B00C80018403B7A0343490602D554498B
:107CC0005B181BB2338052E02B005C330293002020
:107CD0001B5E3C4F01930020335EBB4212D10198E2
:107CE00098420FD1D300802252001340227A1A43C7
:107CF000490602D5464BD21812B2009BD21A029BFB
:107D00001A805BE02E004C3621000E22300004F079
:107D1000AAFA2B005E330021595EB9420BD08023B2
:107D2000627B5B0052011A40A37913435B10C91AAE
:107D30002B0055331970019BBB420BD00399727B0A
:107D40005B1A60219BB233721BB2DB100B408A437B
:107D5000134373738023717B5B00CA001A40337A2C
:107D60001343490602D52A4A9B181BB2009A2C00DD
:107D70009B1A029A4C34138020E0D30080225200D8
:107D80001340227A1A43490602D5214BD21812B267
:107D9000009B3280D21A2B005C331A808022637BD6
:107DA000A07952005B011340184305214000E8F719
:107DB00087FA0923E3565E351B182B80200005B097
:107DC000F0BDC0460080FFFF00800080ED0600008F
:107DD000D5060000560600004A06000019060000FD
:107DE000DBB19B07244E64002AF9FFFF3F5E66006B
:107DF00000209000DF000022B5F9FFFFDB03000048
:107E0000240C00001A060000A9F9FFFF1CF7FFFF71
:107E100000FEFFFFF7B5170002001E00C38E2232DE
:107E20005B009B5A04000093F4F70CF9051E01D186
:107E300030603CE03B680100DB6838009847009BFD
:107E4000020030601B48C0211B1820009BB261302B
:107E5000890001908B4205D239002000009BFFF77A
:107E600075FE14E0144BEB189BB27F2B04D839003D
:107E70002000FFF74FFD0AE0019B1B78002B07D085
:107E80000E4B9D4204D111002000FFF71FFD306012
:107E900031680B1E09D080234A7B5B0052001A40D8
:107EA0008B7A13435A425341DBB2019A1370280074
:107EB000FEBDC04600FAFFFF00F2FFFF020900000E
:107EC000F7B5009202001E00C38E22325B009B5A5F
:107ED00004000193F4F7B6F8051E01D130603EE0CE
:107EE000009B01001B68089A9B6800981F00099B73
:107EF000B847019B020030601A48C0211B182000BF
:107F00009BB26130070089008B4205D22000019BA3
:107F10000099FFF71BFE13E0134BEB189BB27F2B6E
:107F200004D820000099FFF7F5FC09E00378002B46
:107F300007D00E4B9D4204D111002000FFF7C6FC74
:107F4000306031680B1E09D080234A7B5B005200F1
:107F50001A408B7A13435A425341DBB23B702800DC
:107F6000FEBDC04600FAFFFF00F2FFFF020900005D
:107F7000F8B50100040005003A31223402E00A3B62
:107F80005B00E052CA88E38A002A25D00A2B23D05E
:107F90008F88013A7E1C7800B6B2405A92B2012E08
:107FA00001D9013FBEB2CA808E805A1CE282A28AE9
:107FB0009B189BB2092BE3D9E1E72800FFF72EFCC1
:107FC000731CE382A38AF3189BB21A000A3A092BA6
:107FD00000D81A005200A052E68A0A2EEDD1F8BD50
:107FE00070B50500E98E22304B00C28A1C5A4B1C2A
:107FF000013A9BB292B2092B01D909398BB2C282E4
:1080000083822800FFF7B4FF2A002B8C1A32012B41
:1080100001D80133D3809388002B01D102339380A0
:1080200093882000013B9BB293805B00D45270BDCB
:10803000F0B585B003938A420AD80300048F223337
:10804000641ADC829C8A091989B209292DD82EE08C
:1080500006000400531A9BB20193C38E00252236FA
:1080600002933A341CE0029F013B9BB2F382DB197E
:108070009BB2092B00D90A3B5B00F35A9C46E3886C
:108080000133E380A388002B01D10233A38067462C
:10809000A3880135013B9BB2A3805B00E752ADB2E0
:1080A000019FF38ABD42DED1C7E70A3989B20A24AB
:1080B000998211E0013A039D92B251004D5BD98A39
:1080C0000131D982998A002900D19C82998A01398B
:1080D00089B2998249005D52002AEBD1FFF748FF2F
:1080E00005B0F0BDF0B5070005AC002526881A37AD
:1080F00010E00C88A446BC88013C1419641BA4B28F
:10810000012C00D9023C64003C5B0231644519D16A
:108110000135ADB29542ECD100229E1922300CE01F
:10812000858A54005B199BB20C5B092B00D90A3B72
:108130005B00C35A0132A34204D193B2B342EFDBD6
:10814000012000E00020F0BDF0B587B0049005925A
:108150000B888F1C1C0B6200D25B05998A4221D1CF
:108160000F221D0A1E09154016401A4003922B00CB
:108170002200390004980096FFF7B4FF029000280F
:1081800009D063199B195B002900039A0498FB1816
:10819000FFF74EFF08E0039B191949198919490097
:1081A0007918D5E700230293029807B0F0BD70B5A7
:1081B000148800209C421AD8481E8000845A00204F
:1081C00005009C4210D212E0681840108400165B33
:1081D000B34202D9013085B206E0B34201D281B286
:1081E00002E01419608802E08D42EDD3002070BDDA
:1081F000F7B5466C040073880B255B08019314E007
:108200002300E28E22335200D75A20003B00320076
:108210000199FFF7CCFF00280AD0400031183A003E
:108220002000FFF791FF002802D0013D002DE7D18B
:10823000F7BD0000F0B50C008A6A49698FB08B1A4F
:1082400065680493E36A0700E81A0190881A91426E
:1082500009D00198011E06D00F2604984143C81783
:108260003040401800112168A6698D1AF31A029354
:1082700005952B00914208D0029B1A1E05D00F21B4
:108280006A43D3170B409B181B11C01AE9F72AFA4F
:10829000F6218905E8F772FE011CFE208005E8F74B
:1082A0009FFC80221206944626003D000390039B0B
:1082B00044346344079308360694FE2031688005F1
:1082C000E8F78EFC2860011C041C7068E8F756FE75
:1082D000211CE860B068E8F751FE069B1436A861DF
:1082E00004359E42E9D1BC687868211CE8F798FF04
:1082F000061C0198E9F7F6F9F6218905E8F73EFE34
:108300003B68211C0890181C0193E8F789FF041CA6
:108310000298E9F7E7F9F6218905E8F72FFE0899B1
:108320000990301CE8F72AFE0999051C201CE8F783
:1083300025FE011C281CE8F773FF0399E8F71EFED1
:10834000029078620598E9F7CDF9F6218905E8F7FA
:1083500015FE0A900498E9F7C5F9F6218905E8F7B2
:108360000DFE0A990B90301CE8F708FE0B99051CCE
:10837000201CE8F703FE011C281CE8F751FF0799B1
:10838000E8F7FCFD0490B8627C693869211CE8F7C5
:1083900047FFFB68051C211C181C0593E8F740FFEC
:1083A0000899041C281CE8F7E9FD0999061C201C03
:1083B000E8F7E4FD011C301CE8F732FF0399E8F709
:1083C000DDFD0A990C90F862281CE8F7D7FD0B999F
:1083D000051C201CE8F7D2FD011C281CE8F720FF33
:1083E0000799E8F7CBFD3C6A0D90211C3863F869CA
:1083F000E8F716FFBB69061C211C181C0693E8F75A
:108400000FFF0899041C301CE8F7B8FD0999051CFA
:10841000201CE8F7B3FD011C281CE8F701FF0399B5
:10842000E8F7ACFD0A99051C301CE8F7A7FD0B998D
:10843000061C201CE8F7A2FD011C301CE8F7F0FE2A
:108440000799E8F79BFD0C99041C0198E8F796FD45
:108450000599061C0298E8F791FD011C301CE8F70D
:10846000DFFE0021061CE8F73DF800281AD10021A4
:10847000301CE8F723F8002817D10D990198E8F788
:108480007DFD0599061C0498E8F778FD011C301C59
:10849000E8F7C6FE0021E8F72FF8431E9841204B6D
:1084A000C01803E08020000200E01D48291C7D6305
:1084B000F863BC630198E8F761FD0699051C029812
:1084C000E8F75CFD011C281CE8F7AAFE0021051C4A
:1084D000E8F708F800281AD10021281CE7F7EEFF7A
:1084E000002817D1211C0198E8F748FD0699041CC3
:1084F0000498E8F743FD011C201CE8F791FE0021D9
:10850000E7F7FAFF431E9841054BC01803E08020AF
:10851000000200E00248386438000FB0F0BDC046E9
:10852000FF7F0000F0B514265E4387B096190593CF
:1085300073680400009101930F3301D41B110CE008
:108540000F20D9170140C9180F23019D5B425B1B07
:108550000340581E83410911CB1A0293029B0C99C8
:10856000636114234B43D21851680B000F3301D4BD
:108570001B110BE00F25D8172840C3180F204042CD
:10858000401A2840451EA8411B111B1A02981B1AAD
:10859000A36100D1B3E00500019BC91A33680E0145
:1085A00003931368039A9B1A04935D43049A019BF7
:1085B0002D015343ED1A039B59436D18013DAD192D
:1085C00031002800E7F762FF07002060002D00DB84
:1085D00009E031006842E7F759FF2161002903D023
:1085E000013F2760711A2161049B31001D012800A1
:1085F000E7F74CFF07006060002D00DB09E0310069
:108600006842E7F743FFA160002903D0013F67609C
:10861000711AA160029BE6601801019BC01AE9F77C
:1086200061F8F6218905E8F7A9FC02902068039B10
:108630000001C01AE9F756F8F6218905E8F79EFC13
:10864000059B02999F00009B03909E6ADF19301CD6
:108650005D6AE8F793FC3968E8F7B4F8039901908C
:10866000281CE8F78BFC011C0198E8F7ABF8E061E7
:108670006068E9F737F8011C0190281CE8F77EFCD8
:10868000311CE8F79FF8009B02991E6B206265621F
:10869000301CDD6AE8F772FCF968E8F793F804909B
:1086A0000399281CE8F76AFC011C0498E8F78AF88B
:1086B000291CA0620198E8F761FC311CE8F782F8F8
:1086C000009B02999E6BE0622563301C5D6BE8F7AE
:1086D00055FCB969E8F776F80399071C281CE8F7F8
:1086E0004DFC011C381CE8F76DF8291C60630198EB
:1086F000E8F744FC311CE8F765F8E563A063200067
:1087000007B0F0BD031E08D00022023B100001326A
:108710005100595A0029F9D180B2704770B5040050
:10872000081E0BD0201E09D0002398B2904205D21B
:10873000CD5C5E00A5530133002DF6D170BDF0B5C0
:108740008DB000920022019302AB053306000F00AA
:108750001F25DA7703AC00E00D000199E7F796FEDC
:10876000CB17C9185940CAB213005733DBB20929D5
:1087700001DC3032D3B2691E63550028ECD1002EE3
:1087800002DA2D236354A91E01313800009A6118C2
:10879000FFF7C4FF0DB0F0BDF0B58DB0019200221F
:1087A0001F0002AB053304001F260091DA7703ADEA
:1087B00001E01E00040039002000E7F77DFDCAB289
:1087C00013005733DBB2092901D83032D3B27355C5
:1087D000731EA742EDD9019A0098A919FFF79EFFD1
:1087E0000DB0F0BDF0B587B01C000CAB1E780EAB21
:1087F0001B780190059310AB1B781700039312AB05
:108800001B88009104930368119D18000293FFF7E1
:1088100079FF009A0100531E9A41821892B2692F83
:1088200014D007D8632F35D0642F0FD00023582FD2
:108830003CD108E0732F25D0782F04D000236F2F70
:1088400034D1020001E002000023009300239C4287
:108850002CD00D9C1E009C420BD1012926D10299DF
:108860000988302922D1029901980231016018004B
:108870001CE00D998A4219DA89B28A1A93B200264D
:108880000A0013E0002C09D00D9B020098420ADD7B
:1088900098B208E001220023100005E00200260043
:1088A0002300009402E000231E0000930599002994
:1088B00000D122E00F998A421FDA8C1A039AA4B2DF
:1088C000002A1BD1002E5DD000285BD01B199BB263
:1088D00013E0049A2026571E2D4A013C9446A4B268
:1088E0002A68BA4209DA1399520056522A68013CA2
:1088F0000132A4B22A606445F2D10024049A2968A6
:10890000013A914209DA009E002E06D0139E009F84
:1089100049008F53296801312960302605E0139FF3
:108920004900CE53296801312960002B12D02968F3
:10893000013B9BB28A42F2DC0CE0019B019E1B686A
:10894000991C316019882B68139E5B0099532B6822
:1089500001332B60002801D1202105E02B6801386C
:1089600080B29A42E9DCF7E7002C0ED02B68013C7C
:10897000A4B29A4209DD13985B0019522B680133A7
:108980002B60F1E7002CA4D1B7E707B0F0BDC046DB
:10899000FFFF0000F0B517000022059E3A801A7014
:1089A0003270069E089D3270079E0A9C3270099EA6
:1089B00032700268002A00D019E00E68321E1BD007
:1089C00019E03A8005E001221A7002E00122059EBA
:1089D00032700268002A01D0023202600A68002A5E
:1089E00001D001320A6002680E68002A01D01288A4
:1089F00002E0002E0CD03278232AE7D004D8002AD7
:108A000006D0202ADDD003E02B2ADAD02D2ADAD0B6
:108A10001300303B092B05D92A2A56D10123079A86
:108A200013701BE00123079E3370302A2DD1069A64
:108A300013700368002B01D0023303600B68002B16
:108A400001D001330B6003680A68002B01D01A883B
:108A500002E0002A19D012782A2A16D101235B429B
:108A60002B600368002B01D0023303600B68002BDE
:108A700001D001330B6002680B68002A01D0128814
:108A800023E0002B6BD01A781FE000230A262B600E
:108A900016E02B687343DB192B600368002B01D0B1
:108AA000023303600B68002B01D001330B600268B6
:108AB0000B68002A01D0128802E01A1E00D01A7832
:108AC0001700303FBBB2092BE3D92E2A47D101232F
:108AD000099A13700368002B01D0023303600B68FE
:108AE000002B01D001330B6002680B68002A01D013
:108AF000138802E0002B0FD01B782A2B0CD12B3BC4
:108B000023600368002B01D0023303600B68002B45
:108B100025D001330B6022E000220A25226015E0F7
:108B20006A43D31823600368002B01D0023303602B
:108B30000B68002B01D001330B6003680A68002B1F
:108B400001D01B8802E0131E00D01378303B9EB288
:108B50002268092EE4D9062A00DD06222260F0BD33
:108B6000F0B5A7B00991002108900D9215A84222F6
:108B70000C932C9C119103F0D9FA089B002B00D187
:108B80007BE161E101213A880A91023702E0321E5D
:108B900000D0327808995D004A53002E01D00120A0
:108BA000013601220133002F10D03D88002D2BD13A
:108BB000002A00D01193002800D00C960A9B002BAD
:108BC00035D00D9733E0002F31D132E0002E0CD19B
:108BD000002A00D011930023984200D00C930A9AE7
:108BE000002A00D130E10D932EE13578002D0BD114
:108BF000002A00D01193002800D00C960A9B002B6D
:108C00001AD000230D9317E0252D00D101E09C45DB
:108C10000ADC002A00D01193002800D00C960A9B91
:108C2000002BD0D00D97CEE7002FABD1AFE73B881C
:108C300004E0002E00D107E100273378002B00D19B
:108C400002E1119DAC4500DCFEE00023129313937A
:108C50009F4201D0BB1C0D93002E01D0731C0C93BE
:108C600013AB0593312304AA9B18049312AB03930F
:108C700010AB02932F239B1801932E239B18009374
:108C80002D239B18322204A952180DA80CA9FFF716
:108C900081FE129B002B04DA08CCDA43D217134072
:108CA0001293139B002B04DA08CCDA43D21713403B
:108CB00013930D9B0B930C9B0A930B9B002B01D0E2
:108CC000188804E00A9B002B00D1A4E0187825281E
:108CD0000FD0242800D89EE058280ED00200633A16
:108CE00092B2152A00D996E0654BD340DB0704D435
:108CF00091E0089B6D00E8529CE00B9B15AE14962A
:108D0000002B02D10A9B002B57D06E2803D8632872
:108D100010D00AD83DE06F3809284ED8E7F728FA76
:108D20002B4D4D4D0F4D264D4D3064280AD06928EE
:108D300008D042E008CC3380002373803FE008CCA9
:108D400014933CE0099B31005A1B20680A2392B21D
:108D5000FFF7F5FC33882D2B06D1322204A95218D7
:108D6000138019335B181493043428E0099B5A1BB1
:108D700092B20A2308E0099B5A1B92B2082303E02F
:108D8000099B5A1B102392B2310001CCFFF704FD5E
:108D900015E0099B31005A1B01CC102392B2FFF75A
:108DA000FBFC06E01A00613A192A01D8203B338007
:108DB00002363388002BF5D101E0002333803223C3
:108DC00004AA9B1819880B9B002B01D01A8803E07A
:108DD0000A9A002A00D0127831232D2504A81B18E6
:108DE00008981B7807900998069011A8059004A888
:108DF0004019007804AD04901298039010A80078F0
:108E00000290139801902F2040190078009014A828
:108E1000FFF7E8FC0EE0089A6B000D970C96D3184C
:108E2000002F01D03A8802E0321E00D0327801359E
:108E30001A8011950D9B002B01D002330D930C9BD2
:108E4000002B01D001330C930D9F0C9E119B002F22
:108E500001D03A8802E0002E0BD03278002A08D0E8
:108E6000099A013A94469A4203DD002210000A92C0
:108E700099E6002208995B005A52089827B0F0BD85
:108E80004310250007B5009313000022FFF768FE8A
:108E90000EBD0CB407B504AB04CB0193FFF7F2FF92
:108EA00003B008BC02B01847014B18607047C046B9
:108EB00084530020074A030011880020994207D8F4
:108EC000054A128852180121934200DB011CC8B2E6
:108ED0007047C0468C5300208A53002010B5040010
:108EE000FFF7E8FF002803D0024BA4001B68E058FE
:108EF00010BDC046A0530020F7B5244C2368002BBA
:108F000042D0234823490288234D9446234A12889D
:108F10006244561C97000E407600D9192960BF198B
:108F20001F49DE190E6001910E2661464E43032152
:108F300003368E43F6191B4F9B193B6000231A49D9
:108F40001A4F09683B801A4F8E1B3E60194E3380C2
:108F500008E0002627689900CE512F685900013E8D
:108F6000CE5301339342F4D1019B0E251C68202679
:108F70000023008806E02A005A43A218117B01331F
:108F8000B14311739842F6D8F7BDC046A0530020F4
:108F90008A530020FEFF00009C5300208C530020C9
:108FA000A453002098530020905300208E5300209B
:108FB000945300208853002010B5074B1B68002BEA
:108FC00009D1002907D0054B1A80054B1960054BC4
:108FD0001860FFF791FF10BD985300208A530020BE
:108FE00090530020A053002070B50C001900064BD0
:108FF000050010001A68002A05D11D60034B049A71
:109000001C80FFF7D9FF70BDA85300208C530020AF
:10901000124A03881288934204D21421104A4B4307
:10902000126809E00F49098889188B4208DA0E2175
:109030009A1A4A430C4B1B689B180820185E0CE0D8
:109040000A4A0020934208D1094B1B78834201D180
:10905000084B00E0084B0020185E70478C5300203E
:10906000A85300208A530020A4530020FEFF0000D4
:10907000125300201853002016530020124A038870
:109080001288934204D21421104A4B43126809E01B
:109090000F49098889188B4208DA0E219A1A4A4327
:1090A0000C4B1B689B180A20185E0CE00A4A002033
:1090B000934208D1094B1B78834201D1084B00E051
:1090C000084B0020185E70478C530020A8530020E6
:1090D0008A530020A4530020FEFF000012530020FA
:1090E000165300201853002030B5214A0B881288EF
:1090F000934212D214221F495A430B689B180C2228
:109100009C5E0E22995E1A8A5B8AD204D20CDB0422
:10911000DB0C04804180828028E017490988891887
:109120008B4210DA9A1A0E23144953430968CA185D
:10913000CD5E0223D45E0423D15E0623D35E058078
:109140004480818012E00E4A93420BD10D4B0021E6
:10915000595E0D4B818000229A5E0023C2800380FD
:10916000438004E00023038043808380C38030BDBC
:109170008C530020A85300208A530020A4530020C1
:10918000FEFF00001C5300201A530020174A0388DA
:10919000128893420FD2142215495A430B680120BA
:1091A0009B181A8A1989D204D20C8A421CDB5A8A6B
:1091B000D204D20C13E00F490020098889188B4291
:1091C00012DA9B1A0E220C495A430B6801309B1885
:1091D0000422995E1A89914206DB06215A5E5B8958
:1091E0009A4200DB0020C0B27047C0468C5300207A
:1091F000A85300208A530020A4530020124A038859
:1092000011888B420DD2114A1268002A03D09900AE
:109210008858002816D10E4A116814225343585812
:1092200010E00C4A12885218934204DA074A9B0055
:109230001268985806E0084A0020934202D1074B72
:109240001B68986C7047C0468C530020A0530020C8
:10925000A85300208A530020FEFF00002053002066
:1092600010B5254A03881288934221D2142223493B
:109270005A430C68A418606800283BD0204A126842
:10928000002A37D09B009A58002A33D0238961895D
:10929000E07C5943637C40095B09DB0003435BB21C
:1092A00048000B2B00D108000323033098431AE039
:1092B00014490020098889188B421BDA0E211248B4
:1092C0009A1A514302681F205218117B01400B2942
:1092D0000BD1118952891C384A4309490332096864
:1092E0009B0082435858801804E000200D2901D1CA
:1092F0000D32100010BDC0468C530020A853002032
:10930000A05300208A530020A453002010B51E4B08
:1093100002881B889A421ED214231C4953430968B1
:10932000C9184B7CC97C5B094909DB000B43184910
:109330005BB2096800290CD092005258002A08D06C
:1093400000200E2B1FD001300F2B1CD00130102B12
:1093500019D0D8B217E00F490988C9188A4209DA2A
:109360000E21D31A4B430C4A1268D318187BC0063F
:10937000C00E08E0094B00209A4204D1F7F7A8FD7F
:1093800003681B6B984710BD8C530020A853002026
:10939000A05300208A530020A4530020FEFF0000A9
:1093A0001020704700207047024B1888400080B2A0
:1093B0007047C046185300207FB500230293134B1B
:1093C00004001B780D00124A002B00D0114A002126
:1093D000525E69468A81002B01D10E4B00E00C4B96
:1093E00000229B5E6A46D3810B4B186803685B6B57
:1093F0009847002223680192FF3200921E69010003
:109400002B00200002AAB0477FBDC04612530020A7
:109410001853002016530020205300207047F8B541
:109420000E000968040015001F00002903D17168AF
:1094300000290DD112E0C06803689B689847002896
:10944000F5D13B002A0031002000FAF790FCCAE079
:10945000E06803689B6898470028F2D0FF2F61D02E
:109460000B2D13D809E028002D38062826D8E6F75A
:109470007FFE13403757555755002800E6F778FE12
:1094800048444642B2B2B2B24A4C4A4C2B002C3B42
:109490000020072BE7D9A6E00020726813785278E5
:1094A000824200D09FE0012B04D0022B04D08342E3
:1094B0001DD097E0A06A96E0A06994E00020726851
:1094C00013785278824200D08DE0012B04D0022B19
:1094D00004D0834214D085E0206A84E0206982E0D1
:1094E0000020726813785278134383427BD1A06BBB
:1094F00079E000207268137852781343834272D166
:10950000206B70E0206D6EE0A06D6CE0206C6AE076
:10951000A06C68E0206E66E0A06E64E0A06F62E080
:10952000206F60E00B2D13D809E028002D380628A5
:1095300025D8E6F71DFE133E355553555300280038
:10954000E6F716FE4642444050505050484A484ABA
:109550002B002C3B0020072BE7D944E00020726849
:109560001378527882423ED1012B04D0022B04D0D2
:1095700083421CD036E0E06A35E0E06933E0002049
:1095800072681378527882422DD1012B04D0022BBD
:1095900004D0834214D025E0606A24E0606922E0B0
:1095A0000020726813785278134383421BD1E06B1A
:1095B00019E000207268137852781343834212D165
:1095C000606B10E0606D0EE0E06D0CE0606C0AE036
:1095D000E06C08E0606E06E0E06E04E0E06F02E040
:1095E000606F00E00020F8BDF0B58DB00BAE050057
:1095F0003000059106923380FFF700FE2B680400CF
:109600003000DF69FFF704FD07903000FFF736FDFB
:10961000079B0290019308A82900069B059A0094D5
:10962000B84720000DB0F0BD10B50400902102F045
:109630003FFB200010BD0000F0B58DB0019312ABD0
:109640001B7807000E0015000093002B00D14DE1A0
:109650000AAC2900082208A802F005FE0822200012
:10966000019902F000FE08A8FCF762F8290020002A
:10967000FCF7A0F80023E25E0221635E08A904253E
:109680004D5F08A95D430988AD188A18228008AA91
:1096900052886D00D31863800422A35E751903936A
:1096A0000623E65E924B18680368DB6A9847914B85
:1096B0001A880221635E0021615E534372435B1886
:1096C0005B00C4185200F868A318029303682900CD
:1096D0009B689847039B5B000193009B002877D011
:1096E000FF2B6ED0FF23009A9B1A049303239C4602
:1096F00050E0019BE31805936B461F8A3AE007266A
:109700002B88208800991A0AB2434A43010AB143C0
:10971000664679435218D908B143009EC9B27143D5
:1097200006916146C6088E43F6B27E430699DB0079
:109730008919C000009EDBB2C0B27843734392B275
:109740001B18501C120A8218F82089B2000202402D
:10975000481C090A4018FC214009C9009BB2084076
:1097600010435A1C1B0AD2181204D20E0243228044
:1097700002350234059BA342C1D85E4B039A1B8875
:109780009B1A5B00E41808AB04229B5E039A9B1AA9
:109790005B00ED18029BA342ABD8554B18680368D9
:1097A0001B6B9847A2E02A0021009E6B019BB047EB
:1097B000504B1B885B00E41808AB04229B5E5B00E7
:1097C000ED184B4B029A18680368A242EBD8E4E705
:1097D000FF2B00D186E0FF23009AF8689B1A0693BE
:1097E000036829001B69019A984767E0F8680368D5
:1097F0005B6998473F4B029A1B8804905B00E31813
:109800009A420AD908AB04229B5EF8685B00ED1807
:10981000036829001B69019A9847019BE318079385
:109820006B461B8B9C4640E00726049B20881B88C8
:1098300000991A12B2434A430112B143664671437A
:109840000326521892B2D9100592B143009AC9B2B8
:1098500051430322C61096436246F6B25643DB00DC
:10986000009ADBB253436246C000C0B25043059A2F
:109870001B18501C120A8218F820891989B200029C
:109880000240481C090A4018FC214009C9009BB24B
:10989000084010435A1C1B0AD2181204049BD20E13
:1098A00002430233228004930234079BA342BBD8B5
:1098B000104B039A1B889B1A5B00E418029BA3427F
:1098C00094D86AE7F868220003682900DE68019BE3
:1098D000B047084B1B885B00E41808AB04229B5E72
:1098E0005B00ED18029BA342ECD856E70DB0F0BD2B
:1098F0002053002018530020F0B5040016001D006E
:1099000085B0002B21D004228B5E002B1DDD0622AA
:109910008B5E002B19DD082202A802F0A4FC02A82D
:10992000FBF706FF0A4F38680368DB6A9847094B64
:1099300001001A8823680195009620009D6A02ABF9
:10994000A847386803681B6B984705B0F0BDC04650
:109950002053002018530020F0B587B01E000CAB38
:1099600001CB00911D78002D00D1B4E00423F75EF7
:10997000002F00DCAFE00623F45E002C00DCAAE040
:109980000221735E544353430021765E00999B1974
:109990005B00C9186400BC46D61B0C19030AFF2DD6
:1099A00050D0FF22521B049272000392020CD2B2DA
:1099B000DBB2C0B26A436B4368437F0000920193FD
:1099C00002903CE0CB1905936B461D8A32E00326DA
:1099D00007230A88100A9843D308B240B3434609C4
:1099E00030436843009EDBB230189E0933436B431B
:1099F000019ED2B2F318560932436A43029E80B2E6
:109A0000B218461CB446F826000A9BB260443602DF
:109A10000640581C1B0AC018FC2392B2DB00400908
:109A20001840531C120A9B181B043043DB0E0343DF
:109A30000B800231059B9942C9D3039BC918A142EF
:109A4000C0D348E0FC254309ED002B40C50CED02D6
:109A500000062B43C00E03439BB2D0070CD57F00FA
:109A6000760006E0CA1901E00B8002319142FBD377
:109A70008919A142F6D32EE0880709D008005500C5
:109A800001E003804019A042FBD3781E84460231D6
:109A90006046C0070CD511485500604440000818C6
:109AA00001E003804019A042FBD3012040428444DE
:109AB000604600280FD01804C01863465B109B0056
:109AC000520006E00D005E1800E001C5B542FCD36F
:109AD0008918A142F6D307B0F0BDC046FFFFFF7F53
:109AE000F0B50C001900160091B016AB04CB009035
:109AF000099200229B5E049318AB00229B5E0893A0
:109B00000023CD5E02228B5E0193019A0AAB5A803C
:109B1000049A18009A80089A1D80DA80F6F704FFEC
:109B200031000AA8F6F700FF6E4B1E8800229B5EEC
:109B30006D4A10880021515E0AAA0027D75F8C4623
:109B4000002F06DA0AAA9288D2190AAFBA80002238
:109B50003A800AAA0027D25F0AAF04217F5E9B1ACF
:109B60009F4202DDB31A0AAFBB800AAB0227DF5F58
:109B7000002F06DA0AABDB88DB190AAFFB80002373
:109B80007B800AAB0AAF02215B5E06217F5E6146E5
:109B9000C91A8F4202DDC11A0AAFF9805349097808
:109BA000002904D10AA90420095E891B03E00AA93F
:109BB0000626895F091A48424141C9B207910AA99C
:109BC0000420095E02910AA90620095E0391029908
:109BD00000294ADD0399002947DD521B12B2059284
:109BE000019A0CAD9B1A1BB20693059B0EAE2B80FF
:109BF000069B28006B80029BE980AB8000230E93BC
:109C0000049B3100B380089BF380FBF7D3FD0AA8C7
:109C1000FBF78EFD3000FBF78BFD0423F65E344B23
:109C200020001B88089323685B6B984704900223ED
:109C3000EC5E304F74430022AB5E3868E418099B39
:109C400064001C1903685B6B98470AAB00229B5E9B
:109C50000AAA0221525E04995B004A439B18C3186A
:109C60000193079B002B07D115E00023009A138076
:109C700053809380D38031E0089B9E420BD1062213
:109C8000AB5E049A38685A43130002682100956B52
:109C9000019AA84719E00622AB5E73435B00E71800
:109CA000760010E0134B210018680CAB04229B5E79
:109CB00002685B00956B019AA847049A019B944641
:109CC00063440193A419BC42ECD3009B059A1A800B
:109CD000069A5A80029A9A80039ADA80009811B004
:109CE000F0BDC0461C5300201A5300201253002020
:109CF00018530020205300200023144A43600260C0
:109D0000021D8360C160036143618361C3610362BB
:109D100043628362C362036343638363C363036415
:109D200043648364C364036543658365C3650366F5
:109D300043668366C3660367436783670432C3670A
:109D40009367D367803213605360704724F901082A
:109D5000F0B515001F000E008FB014AB1B780CACD3
:109D60002900082203900AA8049302F07CFA082232
:109D70003900200002F077FA0AA8FBF7D9FC20008E
:109D80002900FBF717FD0223E25E0023E15E0AAB28
:109D900004201B5E53435B189B00F31801930AAB2E
:109DA0001B885B1823800AAB5B889B1863800422A6
:109DB000A35E02930623E55E994B18680368DB6A8D
:109DC0009847984B1A880221635E554353430021FC
:109DD000615E6D005B185B00C41863190693039BFA
:109DE0000199D86803689B689847002800D180E0F3
:109DF000029B5B00039372E0039BE31805935CE016
:109E0000019B1D68280E54D02B0A0793FF280ED102
:109E1000049BFF2B0BD1FC236A09DB001A40EB0CDF
:109E2000DB022D061343ED0E2B43238041E0072177
:109E30000327049B22885843431C000A9BB280B22C
:109E40001818130A8B43D108B943BA405F093B4342
:109E50002F0C0612FFB2000A4743C9B2BC468F0955
:109E600039436F46F6433F7FF6B247437143C91902
:109E700089B2EDB24543481C090A4118FC207343DE
:109E800063449BB2C00049090140581C1B0AC31817
:109E9000F820D2B257093A4372430002521992B2E3
:109EA00003400B43511C120A89180904C90E1943B7
:109EB0002180019B023404330193059B9C429FD374
:109EC000584B029A1B889B1A5B00E4180AAB0422C9
:109ED0009B5E029A9B1A019A9B00D3180193069BE2
:109EE0009C4289D34E4B186803681B6B98470FB090
:109EF000F0BD039B0199D868029B9B000793036800
:109F0000079A1B699847029B5B00089383E0039BB9
:109F1000D86803685B699847424B069A1B8805908E
:109F20005B00E3189A420DD90AAB04229B5E019AAA
:109F30009B00D3180193039B079AD8680199036883
:109F40001B699847089BE31809935BE0059B1D6814
:109F5000280E53D02B0A9C46FF280ED1049BFF2BC2
:109F60000BD1FC226B09D2001340EA0CD2022D0661
:109F70001343ED0E1D43258040E0049B0721584309
:109F8000431C000A9BB280B2032718180612F6433E
:109F90002388000A1A0A8A43D908B943BB405709E3
:109FA0003A432F0CF6B2FFB247437243C9B2D219FB
:109FB0008F093943674692B2FFB2EDB2474345433A
:109FC000501C120A8218F8207143C91989B2000284
:109FD0000240481C090A4018FC21DBB25F093B43E0
:109FE000734340095B19C9009BB208400243581CE7
:109FF0001B0AC0180004C00E10432080059B0234C9
:10A0000004330593099B9C42A0D3064B029A1B88FC
:10A010009B1A5B00E418069B9C4200D277E761E73D
:10A020002053002018530020F0B515000E0089B011
:10A0300006AC29000700082204A8009302F013F9D7
:10A0400008222000009902F00EF904A8FBF770FB2B
:10A0500029002000FBF7AEFB0023E25E0221635ED5
:10A0600004A904254D5F04A95D430988AD188A1829
:10A07000228004AA5288AD00D31863800422A35E14
:10A08000751900930623E65E454B18680368DB6A82
:10A090009847444B1A880221635E5643534300217C
:10A0A000615E76005B185B00C418F868A319019321
:10A0B000036829009B68984700282DD0009B1F2625
:10A0C00059001FE067180EE004CDFC20D30CDB0222
:10A0D0009C46C000530903406046D2080343324007
:10A0E000134323800234BC42EED32E4B009A1B88CC
:10A0F0009B1A5B00E41804AB04229B5E009A9B1A37
:10A100009B00ED18019B9C42DCD3254B186803682B
:10A110001B6B984709B0F0BD009BF8689B00029349
:10A12000036829001B69029A9847009B5B00039310
:10A1300031E0F86803685B6998471A4B019A1B88FD
:10A1400006005B00E3189A420AD904AB04229B5E26
:10A15000F8689B00ED18036829001B69029A98476C
:10A16000039BE0180FE004CED10CCB02FC219C46EF
:10A17000C90053090B4061460B431F21D2080A4016
:10A180001343238002348442EDD3064B009A1B888C
:10A190009B1A5B00E418019B9C42CAD3B5E7C046FA
:10A1A0002053002018530020F0B515001F008DB07B
:10A1B00012AB1B780AAC0E0008222900039008A8F5
:10A1C000019302F050F808223900200002F04BF809
:10A1D00008A8FBF7ADFA20002900FBF7EBFA0223F1
:10A1E000E25E0023E15E08AB04201B5E03205343C4
:10A1F0005B184343F71808AB1B885B18238008AB38
:10A200005B889B1863800423E55E0622A35E0293AD
:10A21000A14B18680368DB6A9847A04B1E8802228E
:10A22000A35E0021625E73439B185B00C418029B0F
:10A23000390073435B00E318029308AB04229B5E72
:10A24000761B0593039BD86803689B689847730047
:10A250000493002800D173E00322059B5B1B5A4343
:10A260006B000393019B9446FF2B02D1FC22D2008A
:10A2700018E0019BD843C0B25EE0039BE1180CE0FC
:10A280007B78B878DB00C008C002134003433878FD
:10A290000337C0081843208002348C42F0D3049B5B
:10A2A0006744E418029B9C42E7D37B4B1868036821
:10A2B0001B6B98470DB0F0BD039BE318059335E089
:10A2C0000721FC262388019D1A0A8A43D9083140B8
:10A2D00056093243BE7842436E4392198E09314388
:10A2E0007E7841436E43DB00DBB289195E0933435C
:10A2F0003E7843436E4392B29B19561C120AB21821
:10A30000F82689B2360232404E1C090A7118FC2622
:10A310004909F6009BB2314011435A1C1B0AD2185E
:10A320001204D20E0A43228003370234059B9C425A
:10A33000C6D3049B6744E418029B9C42BCD3B4E799
:10A34000039B3900D86803236B4305930368059A80
:10A350001B6998476B000793019BFF2B00D096E089
:10A36000FC26F6002DE0039BD86803685B699847DC
:10A370004A4B029A1B8805005B00E3189A420CD9ED
:10A3800008AB04229B5E03225343FF18039B390052
:10A39000D868059A03681B699847079BE1180CE089
:10A3A000AB786A78DB08D2003240DB0213432A78AC
:10A3B0000335D2081343238002348C42F0D3049B2C
:10A3C000E418029B9C42CED36FE7039BD8680368D6
:10A3D0005B699847314B029A1B8805005B00E318C4
:10A3E0009A420CD908AB04229B5E03225343FF1808
:10A3F000039B3900D868059A03681B699847079B37
:10A400009C46019BA444D843C3B206933BE0032679
:10A410000721238806981A0A8A43D908B340B14312
:10A42000560932434243AE780198C9B24643069872
:10A4300092198E09314341436E780198DBB246434D
:10A44000069889195E09334343432E78019892B2E6
:10A4500046439B19561C120AB218F82689B23602D6
:10A4600032404E1C090A7118FC264909F6009BB2BD
:10A47000314011435A1C1B0AD2181204D20E0A434F
:10A480002280033502346445C1D3049BE418029B47
:10A490009C429AD309E7C04620530020185300205D
:10A4A00073B506AD14001A0008CD08AE2D783678C5
:10A4B000012C0DD0022C07D0002C0CD10468019681
:10A4C00000952469A04706E00095FFF741FC02E0F3
:10A4D0000095FFF769FE73BDF0B51D000E008FB04B
:10A4E00014AB170004CB0CAC1B782900039001922D
:10A4F0000AA80822049301F0B6FE08222000019960
:10A5000001F0B1FE0AA8FBF713F920002900FBF7C0
:10A5100051F90223E25E0023E15E0AAB04201B5ED8
:10A5200053435B18F31801930AAB1B885B18238015
:10A530000AAB5B889B1863800422A35E0293062308
:10A54000E55E9F4B18680368DB6A98479D4B1A8845
:10A550000221635E554353430021615E6D005B1829
:10A560005B00C418631906933B1D0793039B019975
:10A57000D86803689B68984700280AD1039B029A11
:10A58000D868019903681B699847029B5B00089390
:10A5900010E1039B0799D86803689B6898470028D7
:10A5A000ECD0029B5B00089374E0089BE3180393D4
:10A5B0005FE0019B079A1B789B009D58280E54D0A2
:10A5C0002B0A0593FF280ED1049BFF2B0BD1FC23F4
:10A5D0006A09DB001A40EB0CDB022D061343ED0E7B
:10A5E0002B43238041E0072103262288130A8B4353
:10A5F000D108B143B240049E5F097043461C000A73
:10A60000B6B280B230183B432F0C0612FFB2000ADC
:10A610004743C9B2BC468F0939436F46F6433F7D75
:10A62000F6B247437143C91989B2EDB24543481C9C
:10A63000090A4118FC20734363449BB2C0004909D6
:10A640000140581C1B0AC318F820D2B257093A43DC
:10A6500072430002521992B203400B43511C120A7A
:10A6600089180904C90E19432180019B0234013362
:10A670000193039B9C429CD3524B029A1B889B1ACA
:10A680005B00E4180AAB04229B5E029A9B1A019AB3
:10A69000D3180193069B9C4287D3494B18680368E3
:10A6A0001B6B98470FB0F0BD039BD86803685B69CC
:10A6B0009847444B069A1B8805905B00E3189A4222
:10A6C0000CD90AAB04229B5E019AD3180193039B19
:10A6D000029AD868019903681B699847089BE31898
:10A6E00009935EE0059B079A1B789B009D58280EF6
:10A6F00053D02B0A9C46FF280ED1049BFF2B0BD175
:10A70000FC226B09D2001340EA0CD2022D0613433F
:10A71000ED0E1D43258040E00721032623881A0AF9
:10A720008A43D908B143B340049E57097043461C7D
:10A73000000AB6B280B230180612F6433A432F0C24
:10A74000000AF6B2FFB247437243C9B2D2198F0969
:10A750003943674692B2FFB2EDB247434543501CBE
:10A76000120A8218F8207143C91989B20002024006
:10A77000481C090A4018FC21DBB25F093B437343C4
:10A7800040095B19C9009BB208400243581C1B0AD0
:10A79000C0180004C00E10432080059B0234013312
:10A7A0000593099B9C429DD3064B029A1B889B1ADA
:10A7B0005B00E418069B9C4200D275E76DE7C0463B
:10A7C0002053002018530020F0B58FB01D0014ABAB
:10A7D000049204CB06001B780F0001920293002B19
:10A7E00000D17EE10CAC290008220AA801F03BFD53
:10A7F00008222000019901F036FD0AA8FAF798FF17
:10A8000020002900FAF7D6FF0223E25E0023E15E72
:10A810000AAB04201B5E53435B18FF180AAB1B886E
:10A820005B1823800AAB5B889B1863800422A35EBD
:10A8300001930622A35E0393AB4B18680368DB6A9F
:10A840009847AA4D0221635E2A880021615E534326
:10A850005B185B00C418039BF0685A435200A318AE
:10A860000393049B39000433049303689B6898475F
:10A87000002812D0F068049903689B689847002864
:10A880000BD0019B5B000593029BDE43F6B2FF2BCE
:10A8900000D17DE003239C465AE0019AF068520003
:10A8A00003680892029A1B69FF2A75D1E9E0059BAB
:10A8B000E31806933DE007253B78049A5B009B5A1A
:10A8C000208802991A0AAA434A43010AA943654605
:10A8D00071435218D908A943029DC9B2694307912F
:10A8E0006146C5088D43EDB275430799DB004919F0
:10A8F000C000029DDBB2C0B270436B4392B21B1822
:10A90000501C120A8218F82089B200020240481C2A
:10A91000090A4018FC214009C9009BB208401043B5
:10A920005A1C1B0AD2181204D20E0243228001378D
:10A930000234069BA342BED86C4B019A1B889B1A1B
:10A940005B00E4180AAB04229B5E019A9B1AFF1875
:10A95000039BA342ABD8644B186803681B6B9847F2
:10A96000BFE0059BE11806E03B78049A5B009B5A28
:10A97000013723800234A142F6D8019A2B889B1A12
:10A980005B00E4180AAB04229B5E019A9B1AFF1835
:10A99000039BA342E5D8DEE73900019A9847029B62
:10A9A000DB43DBB2059368E0F06803685B699847B6
:10A9B0004E4B039A1B8806905B00E3189A4209D914
:10A9C0000AAB04229B5EF068FF18036839001B691C
:10A9D000019A9847089BE3180993FC23DB009C46E7
:10A9E00042E00725069B049A1B7820885B009B5A4F
:10A9F00002991A0AAA434A43010AA943059D6943D9
:10AA00000325521892B2D9080792A943029AC9B2F3
:10AA100051430322C5089543059AEDB25543DB0027
:10AA2000029ADBB25343C000059AC0B25043079A62
:10AA30001B18501C120A8218F820491989B200020A
:10AA40000240481C090A4018614640099BB2084070
:10AA500010435A1C1B0AD2181204069BD20E024342
:10AA60000133228006930234099BA342B9D81F4BBD
:10AA7000019A1B889B1A5B00E418039BA34293D89E
:10AA800069E73900019A984727E0F06803685B6935
:10AA90009847164B039A1B8805005B00E3189A42FF
:10AAA00009D90AAB04229B5EF068FF1803683900DD
:10AAB0001B69019A9847089BE21806E02B780499D5
:10AAC0005B005B5A013523800234A242F6D8074B63
:10AAD000019A1B889B1A5B00E418039BA342D4D8FD
:10AAE00039E70FB0F0BDC0462053002018530020B6
:10AAF000F7B5040008A820C8177806785078002F0A
:10AB00001BD0022F33D1032831D8E5F731FB0208DF
:10AB10000A0D200001960095FFF756FE27E0043449
:10AB200000E00834E06F01E08834206800281ED07F
:10AB3000046801960095A46818E0032817D8E5F783
:10AB400017FB02080A0D200001960095FFF7C4FCD0
:10AB50000DE0043400E00834E06F01E08834206840
:10AB6000002804D0046801960095E468A047F7BD6A
:10AB7000F0B58FB0059314AB80CB06001B780C00AA
:10AB800004920393002B00D1FFE00800FEF740FA87
:10AB900005002000FEF772FA049A06AB1A81059AA6
:10ABA000D88120009D815A81FEF728FB05002000F6
:10ABB000FEF7ACFB102800D9E7E0E5F7D9FAB7AE0D
:10ABC00009E6E6E6E6E6E6E6E6C3E6E6D9E6D0002E
:10ABD000039BFF2B00D032E02000FEF7D7FA0028BD
:10ABE00006D13B002900300008AAFFF71DFACCE08F
:10ABF00021000CA80AACFEF777FA08220CA9200065
:10AC000001F031FB39002000F5F78EFE0422A35E2F
:10AC100006930622A35E0593069B002B0EDD059B83
:10AC2000002B0BDD0222A35E04930222BB5E6A4668
:10AC3000128A0792049A9A421CDD08E0FF230093CF
:10AC40003B002900300008AAFFF782F89DE00022AF
:10AC5000B95E04203A5E06A88283079A4383D31A1A
:10AC6000C383039B018308AA0093290030000CAB27
:10AC7000FFF76EF80AAB00229B5E00217A5E9CB261
:10AC800093420EDD0CAB1A80A21A9A80059A0499A1
:10AC9000DA80FF22598030000092290008AAFFF7CD
:10ACA00057F829000AAB08AA3000FFF7BDF9BA88A7
:10ACB00006993B8864189B189AB2A1B21BB224B2C1
:10ACC000A3420EDD0CAB521A9A80059A0498DA80E2
:10ACD000FF2258801C8029000092300008AAFFF74C
:10ACE00037F80598FA8884467B889B18079A99B2AA
:10ACF000624490B21BB212B2934246DD00243B5F25
:10AD0000091A9C460423FC5E0CAB5A806746FF225E
:10AD10001F809C80D980009293E7039B29000093B9
:10AD200030003B0008AAFFF73FFA2EE0002233680C
:10AD30000192039A290000921C6930003B0008AA86
:10AD4000A04722E02000FEF78BFA039B020001934C
:10AD500029003000009708ABFFF7CAFE15E08C36DB
:10AD60003068002811D0039A03680092DC6808E07C
:10AD700033008C331868002807D0039A03680092C8
:10AD80009C683B00290008AAA0470FB0F0BD000056
:10AD9000030000B50800002B11D00023032917D8A9
:10ADA000E5F7E6F9021508130A4B1B885B045B0CF8
:10ADB0005B420DE0074B1B885B045B0C08E003293A
:10ADC00006D8E5F7CBF904F702F10123F0E70123F8
:10ADD000180000BD18530020030000B50800002B28
:10ADE00010D00023032917D8E5F7C2F9120214077F
:10ADF0000A4B1B885B045B0C0EE0084B1B885B0452
:10AE00005B0C08E0032907D8E5F7A8F9F204F7027C
:10AE1000012301E001235B42180000BD185300200C
:10AE2000F0B59BB0179320AB00269E5F21AB169226
:10AE300000229B5E0B91019322AB198823AB1B88E8
:10AE40008025089327AB1B7816AC0E932D231B1976
:10AE5000DB7F249A03932AAB1B7809900A932BABD0
:10AE60001B78259805930023D75E6D00BBB2049331
:10AE70000423D45E0294D4885288A41822B2069285
:10AE8000447B82790C9222011540C279407A2A4390
:10AE9000089D40B2521B92B280B200290AD00D1A0E
:10AEA000AC466346ADB21B0407D5711A41180025A4
:10AEB0000EB202E00D00861936B2BE4204DABBB211
:10AEC000ED18AD1B3E00ADB2069B01995B1A0793CE
:10AED000934200DD0792079B002B00DCF2E1802209
:10AEE0000C9B5200640114401C43049A029BD3182B
:10AEF0001BB2721B9B1AA34200DD23005B1B049351
:10AF0000002B00DCDEE1964B31001B7816A8013BDC
:10AF10005A425341DBB2019A0D93059BFAF766FA48
:10AF200019AF019A3100059B388016A8FAF77EFA0E
:10AF30000E2116ABC91808803800FAF7B7FB0123B9
:10AF4000039AFF209340013BDBB219000693E5F71B
:10AF5000B7F90E9B0C90002B01D1A4B20BE0039922
:10AF60000820E5F7ADF90600013800193100E5F7D2
:10AF7000A7F9704384B2089E269B2E430196029344
:10AF80000BD00726089B039A63435B195343269A09
:10AF90001E40DB08D3180196029305990D98FFF720
:10AFA000F7FE059906000D98FFF716FF049B039A1C
:10AFB000E31A5A4307000B980892002804D1694B02
:10AFC00018680368DB6A98470E23350016AA9B1899
:10AFD00000229A5E644B1B88534319AA0021525EDB
:10AFE00026999B18FC225B00C3180593049BD20092
:10AFF0005D43289B7F1B1B0CDBB21293289BED1932
:10B000001B0ADBB21193289BDBB21093289B5B09D0
:10B010001340289AD20CD2021A43289B1B06DB0E3F
:10B0200013439BB20F93099BD86803689B689847AA
:10B0300073001393079B013B0793002800D195E011
:10B04000029B1878019B18416B00C0B20D9382E0FF
:10B05000069B069A0340104247D00C9A5343FE2B9E
:10B0600003DD0A990F9AFF293ED0072103250A9A8A
:10B0700053439BB25C1C1B0AE4183B8824121A0A37
:10B080008A435609E4B2D9083243129EAB40A94321
:10B09000E5436643B446C9B28E093143119EEDB211
:10B0A00066436A436244B446DBB25E093343694394
:10B0B0006B43109D61446C4392B289B21B194D1CC5
:10B0C000541C090A120AA2186D18F824FC21240243
:10B0D0006D09C9009BB222400D4015435A1C1B0A42
:10B0E000D2181204D20E2A433A80039B019A9E186A
:10B0F000B3B20193072B03D8039B1841C0B205E0FC
:10B10000029B58780133029300230193139BFF188D
:10B11000099B5A1E09929BD2089B002B0DD0019AC5
:10B12000D618B6B2029AF308D318029307231E402A
:10B13000029B019618783041C0B20D9A059B944647
:10B1400063440593079B5A1E079204D20B9B002B66
:10B1500000D0B7E0B1E0049B059F013B099377E77E
:10B16000125300202053002018530020039A049B00
:10B17000029953430D93099B019AD8680D9B9A1825
:10B18000036807321B69D2109847039B63431493EB
:10B190006B001593099BD86803685B699847079B08
:10B1A0000400002B12D0149B019A0299D218D310DC
:10B1B000CB180293099B0299D86807231A400D9B6C
:10B1C000D218036807321B69D2109847049B059F69
:10B1D000013B0E93019B227806991A41069B13406E
:10B1E0000A4247D00C9A5343FE2B03DD0A990F9A6B
:10B1F000FF293ED0072103250A9A53439BB2581CCE
:10B200001B0AC0183B8800121A0A8A435609C0B2AA
:10B21000D9083243129EAB40A943C5434643B446C6
:10B22000C9B28E093143119EEDB246436A4362446E
:10B23000B446DBB25E09334369436B43109D6144FE
:10B24000684392B289B21B184D1C501C090A120A9D
:10B2500082186D18F820FC2100026D09C9009BB20C
:10B2600002400D4015435A1C1B0AD2181204D20E7C
:10B270002A433A80039B019A9E18B3B20193072B8D
:10B2800002D9002301340193139BFF180E9B5A1E11
:10B290000E929FD2089B002B04D0019AD618072348
:10B2A0001E400196159A059B944663440593079B9F
:10B2B0005A1E079200D36DE748E7034B18680368EE
:10B2C0001B6B98471BB0F0BD2053002030B5012404
:10B2D000304A314D1368A3431360304A304B146831
:10B2E0001C40AC4204D014682E4D1C40AC4218D116
:10B2F0002D4B1B68002B3FD18A242C4AE400136895
:10B300001B051B0DA34227D01368294C1B051B0DE1
:10B31000A34221D01368274A1B051B0D93422BD152
:10B320001AE01468244D1C40AC4208D1234B244A37
:10B330001B681B051B0D934216D0002028E01268E5
:10B340001340204A934217D11F4B204A1B681B050C
:10B350001B0D934208D00FE001221D4B1A601A68A2
:10B36000002AFCD11B4B0EE001221B4B1A601A680D
:10B37000002AFCD1194B06E00122194B1A601A6809
:10B38000002AFCD1174B18601868401A43425841F4
:10B3900030BDC046002000E040C2000000ED00E0EB
:10B3A000F0FF000070C20000002004E00010005C0C
:10B3B000830400008504000020D20000F08F0046C6
:10B3C0008604000030D200000040004E99040000C6
:10B3D000084C0258004C0258084C0246004C0246E9
:10B3E000083002400030024001617047837B002B2F
:10B3F00009D0038901339BB20381072B03D90023B2
:10B400004381838183737047F0B587B001921B4AF3
:10B410001D000CAB1F880E00C38881880292002299
:10B4200094460400604602AAD180691A09B21071DC
:10B43000C81713815581978109184140A28A09B222
:10B44000914208DCFB1A1BB2D9175B184B401BB2A8
:10B4500060469A420FDA206902A90368AE1B5B6856
:10B460009847002301202381019B6681FB1AA38159
:10B47000A580E780A07307B0F0BDC046C8F80108FA
:10B48000F0B587B001934B1E04000D001700006952
:10B49000012B25D80A23E25ED31C9BB2062B0BD9C5
:10B4A0001B4963680391002102AE317272810593DA
:10B4B000036803A99B6898470C23E25E2069D31CAC
:10B4C0009BB2062B14D9124963680391012102AE85
:10B4D000317272810593036803A99B68984707E05E
:10B4E000002905D1019BA280E380A160A181A17305
:10B4F000084B03A90393019B20690B8100230D7165
:10B50000CF804B8103681B68984707B0F0BDC046E9
:10B51000DCF80108B4F8010810B5436884689C425F
:10B5200001D8F8F7EDF910BDF0B58FB00B9314AB5F
:10B530001B7805000C9315AB1B780A9206910D93AE
:10B54000F8F761FBAA680400002A00D1D2E06B681A
:10B550000020934200D2D3E0013A0221635E3420FE
:10B56000295E09920022C91807910B990A9859433C
:10B5700041180891049200E0059B0022A65E02207B
:10B58000215E320005918B4209D034216B5E059912
:10B590005B1807930B9B4B430A99CB180893062320
:10B5A000E15E0CE00820235E0834B34211D1022092
:10B5B000235E059883420CD10620235EC91804201F
:10B5C000235E0498C3180493099B581E0990E9D27E
:10B5D00092E0002942D0002E3CDB3622AB5EB34223
:10B5E00038DD049B9B015B1ADB10DA179B18534074
:10B5F0002A0030321278012A08D1DB05FF32DB0D38
:10B60000934203DD0132FF32D31A02E0FF2B00DD4B
:10B61000FF230D9A53439BB25A1C92B21B0AD318B4
:10B6200019124BB2002B15D06B8E0C98B2B2D318F6
:10B6300082180698C9B200680291012101916946F9
:10B640001C27C95F1BB20091416912B20F00069816
:10B650000899B847099B721C01334BD00021635EE7
:10B66000991A002988DD002A03DA002B84DD1900ED
:10B6700000223626A85F834203DB811A002900DC02
:10B680007AE7049B9B01DB10D8171B184340280066
:10B6900030300078012808D1DB05FF30DB0D834214
:10B6A00003DD0130FF30C31A02E0FF2B00DDFF2372
:10B6B0000D9843439BB2581C80B21B0AC01800125D
:10B6C00043B2002B00D157E76B8E0C9E92B2D31879
:10B6D000B218069E09B2366801916946C0B202905E
:10B6E0001C20095E1BB2009176690899069812B277
:10B6F000B04741E7012003E0002900D06BE7F9E7FC
:10B700000FB0F0BDF0B5170085B01E00364A0AAB89
:10B710001B7841600260BA88837203000025040030
:10B72000143302818581C58105824582180000930A
:10B73000F7F724FC230044331D703C3BDD87019365
:10B740005433A564E56425656565A56531001D80F4
:10B7500008222566656602A89D81E566256700F0DA
:10B7600082FD72887B8835889B180422B05E062291
:10B77000B15E3A88E3815219A2812082618202A8D7
:10B780003900FAF717F820000C30F9F7D1FF02ABB7
:10B7900002229A5E02AB01991B880098CB87230096
:10B7A00048331A80F7F7CEFB02AB00229B5E2000E5
:10B7B0005B01E36402AB02229B5E5B01236502AB8B
:10B7C00004229B5E5B01636502AB06229B5E5B010C
:10B7D000A3651022A35E1221625E21004A310B8014
:10B7E000E363226405B0F0BD80F9010870B505007F
:10B7F0005C352B780400002B15D003000200683361
:10B8000069321B7812781A420DD106001436002BCB
:10B8100004D0426E016E3000FFF77EFE3000226FD2
:10B82000E16EFFF779FE00202870A269E3699A4271
:10B830004041C0B270BD0000F0B5837A85B0594375
:10B840000B0A013189B25B181B1204000125039316
:10B85000002B00D194E003005D331B78002B00D156
:10B860008EE0FFF7C3FF051E00D189E06068464FF8
:10B8700003683D689B68984701002800F5F7CEFFF4
:10B880000500F5F725FB03685B6B98470600F5F7A5
:10B890001FFB03681B6B984702000B285BD8E4F77B
:10B8A00067FC3E4752065A182A4C4C4C4C4C072019
:10B8B0000C23E25E0E23E15ED317714303409B1815
:10B8C000DB10C918314B6D181A4026D50823013AF0
:10B8D00020E003200C23E25E0E23E15ED3177143C8
:10B8E00003409B189B10C918294B6D181A4014D59A
:10B8F0000423013A0EE00C23E25E0E21635ED10FB9
:10B900007343891849105B18ED18224B1A4004D56F
:10B910000223013A5B421A430132D2B21CE00C21ED
:10B92000635E0E20215E5B0071435B18ED1813E02F
:10B930000C23E25E0323534308E00E22A35E0C2196
:10B94000625E734305E00C22A35E9B000E21625EE3
:10B9500072439B18ED18002269462000097B009273
:10B9600001912A00616833B21430FFF7DDFD050054
:10B97000606803681B699847386803681B6B9847C1
:10B98000280005B0F0BDC04620530020070000800D
:10B99000030000800100008010B5064B1B78012BCE
:10B9A00007D10823C35E086814685B011B1A136083
:10B9B0000C6010BD12530020F7B5050001910092F4
:10B9C0005C352B780400002B0FD16A46200001A9BA
:10B9D000FFF7E2FF0199E36C009AC91A236D012079
:10B9E000D21A019100920BD404E0FFF7FFFE002869
:10B9F000EBD12BE0A06DD317C60F824273415800E4
:10BA00000423002905DB666DCB17F70FB1427B419C
:10BA1000DB000343DEB2002B02D000232B700DE0CD
:10BA2000200069300370E069A369984203D82000C0
:10BA30001430F7F780FF0223FF332B80019A009B1D
:10BA4000E26623672266636668342670F7BDF0B548
:10BA5000040087B00591049205A904AAFFF79CFF92
:10BA6000059DE36C049EED1A236D0122F61A0595DF
:10BA7000049605D4A36DF217D90F9E424A41520095
:10BA80000423002D05DB616DEB17C80F8D42434188
:10BA9000DB0013432200683202921078DFB20028E4
:10BAA00004D1200032002900143027E0002B03D0FD
:10BAB0003B000340074224D123005C3303931B78EF
:10BAC000626E9C462300143301936346216E002B63
:10BAD0000ED1230069331870E069A369984202D837
:10BAE0000198F7F728FF0223039AFF33138002E03F
:10BAF0000198FFF711FD320029000198FFF70CFDB6
:10BB00003B00059A2266049A6266029A137007B097
:10BB1000F0BD000010B50400034B03601430F7F7CC
:10BB200009FA200010BDC04680F9010810B50400D4
:10BB3000FFF7F0FF2000742100F0BAF8200010BDDC
:10BB400010B50823CC5E0A23CA5E0023038043801D
:10BB50008480C28010BD00007FB50D000400036822
:10BB600001009B6E02A8984708222900684600F051
:10BB70007AFB684602A9F4F7D7FEA06A002867D0CE
:10BB80000368211DDB689847002861D06B460422BA
:10BB90009B5E6A460621525E002B59DD002A57DD66
:10BBA0002C490978002902D0012929D050E06B46A0
:10BBB0005D88AD18AEB22DB21CE06B4606229B5ECE
:10BBC000012B0AD06A4601335B10D3802368694693
:10BBD0002000DB6E98470028EFD06B466946DA8874
:10BBE0005B88D3189BB2D21812B24B80954201DA0F
:10BBF000F31ACB806B4602229B5EAB42E6DB27E06A
:10BC00006A461588ED18AEB22DB21CE06B460422D0
:10BC10009B5E012B0AD06A4601335B109380236838
:10BC200069462000DB6E98470028EFD06B466946D6
:10BC30009A881B88D3189BB2D21812B20B809542F7
:10BC400001DAF31A8B806B4600229B5EAB42E6DB87
:10BC50007FBDC046125300201FB5036804000100D9
:10BC60009B6E684698470022A368684602A9029224
:10BC70000393F4F759FE2368694620001B6998472F
:10BC80001FBD0000094B80220360FF2100235200EA
:10BC90008284C21D43608360C3600361436183612A
:10BCA000C3610362D17783627047C04694F901088B
:10BCB00010B500F011F810BD012302681A4206D138
:10BCC0004278002A00D0FFDE437018007047002041
:10BCD000FCE701230360704710B500F031F810BD98
:10BCE0007FB514001A00094B05001B680E00D868C8
:10BCF000074B002C01D1074B1C000749019302940C
:10BD00002B00009600F080F900F016FB20010020C7
:10BD1000C7E8010802E90108D4E80108002310B5CA
:10BD200001001A00180000F0A7FA10BD10B5034B6F
:10BD30000100186800F030F810BDC0462001002056
:10BD400010B5034B0100186800F0FEFA10BDC046A4
:10BD50002001002070B50F4E0D003168040000294D
:10BD600002D100F025FA30602900200000F020FA0E
:10BD7000431C03D101256D42280070BD0323C51C5F
:10BD80009D43A842F8D0291A200000F011FA013092
:10BD9000F2D1EFE7AC530020F7B50322CB1C93435D
:10BDA000083305001F000C2B34D20C27B94233D8BE
:10BDB000280000F071F8374E33681C00002C2FD19A
:10BDC00039002800FFF7C6FF0400431C5FD1346828
:10BDD0000094009B002B4AD1002C52D023682800ED
:10BDE000E3180099019300F0E3F9019B834248D1E5
:10BDF00023682800FF1A3900FFF7ACFF013040D05C
:10BE00002368DB19236033685A68002A33D1009B0A
:10BE1000336019E0002BC9DA0C232B600020FEBD33
:10BE20002168C91B20D40B290AD9E2192760A34233
:10BE300004D1326063681160536005E05A60F9E72D
:10BE40006268A3420ED13260280000F02DF8200075
:10BE500007220B30231D9043C21A9842DFD01B1AD1
:10BE6000A350DCE75A60EFE723006468A6E7009C74
:10BE700063680093ADE71A005B68A342FBD100231F
:10BE8000DAE70C2328002B6000F00EF8C6E7076005
:10BE9000DAE7C046B053002010B5024800F0D9F9E7
:10BEA00010BDC046F454002010B5024800F0D2F98D
:10BEB00010BDC046F4540020002310B504000360F8
:10BEC0004360836081814366C28103614361836112
:10BED000190008225C3000F029F90B4B24626362E0
:10BEE0000A4BA3620A4BE3620A4B23630A4B9C4250
:10BEF00005D00A4B9C4202D0094B9C4203D1200042
:10BF0000583000F0A5F910BD95C00108BDC001086A
:10BF1000F5C0010821C10108B45300201C540020C1
:10BF20008454002010B5034A0349044800F07CF80B
:10BF300010BDC0461401002069CA01082401002078
:10BF400041680B4B10B50400994201D000F08CFD04
:10BF5000A168084B994202D0200000F085FDE168FD
:10BF6000054B994202D0200000F07EFD10BDC04676
:10BF7000B45300201C5400208454002010B5094BF9
:10BF8000094A04211A6009480022FFF795FF01229F
:10BF900009210748FFF790FF022212210548FFF709
:10BFA0008BFF10BDEC54002025BF0108B4530020C6
:10BFB0001C5400208454002010B5024800F049F9B8
:10BFC00010BDC046F654002010B5024800F042F9FA
:10BFD00010BDC046F654002010B50400FFF7ECFF7A
:10BFE000236A002B02D0FFF7EFFF10BD044B236242
:10BFF000044B1B68002BF6D1FFF7C0FFF3E7C046E8
:10C0000041BF0108EC5400200EB417B5054C05AB38
:10C0100004CB01002068019300F008FA1EBC08BCA4
:10C0200003B0184720010020F7B514000026009047
:10C030000191A5686768013F04D52468002CF8D1F8
:10C040003000FEBDAB89012B08D90E22AB5E013357
:10C0500004D029000098019B984706436835EAE719
:10C060000FB407B5054904AB086804CB8168019398
:10C0700000F0DCF903B008BC04B018472001002030
:10C0800010B5034B01001868826800F018FD10BD60
:10C090002001002070B50C000E25495F00F074F8F7
:10C0A000002803DB636D1B18636570BDA389024A1A
:10C0B0001340A381F9E7C046FFEFFFFFF8B51F006B
:10C0C0008B8905000C001600DB0505D50E23C95E23
:10C0D0000022022300F044F8A389054A28001340F7
:10C0E000A38132000E23E15E3B0000F073F8F8BD3F
:10C0F000FFEFFFFF70B50C000E25495F00F030F830
:10C100000C22A35E421C03D1044A1340A38170BDDC
:10C11000802252011343A3816065F8E7FFEFFFFF20
:10C1200010B50E23C95E00F009F810BD0300821897
:10C13000934200D1704719700133F9E7002370B5BD
:10C14000064D040008002B60E7F728FF431C03D1CD
:10C150002B68002B00D0236070BDC046F054002037
:10C1600070B50400080011001A000023054D2B6073
:10C17000E7F71EFF431C03D12B68002B00D0236080
:10C1800070BDC046F054002070B5040008001100D6
:10C190001A000023054D2B60E7F7E6FE431C03D190
:10C1A0002B68002B00D0236070BDC046F0540020E7
:10C1B000002370B5064D040008002B60E7F7FAFE77
:10C1C000431C03D12B68002B00D0236070BDC046F8
:10C1D000F054002070B50400080011001A0000237C
:10C1E000054D2B60E7F7CDFE431C03D12B68002BD8
:10C1F00000D0236070BDC046F0540020014B186889
:10C200007047C0462001002070B500260C4C0D4D33
:10C21000641BA410A64209D1002600F001FE0A4CBE
:10C220000A4D641BA410A64205D170BDB300EB58A3
:10C2300098470136EEE7B300EB5898470136F2E72E
:10C2400060FE010860FE010878FE010860FE01083A
:10C2500070477047704703000A7801311A70013344
:10C26000002AF9D17047002310B59A4200D110BDC1
:10C27000CC5CC4540133F8E7F0B52A4E85B0050014
:10C280003068039301910292FFF7E3FF264B1C688D
:10C29000002C08D1254C1C60254B002B03D022001C
:10C2A0001B688832136063681F2B06DD3068FFF758
:10C2B000D1FF0120404205B0F0BD002D25D0270060
:10C2C0008837386800280ED11A4B002BEED0842016
:10C2D0004000FFF72BFD0028E8D003000022FC33CC
:10C2E0005A609A603860636802999A00821802C2A4
:10C2F00001219940FC3046680E434660039ED66794
:10C30000022D02D182680A4382605A1C62600233A5
:10C31000019A9B001A51034B1868FFF79BFF0020FE
:10C32000C9E7C0467001002084550020F854002061
:10C3300004FA01082DBD0108062010B500F0BCFC70
:10C340000120E7F70BFE000070B505000C1E10D0B1
:10C35000043C2368002B00DAE4182800FFF79CFD5A
:10C360001D4A1368002B05D1636014602800FFF795
:10C370009BFD70BDA34208D9206821188B42F3D1E0
:10C3800019685B6809182160EEE71A005B68002BEA
:10C3900001D0A342F9D911685018A0420BD12068EE
:10C3A0000918501811608342E0D118685B68411881
:10C3B00011605360DAE7A04202D90C232B60D5E765
:10C3C000206821188B4203D119685B680918216025
:10C3D00063605460CAE7C046B0530020936810B54C
:10C3E000013B9360002B04DA9469A34207DB0A291E
:10C3F00005D01368581C10601970080010BD00F0BB
:10C4000094FB0100F9E7F8B506000F001400D518F9
:10C41000AC4201D1002007E021783A003000FFF75C
:10C42000DDFF0134431CF3D1F8BD0000F0B59FB02F
:10C430000D0017001E000290002804D0036A002B94
:10C4400001D1FFF7C9FD6B6EDB0705D4AB899B05F6
:10C4500002D4A86DFFF7FDFEAB891B0702D52B693F
:10C46000002B13D12900029800F0A2FB00280DD068
:10C470006B6EDB0703D5012040421FB0F0BDAB89D6
:10C480009B05F8D4A86DFFF7E5FEF4E7002306ACA2
:10C490006361203363761033A37605963E003378CC
:10C4A000002B01D0252B48D1F31B0393BE420BD0A8
:10C4B0003A0029000298FFF7A6FF013000D1AAE058
:10C4C0006369039A9B1863613378002B00D1A2E063
:10C4D0000122532100235242626002AA5218771CA3
:10C4E0002360E360A3601370A365574B0522180017
:10C4F0003978039300F000FC7E1C226800281ED1CE
:10C50000D30604D5202302A9533009180B70130752
:10C5100004D553202B2302A909180B703B782A2B32
:10C5200015D03E0000210A20E3683278771C303AAB
:10C53000092A4ED9002910D116E00136AFE7039B36
:10C540003700C01A0123834013432360CDE7059BC6
:10C55000191D1B680591002B01DBE36004E05B42C1
:10C56000E36002231343236033782E2B0CD17378BE
:10C570002A2B33D1059B02361A1D1B680592002B0E
:10C5800001DA01235B426360304F032238003178C7
:10C5900000F0B2FB002806D04023C01B8340226875
:10C5A000013613432360317806222948771C21760F
:10C5B00000F0A2FB00283DD02648002821D1072208
:10C5C000059B073393430833059363691B18636125
:10C5D00064E743433E0001219B18A6E700230A209D
:10C5E0001900013663603278771C303A092A03D982
:10C5F000002BC9D06160C7E741433E000123891881
:10C60000F1E705AA009221002A00134B029800E0EE
:10C6100000BF431CD9D16B6EDB0705D4AB899B05EA
:10C6200002D4A86DFFF716FEAB895B0600D522E7A2
:10C63000606922E705AA009221002A00064B0298B1
:10C6400000F07CF8E5E7C04603E9010809E90108C4
:10C650000DE901080000000007C40108F7B5160045
:10C6600001938A680B690C000090934200DA130072
:10C670002200336043321278002A01D00133336044
:10C6800023689B0602D53368023333602268062391
:10C6900015001D401A4227D0230043331B785A1E31
:10C6A00093412268920630D4220001990098089D97
:10C6B0004332A847013025D00622236800251340C5
:10C6C000042B05D13368E568ED1AEB43DB171D40F9
:10C6D000A3682269934201DD9B1AED180026B5423A
:10C6E00020D1002010E00135E36832689B1AAB428C
:10C6F000D2DD2200012301990098089F1932B84722
:10C700000130F0D101204042FEBD3020E11843311C
:10C71000087021005A1C45310978A21843320233AF
:10C720001170C1E72200012301990098089F1A3275
:10C73000B8470130E6D00136D1E70000F0B58BB044
:10C7400006920A0043320793059003920A7E0C007A
:10C75000109B782A09D8622A0BD8002A00D1BBE0A6
:10C760007A490491582A00D18FE0250042352A7079
:10C7700022E0100063381528F7D8E3F703FD160010
:10C780001F00F6FFF6FFF6FFF6FF1F00F6FFF6FFAD
:10C79000F6FFF6FFA00036007F00F6FFF6FFB100BF
:10C7A000F6FF3600F6FFF6FF830025001A684235D3
:10C7B000111D196013682B7001239FE01868096828
:10C7C000021D0D060BD506681A60002E03DA2D2314
:10C7D000039A764213705D4B0A27049319E00668AA
:10C7E0001A604906F1D536B2EFE71A68096840CAFF
:10C7F000080602D4490600D5B6B21A60237E534A11
:10C800000A2704926F2B00D1023F230000224333FA
:10C810001A706368A360002B06DB04212268039D65
:10C820008A43226033430CD0039D30003900E3F784
:10C8300043FD049B013D5B5C2B70330006009F426F
:10C84000F3D9082F09D12368DB0706D5626823696D
:10C850009A4202DC3023013D2B70039B5B1B23615A
:10C86000079B210000930598069B09AAFFF7F6FE97
:10C87000013048D1012040420BB0F0BD20220968B0
:10C880000A432260782232490491210045310A701E
:10C890001968226840C9100602D4500600D5B6B205
:10C8A0001960D30702D5202313432360002E01D043
:10C8B0001027AAE72022236893432360F8E71A6829
:10C8C0000D68101D4969186013682E0601D519609E
:10C8D00002E06D06FBD519800023039D2361BFE7AD
:10C8E0001A68111D1960156800212800626800F09F
:10C8F00003FA002801D0401B6060636823610023B5
:10C90000039A1370ACE72A00236906990598079DDE
:10C91000A8470130AED023689B0715D4099BE06877
:10C920009842A9DA1800A7E7220001230699059882
:10C93000079E1932B04701309CD00135E368099A4F
:10C940009B1AAB42F0DCE9E70025F7E714E90108A0
:10C9500025E90108F7B50C228B5E05000C001A07CB
:10C960005AD44A68002A02DC0A6C002A4FDDE76AC2
:10C97000002F4CD0002280212E682A601A00490125
:10C980000A400B4234D0626DA3895B0706D5636809
:10C99000D21A636B002B01D0236CD21A002328001B
:10C9A000E76A216AB8470C23E25E431C06D1296876
:10C9B0001D292ED82B4BCB40DB072AD500236360E3
:10C9C00023692360D20405D5431C02D12B68002BB8
:10C9D00000D16065616B2E60002918D023004433BC
:10C9E000994202D02800FFF7AFFC002363630EE0FA
:10C9F00001232800216AB8470200431CC4D12B68D8
:10CA0000002BC1D01D2B01D0162B1DD12E60002074
:10CA100021E0402313431BE00E69002EF7D00F687E
:10CA20000E60BA1B019200229B0700D14A69A260E6
:10CA3000019B002BEBDDA36A32001F002800019B45
:10CA4000216AB847002807DC4023A28913431BB2A0
:10CA50000120A3814042FEBD019B36181B1A0193A1
:10CA6000E6E7C046010040200B6970B505000C00E8
:10CA7000002B02D10025280070BD002804D0036AD5
:10CA8000002B01D1FFF7A8FA0C22A35E002BF1D0F6
:10CA9000626ED20704D49B0502D4A06DFFF7D9FBC8
:10CAA00028002100FFF756FF636E0500DB07E2D484
:10CAB000A3899B05DFD4A06DFFF7CCFBDBE770B546
:10CAC00006000D001400002804D0036A002B01D1D9
:10CAD000FFF782FA636EDB0705D4A3899B0502D4B6
:10CAE000A06DFFF7B6FBA368013BA360002B05DA3E
:10CAF000A269934212DBEBB20A2B0FD023685A1CB7
:10CB000022601D70EDB2636EDB0705D4A3899B051F
:10CB100002D4A06DFFF79EFB280070BD2900220003
:10CB2000300000F002F80500EDE7F8B506000D0052
:10CB30001400002804D0036A002B01D1FFF74CFA3F
:10CB4000A369A360A3891B0702D52369002B09D120
:10CB50002100300000F02CF8002803D001256D42A0
:10CB60002800F8BD23692068EFB2C01A6369EDB2EE
:10CB7000834205DC21003000FFF776FF0028EDD16D
:10CB8000A3680130013BA36023685A1C22601F7018
:10CB90006369834204D0A389DB07E1D50A2DDFD185
:10CBA00021003000FFF760FF0028D9D0D6E7000051
:10CBB0002B4B70B5050018680C00002804D0036AE0
:10CBC000002B01D1FFF708FA0C22A35E1A0722D42A
:10CBD000DA0607D409222A60373201201343A381E1
:10CBE000404270BD5A0713D5616B002908D023005D
:10CBF0004433994202D02800FFF7A6FB0023636369
:10CC00002422A38993430022626022691BB222601E
:10CC100008221343A3812269002A07D19A0501D56E
:10CC20001B0603D52100280000F09CF80C23E25ECF
:10CC3000012113000B400A420CD00023A36063695A
:10CC40005B42A361002023698342CAD11306C8D581
:10CC50004023C2E7910700D46369A360F2E7C046AE
:10CC60002001002070B504000D001F2904D91623EF
:10CC700003600120404270BDC36B002B04D08A00CA
:10CC80009B181A68002A08D1200000F031F82A0009
:10CC90000100200000F01AF8EDE7012A09D0511C2C
:10CCA00003D1162303600120E5E700212800196065
:10CCB00090470020DFE7000010B5034B0100186823
:10CCC000FFF7D0FF10BDC04620010020002370B543
:10CCD000064D0400080011002B60E7F737F9431CEC
:10CCE00003D12B68002B00D0236070BDF0540020CE
:10CCF00010B5E7F729F910BDC9B28218904201D1E9
:10CD00000020704703788B42FBD00130F6E700002B
:10CD1000F0B50E001D000E23C95E140097B0002967
:10CD20000CDAB2898023110019401A4214D18023F1
:10CD3000DB0000202960236017B0F0BD6A4600F0D8
:10CD40004BF80028EDDBF02301991B021940044B3E
:10CD5000C9184B425941EAE700214023E9E7C046A0
:10CD600000E0FFFFF7B502268B8905000C00334277
:10CD700006D0230047332360236101236361F7BD9D
:10CD80006A4601ABFFF7C4FF009F28003900FFF798
:10CD900003F80C22A35E002806D19A05EFD40322E3
:10CDA00093431E43A681E4E780221343A381019BA2
:10CDB000206020616761002BE1D028000E23E15E36
:10CDC00000F01CF80028DAD00323A2899A43023B22
:10CDD0001343A381D3E70000002370B5064D040080
:10CDE000080011002B60E7F7DCF8431C03D12B6827
:10CDF000002B00D0236070BDF0540020002370B5DC
:10CE0000064D040008002B60E7F7D0F8431C03D15F
:10CE10002B68002B00D0236070BDC046F05400206A
:10CE2000F8B5C046F8BC08BC9E467047F8B5C04689
:08CE3000F8BC08BC9E467047E7
:10CE380000000000FFFFFFFFFFFFFFFF00000000F2
:10CE480001000000000000000000000001000000D8
:10CE5800FFFFFFFFFFFFFFFF01000000FFFFFFFFD5
:10CE6800FFFFFFFF010000000100000001000000BB
:10CE7800760D0008A20C00088C0C0008080D0008AC
:10CE88008C0C00083C0D00088C0C0008080D0008EC
:10CE9800A20C0008A20C00083C0D0008080D0008B0
:10CEA800780C0008780C0008780C0008460D00087B
:10CEB800A20C0008A20C00088C0C0008E20D000867
:10CEC8008C0C00083C0D00088C0C0008E20D0008D2
:10CED800A20C0008A20C00083C0D0008E20D000896
:10CEE800780C0008780C0008780C00080001020A89
:10CEF80000DF0198015300DE010000B2013200B7E3
:10CF0800010001350100015D00BB013C012F015505
:10CF18000173016301F000C0014401A400C10112C2
:10CF280000C3017D01070114010601CB01710172E3
:10CF3800017700C40100010001A00179010A010B79
:10CF480001160179010A010B0116018200C8013F8F
:10CF580001370132012F0136013B01370136013417
:10CF68000132012E011D0117010E01070101013FC8
:10CF780001370132012F0136013B013701360134F7
:10CF88000132012E011D0117010E0107010100D018
:10CF980001040106016B010F010000D701000134F3
:10CFA80000E6011000DE010100BB010400D70112F8
:10CFB80000B70103011301EF0139013900C1011460
:10CFC800011501C000C20106013A00C40172011234
:10CFD80000BE010000DE010200E5010001020100BF
:10CFE80000E501010102010000DE01000035010039
:10CFF800003A0105002A01000123010001CC002BA1
:10D00800010001000101013F0011028C00DE010254
:10D0180000E501000102010000DE01000029020A0A
:10D0280000FD010601080061010701070073017096
:10D0380000730100006201000144014000630141E6
:10D04800010701120112006501080117012100669C
:10D0580001080117012100670120014000680190C3
:10D0680001300127012C00B1010F0102010100B4B8
:10D07800010100B501020102010A011400B6010410
:10D088000101019F0100010200DF011100E20123FB
:10D098000122012301350138013F00E5013F01303C
:10D0A800012D011D0120012200E10130017800E479
:10D0B8000169012F00E001050105011001120111AC
:10D0C800010D010E011700E3011301130113010CF7
:10D0D800010F01070105010500E6010001FF00E756
:10D0E80001010104010301030100011200E801002C
:10D0F8000170010000EC015200F10101010101027F
:10D1080000F6010101300140010000FD01FA01FCB7
:10D11800003A01550035010000290011AB9F0605B2
:10D1280000000000000000000000000000000000F7
:10D1380000000000000000000000000000000000E7
:10D1480001000000020000000300000004000000CD
:10D1580006000000070000000800000009000000A9
:10D16800546865726D616C204772697A7A6C7920AF
:10D1780057697265566965772050726F2049490072
:10D1880073697A656F662853637265656E54797042
:10D198006529203C3D20686561702E736372656562
:10D1A8006E53746F726167652E656C656D656E741C
:10D1B8005F73697A652829202626202256696577B3
:10D1C80020616C6C6F636174696F6E206572726F39
:10D1D800723A20436865636B207468617420616CDF
:10D1E8006C20766965777320617265206164646577
:10D1F8006420746F2046726F6E74656E6448656152
:10D20800703A3A566965775479706573220050729E
:10D218006573656E746572547970652A20746F75CC
:10D2280063686766783A3A6D616B655472616E73CC
:10D238006974696F6E2853637265656E2A2A2C209B
:10D2480050726573656E7465722A2A2C204D56508B
:10D2580048656170262C205472616E736974696F19
:10D268006E2A2A2C204D6F64656C547970652A29C2
:10D27800205B776974682053637265656E547970B2
:10D2880065203D2073637265656E53657474696EBD
:10D298006773566965773B2050726573656E746570
:10D2A8007254797065203D2073637265656E5365AD
:10D2B8007474696E677350726573656E7465723BDA
:10D2C800205472616E7354797065203D204E6F54FE
:10D2D80072616E736974696F6E3B204D6F64656C23
:10D2E80054797065203D204D6F64656C5D002E2E6D
:10D2F8002F4D6964646C6577617265732F53542F81
:10D30800746F7563686766782F6672616D65776F8D
:10D31800726B2F696E636C7564652F6D76702F4D17
:10D3280056504170706C69636174696F6E2E6870D5
:10D33800700073697A656F662850726573656E74DC
:10D3480065725479706529203C3D20686561702EAE
:10D3580070726573656E74657253746F7261676518
:10D368002E656C656D656E745F73697A6528292012
:10D378002626202250726573656E74657220616C72
:10D388006C6F636174696F6E206572726F723A2098
:10D39800436865636B207468617420616C6C2070ED
:10D3A800726573656E74657273206172652061645D
:10D3B80064656420746F2046726F6E74656E64488D
:10D3C8006561703A3A50726573656E746572547926
:10D3D800706573220073697A656F66285472616E8E
:10D3E800735479706529203C3D20686561702E74FE
:10D3F80072616E736974696F6E53746F7261676579
:10D408002E656C656D656E745F73697A6528292071
:10D41800262620225472616E736974696F6E2061CA
:10D428006C6C6F636174696F6E206572726F723AAB
:10D4380020436865636B207468617420616C6C209C
:10D448007472616E736974696F6E7320617265209E
:10D45800616464656420746F2046726F6E74656ED3
:10D4680064486561703A3A5472616E736974696FA1
:10D478006E5479706573220050726573656E7465B9
:10D4880072547970652A20746F7563686766783A94
:10D498003A6D616B655472616E736974696F6E2859
:10D4A80053637265656E2A2A2C2050726573656E07
:10D4B8007465722A2A2C204D565048656170262CB6
:10D4C800205472616E736974696F6E2A2A2C204D1C
:10D4D8006F64656C547970652A29205B7769746874
:10D4E8002053637265656E54797065203D207363BF
:10D4F8007265656E5761726E696E67566965773BCE
:10D508002050726573656E74657254797065203D3C
:10D518002073637265656E5761726E696E675072CB
:10D528006573656E7465723B205472616E735479CD
:10D538007065203D204E6F5472616E736974696F17
:10D548006E3B204D6F64656C54797065203D204DAD
:10D558006F64656C5D0050726573656E74657254B6
:10D568007970652A20746F7563686766783A3A6DD2
:10D57800616B655472616E736974696F6E28536369
:10D588007265656E2A2A2C2050726573656E746503
:10D59800722A2A2C204D565048656170262C20543A
:10D5A80072616E736974696F6E2A2A2C204D6F64DC
:10D5B800656C547970652A29205B776974682053F3
:10D5C800637265656E54797065203D20736372657A
:10D5D800656E537461747573566965773B20507234
:10D5E8006573656E74657254797065203D20736348
:10D5F8007265656E53746174757350726573656E88
:10D608007465723B205472616E7354797065203D65
:10D61800204E6F5472616E736974696F6E3B204D52
:10D628006F64656C54797065203D204D6F64656C3E
:10D638005D0050726573656E746572547970652A01
:10D6480020746F7563686766783A3A6D616B6554E4
:10D6580072616E736974696F6E2853637265656E63
:10D668002A2A2C2050726573656E7465722A2A2CDA
:10D67800204D565048656170262C205472616E7397
:10D688006974696F6E2A2A2C204D6F64656C547911
:10D6980070652A29205B7769746820536372656511
:10D6A8006E54797065203D2073637265656E5465AC
:10D6B8006D70566965773B2050726573656E746549
:10D6C8007254797065203D2073637265656E546588
:10D6D8006D7050726573656E7465723B205472612B
:10D6E8006E7354797065203D204E6F5472616E736D
:10D6F8006974696F6E3B204D6F64656C5479706511
:10D70800203D204D6F64656C5D0050726573656ED9
:10D71800746572547970652A20746F7563686766DA
:10D72800783A3A6D616B655472616E736974696FAA
:10D738006E2853637265656E2A2A2C2050726573B1
:10D74800656E7465722A2A2C204D565048656170A2
:10D75800262C205472616E736974696F6E2A2A2CA4
:10D76800204D6F64656C547970652A29205B776950
:10D7780074682053637265656E54797065203D2026
:10D7880073637265656E43757272656E745669650A
:10D79800773B2050726573656E7465725479706555
:10D7A800203D2073637265656E43757272656E7491
:10D7B80050726573656E7465723B205472616E7346
:10D7C80054797065203D204E6F5472616E73697490
:10D7D800696F6E3B204D6F64656C54797065203DB0
:10D7E800204D6F64656C5D0050726573656E74657D
:10D7F80072547970652A20746F7563686766783A21
:10D808003A6D616B655472616E736974696F6E28E5
:10D8180053637265656E2A2A2C2050726573656E93
:10D828007465722A2A2C204D565048656170262C42
:10D83800205472616E736974696F6E2A2A2C204DA8
:10D848006F64656C547970652A29205B7769746800
:10D858002053637265656E54797065203D2073634B
:10D868007265656E53696D706C65566965773B20A6
:10D8780050726573656E74657254797065203D20C9
:10D8880073637265656E53696D706C65507265730C
:10D89800656E7465723B205472616E73547970655D
:10D8A800203D204E6F5472616E736974696F6E3BD0
:10D8B800204D6F64656C54797065203D204D6F6410
:10D8C800656C5D0050726573656E7465725479702D
:10D8D800652A20746F7563686766783A3A6D616B7C
:10D8E800655472616E736974696F6E2853637265EB
:10D8F800656E2A2A2C2050726573656E7465722ACB
:10D908002A2C204D565048656170262C205472618F
:10D918006E736974696F6E2A2A2C204D6F64656C6A
:10D92800547970652A29205B77697468205363727B
:10D9380065656E54797065203D2073637265656E08
:10D948004D61696E566965773B2050726573656EE7
:10D9580074657254797065203D2073637265656ED5
:10D968004D61696E50726573656E7465723B2054C3
:10D9780072616E7354797065203D204E6F547261E8
:10D988006E736974696F6E3B204D6F64656C547972
:10D998007065203D204D6F64656C5D00747970651D
:10D9A80064546578747320213D2030202626202277
:10D9B8005479706564546578742064617461626137
:10D9C800736520686173206E6F74206265656E20D0
:10D9D800696E697469616C697A65642E2200636F87
:10D9E8006E737420746F7563686766783A3A466F29
:10D9F8006E742A20746F7563686766783A3A54794A
:10DA0800706564546578743A3A676574466F6E74E5
:10DA1800282920636F6E7374002E2E2F4D6964645D
:10DA28006C6577617265732F53542F746F756368D3
:10DA38006766782F6672616D65776F726B2F696E96
:10DA4800636C7564652F746F7563686766782F54A7
:10DA580079706564546578742E68707000686173B5
:10DA680056616C6964496428292026262022747925
:10DA7800706564546578744964206C617267657276
:10DA8800207468616E206E756D6265724F66547998
:10DA980070656454657874732E2200636F6D7061CD
:10DAA8007469626C654672616D65627566666572F9
:10DAB800284269746D61703A3A52474235363529C1
:10DAC80020262620225468652063686F73656E20BF
:10DAD8007061696E746572206F6E6C7920776F72F1
:10DAE8006B73207769746820524742353635206455
:10DAF8006973706C6179732200746F756368676607
:10DB0800783A3A41627374726163745061696E74F1
:10DB180065725247423536353A3A416273747261DA
:10DB280063745061696E74657252474235363528A0
:10DB380029002E2E2F4D6964646C657761726573B8
:10DB48002F53542F746F7563686766782F667261F8
:10DB58006D65776F726B2F696E636C7564652F7472
:10DB68006F7563686766782F776964676574732F64
:10DB780063616E7661732F4162737472616374506E
:10DB880061696E7465725247423536352E68707019
:10DB980000636F6E737420746F7563686766783A94
:10DBA8003A556E69636F64653A3A556E69636F6496
:10DBB80065436861722A20746F7563686766783A8E
:10DBC8003A5479706564546578743A3A6765745460
:10DBD800657874282920636F6E7374002573007547
:10DBE800736564203E203000746F756368676678DB
:10DBF8003A3A556E69636F64653A3A556E69636F70
:10DC080064654368617220746F7563686766783A03
:10DC18003A5465787450726F76696465723A3A63FB
:10DC2800697263756C61724275666665723C736988
:10DC38007A653E3A3A7065656B43686172282920B7
:10DC48005B7769746820756E7369676E65642069AF
:10DC58006E742073697A65203D2031303B20746FE3
:10DC68007563686766783A3A556E69636F64653AB2
:10DC78003A556E69636F646543686172203D20732D
:10DC8800686F727420756E7369676E656420696E5B
:10DC9800745D002E2E2F4D6964646C657761726522
:10DCA800732F53542F746F7563686766782F667285
:10DCB800616D65776F726B2F696E636C7564652F24
:10DCC800746F7563686766782F5465787450726FDF
:10DCD80076696465722E687070006F666673657425
:10DCE800203C207573656400746F75636867667897
:10DCF8003A3A556E69636F64653A3A556E69636F6F
:10DD080064654368617220746F7563686766783A02
:10DD18003A5465787450726F76696465723A3A63FA
:10DD2800697263756C61724275666665723C736987
:10DD38007A653E3A3A7065656B4368617228756921
:10DD48006E7431365F7429205B7769746820756E4C
:10DD58007369676E656420696E742073697A6520DB
:10DD68003D2031303B20746F7563686766783A3AB6
:10DD7800556E69636F64653A3A556E69636F646599
:10DD880043686172203D2073686F727420756E73EA
:10DD980069676E656420696E743B2075696E7431BD
:10DDA800365F74203D2073686F727420756E7369D6
:10DDB800676E656420696E745D00256400256425BE
:10DDC800004175746F00256473004E6F6E650053D3
:10DDD8006F66740048617264002564C2B0004379BC
:10DDE800636C6500536C6565700053746174696396
:10DDF8000053696D706C650043757272656E7400CE
:10DE080054656D7000537461747573004D61696E6B
:10DE18000032326D730034346D730038396D73001D
:10DE28003137376D73003335346D73003730396DE2
:10DE38007300313431376D7300323833346D730009
:10DE4800353636396D730043757272656E742053BA
:10DE580063616C6500506F776572205363616C6510
:10DE68000054656D7020536F757263650053686F59
:10DE78007720696E204379636C65204D6F64650077
:10DE880046616E20436F6E74726F6C0050696E202D
:10DE980043757272656E74204C696D697400546FB5
:10DEA80074616C20506F776572204C696D697400DD
:10DEB80054656D7065726174757265204C696D6921
:10DEC80074004175746F2D53687574646F776E2094
:10DED800576169740053687574646F776E20426582
:10DEE800686176696F72005468656D65004469738E
:10DEF800706C617920526F746174696F6E00446947
:10DF080073706C6179204272696768746E657373A7
:10DF1800004C6F6720496E74657276616C005469B5
:10DF28006D656F757420496E74657276616C005406
:10DF3800696D656F757420416374696F6E0044651F
:10DF48006661756C742053637265656E0041766511
:10DF5800726167696E670053617665005265736523
:10DF68007400457869740050696E20200041766716
:10DF780020566F6C7461676520004D617820546588
:10DF88006D70200053757370656E6465640041643C
:10DF98006472657373656400436F6E666967757252
:10DFA800656400446973636F6E6E656374656400CD
:10DFB8004669726D776172652056657273696F6E16
:10DFC8000076253032580055534220436F6E6E65F7
:10DFD8006374696F6E004C6F6E672070726573733F
:10DFE80020666F72206D656E750043757272656E7E
:10DFF800742065786365656465642100546F746195
:10E008006C2025644100696D62616C616E636521F5
:10E018000050696E2564202564412050696E25648E
:10E028002025644100506F776572206578636565C7
:10E038006465642100546F74616C20256457005432
:10E04800656D702065786365656465642100496E57
:10E058002054656D70202564C2B043004F7574204C
:10E0680054656D70202564C2B04300545332202596
:10E0780064C2B043007769647468203E3D20444917
:10E0880053504C41595F574944544820262620682C
:10E098006569676874203E3D20444953504C415996
:10E0A8005F48454947485420262620224672616D1C
:10E0B800656275666665722063616E6E6F74206254
:10E0C8006520736D616C6C6572207468616E206484
:10E0D8006973706C617922007669727475616C205D
:10E0E800766F696420746F7563686766783A3A4832
:10E0F800414C3A3A7365744672616D65427566665D
:10E10800657253697A652875696E7431365F742C47
:10E118002075696E7431365F7429002E2E2F4D6973
:10E1280064646C6577617265732F53542F746F75CF
:10E1380063686766782F6672616D65776F726B2F9B
:10E14800696E636C7564652F746F7563686766784C
:10E158002F68616C2F48414C2E68707000667261A0
:10E168006D6542756666657220213D203020262641
:10E17800202241206672616D65627566666572204F
:10E1880061646472657373206D75737420626520B1
:10E1980073657422007669727475616C20766F6994
:10E1A8006420746F7563686766783A3A48414C3AF8
:10E1B8003A7365744672616D654275666665725339
:10E1C8007461727441646472657373657328766FE1
:10E1D80069642A2C20766F69642A2C20766F69641A
:10E1E8002A2900302026262022444D41206F7065C0
:10E1F800726174696F6E206E6F7420737570706FC2
:10E208007274656422007669727475616C20766F29
:10E2180069642053544D3332444D413A3A7365741E
:10E22800757044617461436F707928636F6E73749D
:10E2380020746F7563686766783A3A426C69744F00
:10E24800702629002E2E2F546F7563684746582F65
:10E258007461726765742F67656E65726174656451
:10E268002F53544D3332444D412E637070007669FC
:10E27800727475616C20766F69642053544D333223
:10E28800444D413A3A7365747570446174614669E6
:10E298006C6C28636F6E737420746F75636867663F
:10E2A800783A3A426C69744F702629007374617425
:10E2B800655B73656E64696E67426C6F636B5D2046
:10E2C8003D3D20445241574E00636F6E7374207574
:10E2D800696E74385F742A20746F7563686766782E
:10E2E8003A3A4D616E79426C6F636B416C6C6F6347
:10E2F80061746F723C626C6F636B5F73697A652CD3
:10E3080020626C6F636B732C2062797465735F7025
:10E31800725F706978656C3E3A3A676574426C6FF3
:10E32800636B466F725472616E7366657228746FA0
:10E338007563686766783A3A526563742629205B84
:10E3480077697468206C6F6E6720756E7369676E85
:10E35800656420696E7420626C6F636B5F73697AA1
:10E3680065203D20333430303B206C6F6E6720755C
:10E378006E7369676E656420696E7420626C6F6382
:10E388006B73203D20323B206C6F6E6720756E7377
:10E3980069676E656420696E742062797465735F5D
:10E3A80070725F706978656C203D20323B2075691A
:10E3B8006E74385F74203D20756E7369676E65648E
:10E3C80020636861725D002E2E2F4D6964646C6550
:10E3D80077617265732F53542F746F75636867661E
:10E3E800782F6672616D65776F726B2F696E636CDB
:10E3F8007564652F746F7563686766782F68616CDC
:10E408002F4672616D65427566666572416C6C6F08
:10E418006361746F722E6870700073746174655BE9
:10E4280073656E64696E67426C6F636B5D203D3D1A
:10E438002053454E44494E4700766F696420746FF7
:10E448007563686766783A3A4D616E79426C6F63B6
:10E458006B416C6C6F6361746F723C626C6F636B61
:10E468005F73697A652C20626C6F636B732C206212
:10E47800797465735F70725F706978656C3E3A3A5B
:10E4880066726565426C6F636B416674657254723F
:10E49800616E736665722829205B77697468206CE1
:10E4A8006F6E6720756E7369676E656420696E7438
:10E4B80020626C6F636B5F73697A65203D2033342B
:10E4C80030303B206C6F6E6720756E7369676E65C0
:10E4D8006420696E7420626C6F636B73203D203218
:10E4E8003B206C6F6E6720756E7369676E6564207C
:10E4F800696E742062797465735F70725F70697891
:10E50800656C203D20325D0073746174655B6E65D7
:10E51800787453656E64696E67426C6F636B5D20D7
:10E528003D3D20445241574E00636F6E7374207412
:10E538006F7563686766783A3A5265637426207423
:10E548006F7563686766783A3A4D616E79426C6FA9
:10E55800636B416C6C6F6361746F723C626C6F6368
:10E568006B5F73697A652C20626C6F636B732C2008
:10E5780062797465735F70725F706978656C3E3A32
:10E588003A7065656B426C6F636B466F725472616B
:10E598006E736665722829205B77697468206C6FD2
:10E5A8006E6720756E7369676E656420696E742086
:10E5B800626C6F636B5F73697A65203D203334301A
:10E5C800303B206C6F6E6720756E7369676E65648B
:10E5D80020696E7420626C6F636B73203D20323B40
:10E5E800206C6F6E6720756E7369676E656420694D
:10E5F8006E742062797465735F70725F7069786594
:10E608006C203D20325D0073746174655B647261D7
:10E6180077696E67426C6F636B5D203D3D20454DA9
:10E628005054590075696E7431365F7420746F7573
:10E6380063686766783A3A4D616E79426C6F636BCE
:10E64800416C6C6F6361746F723C626C6F636B5F7B
:10E6580073697A652C20626C6F636B732C20627906
:10E668007465735F70725F706978656C3E3A3A6181
:10E678006C6C6F63617465426C6F636B2875696E4F
:10E688007431365F742C2075696E7431365F742C62
:10E698002075696E7431365F742C2075696E74311B
:10E6A800365F742C2075696E74385F742A2A2920A5
:10E6B8005B77697468206C6F6E6720756E73696725
:10E6C8006E656420696E7420626C6F636B5F73693A
:10E6D8007A65203D20333430303B206C6F6E6720E4
:10E6E800756E7369676E656420696E7420626C6FFD
:10E6F800636B73203D20323B206C6F6E6720756E14
:10E708007369676E656420696E74206279746573D5
:10E718005F70725F706978656C203D20323B2075B0
:10E72800696E7431365F74203D2073686F7274208F
:10E73800756E7369676E656420696E743B207569D0
:10E748006E74385F74203D20756E7369676E6564FA
:10E7580020636861725D0073746174655B647261E3
:10E7680077696E67426C6F636B5D203D3D20414C5D
:10E778004C4F434154454400766F696420746F756B
:10E7880063686766783A3A4D616E79426C6F636B7D
:10E79800416C6C6F6361746F723C626C6F636B5F2A
:10E7A80073697A652C20626C6F636B732C206279B5
:10E7B8007465735F70725F706978656C3E3A3A6D24
:10E7C80061726B426C6F636B5265616479466F72FC
:10E7D8005472616E736665722829205B7769746864
:10E7E800206C6F6E6720756E7369676E656420694B
:10E7F8006E7420626C6F636B5F73697A65203D206D
:10E80800333430303B206C6F6E6720756E736967E8
:10E818006E656420696E7420626C6F636B73203D53
:10E8280020323B206C6F6E6720756E7369676E656A
:10E838006420696E742062797465735F70725F70AA
:10E848006978656C203D20325D004552524F523A3E
:10E858002000496E76616C69642044657669636559
:10E868002068616E646C6500496E76616C6964202D
:10E87800436C6173732068616E646C650053544D1A
:10E888006963726F656C656374726F6E6963730038
:10E8980053544D3332205669727475616C20436F3E
:10E8A8006D506F72740043444320436F6E6669670E
:10E8B8000043444320496E74657266616365002CA9
:10E8C8002066756E6374696F6E3A200061737365B4
:10E8D8007274696F6E2022257322206661696C65E7
:10E8E800643A2066696C6520222573222C206C69A5
:10E8F8006E65202564257325730A00232D302B208F
:10E9080000686C4C00656667454647003031323315
:10E918003435363738394142434445460030313280
:10E928003334353637383961626364656600000010
:10E938000000000000000000158C0008058C00088D
:10E94800078C00080000000000000000858C00080B
:10E95800878C000800000000000000006D8E000891
:10E968006F8E0008798F00083D8C00085F8C0008C6
:10E97800638C000815C000082DC00008296D010827
:10E98800656E0108456D0108FB6D0108678C00087C
:10E99800F16D01086B8C00086F8C0008778C0008FB
:10E9A800298E0008056E0108098E00080D8E0008E2
:10E9B8007D8C0008818C0008118E00080000000082
:10E9C80000000000E78F00084D9000081190000833
:10E9D8002990000800000000000000000958010804
:10E9E8007958010891580108B1580108F95B0108E4
:10E9F80079900008E98F00085B900008ED8F000807
:10EA0800395B0108CF8F0008E1570108D18F000852
:10EA1800A9580108296401084D580108595D0108E1
:10EA280025580108815A0108000000000000000074
:10EA38000F9000083F90000809900008DF8F000839
:10EA4800E18F00086B900008E38F000800000000C9
:10EA580000000000000000000000000000000000AE
:10EA680000000000916F0108056F0108ED9B000888
:10EA7800D99A0008196F0108079C0008536F01080C
:10EA8800336F0108DD9A0008E19A0008E59A00084A
:10EA9800E99A0008ED9A0008EF9A0008F19A000830
:10EAA800F39A0008F59A0008F96F0108F79A000828
:10EAB8000D9B00080000000000000000A79B000854
:10EAC800AB9B0008012C0108679B0008916F0108A7
:10EAD800056F0108FF9B0008D99A0008196F010803
:10EAE800079C0008536F0108336F0108DD9A00087E
:10EAF800E19A0008279B0008479B0008ED9A000848
:10EB0800EF9A0008F19A0008F39A0008F59A0008AD
:10EB1800F96F0108F79A00080D9B0008739B00081D
:10EB28001D9C0008799B0008F9220108212301088F
:10EB380069230108D5230108959B0008919B0008CB
:10EB4800A79C000800000000000000000000000072
:10EB580000000000999B00089D9B0008A59B0008E9
:10EB6800000000000000000000000000B99B000841
:10EB7800CD9B000857770108A99B00081F9B000838
:10EB8800219B00084572010835730108E5720108E8
:10EB9800239B0008899C000800000000000000007A
:10EBA80001A6000805A60008012C0108679B0008BB
:10EBB800916F0108056F0108FF9B0008D99A0008AA
:10EBC800196F0108079C0008536F0108336F01088B
:10EBD800DD9A0008E19A0008279B0008479B000877
:10EBE800ED9A0008EF9A0008F19A0008F39A0008D5
:10EBF800F59A0008F96F0108F79A00080D9B0008BC
:10EC0800739B00081D9C0008799B0008F9220108E5
:10EC18002123010869230108D5230108F9A5000863
:10EC2800FDA50008A79C00080000000000000000E7
:10EC380015A6000829A600085777010803A60008AA
:10EC48001F9B0008219B00084572010835730108C5
:10EC5800E572010849A6000895A600080000000012
:10EC680000000000BDAF0008C1AF000857770108D9
:10EC7800BFAF00081F9B0008219B000845720108D0
:10EC880035730108E5720108239B0008259B0008DD
:10EC98000000000000000000C5B10008C9B100086C
:10ECA80057770108C7B100081F9B0008219B00087F
:10ECB8004572010835730108E5720108239B0008B5
:10ECC800D9B10008000000000000000099B5000854
:10ECD800ADB500085777010895B500081F9B0008D7
:10ECE800219B00084572010835730108E572010887
:10ECF800239B0008CDB500080000000000000000BC
:10ED0800E5B70008F9B7000857770108E1B7000828
:10ED18001F9B0008219B00084572010835730108F4
:10ED2800E5720108239B000819B8000800000000DC
:10ED38000000000045BE000849BE000857770108DA
:10ED480047BE00081F9B0008219B00084572010868
:10ED580035730108E5720108239B000859BE0008B5
:10ED680000FB049000000000550055000000000062
:10ED78005500550000000090000000004001AA0066
:10ED8800000000004001AA0000A901900000000056
:10ED98004001AA00000000004001AA0000520390B0
:10EDA800000000004001AA00000000004001AA0085
:10EDB800743305900000000049004900000000007D
:10EDC80049004900185D059000000000490049000D
:10EDD8000000000049004900BC86059000000000C2
:10EDE80049004900000000004900490060B0059052
:10EDF80000000000490049000000000049004900E7
:10EE080004DA0590000000004900490000000000F5
:10EE180049004900A8030690000000004900490085
:10EE280000000000490049004C2D06900000000039
:10EE380011001000020002000D000440F0FD01085E
:10EE48000000000000000000095801087958010876
:10EE580091580108B158010811C2000879900008BA
:10EE6800B9C1000801C20008BDC10008395B01082A
:10EE7800CF8F0008E1570108D18F0008A958010871
:10EE8800296401084D580108595D010825580108F1
:10EE9800815A01080000000000000000F3C30008C8
:10EEA800F3C30008EDC3000811C40008F5C3000847
:10EEB800FCFFFFFF00000000EFC300081FC40008AC
:10EEC80001C4000800000000000000004DC4000854
:10EED80061C4000857770108FDC600081F9B000899
:10EEE80049C400084572010835730108E572010834
:10EEF800239B0008899C0008B9C400080000000092
:10EF080000000000BFC70008BFC70008B9C7000855
:10EF1800DDC70008C1C70008FCFFFFFF00000000B4
:10EF2800BBC70008EBC70008CDC7000800000000F9
:10EF38000000000019C800082DC80008577701080C
:10EF480079CB00081F9B000815C800084572010806
:10EF580035730108E572010849A6000895A600085E
:10EF680059C8000800000000000000000DCD00088E
:10EF78000DCD000807CD000811CD0008FCFFFFFFEC
:10EF88000000000009CD00081FCD000805CD0008CD
:10EF9800000000000000000049CD00085DCD000819
:10EFA8005777010819D800081F9B000855DB00088F
:10EFB8004572010835730108E5720108239B0008B2
:10EFC80005D8000800000000000000009FDB0008D2
:10EFD8009FDB000899DB0008BDDB0008A1DB000807
:10EFE800FCFFFFFF000000009BDB0008CBDB0008F4
:10EFF800ADDB00080000000000000000F9DB00089D
:10F008000DDC000857770108D9DD00081F9B0008B0
:10F01800F5DB00084572010835730108E57201083F
:10F02800239B0008D9B1000839DC00080000000063
:10F038000000000083DE000883DE00087DDE000893
:10F04800A1DE000885DE0008FCFFFFFF00000000CD
:10F058007FDE0008AFDE000891DE00080000000037
:10F06800000000004DDF000861DF00085777010845
:10F0780071E000081F9B0008D9DE000845720108EE
:10F0880035730108E5720108239B0008CDB5000817
:10F09800DDDE000800000000000000004BE2000870
:10F0A8004BE2000845E2000869E200084DE200086A
:10F0B800FCFFFFFF0000000047E2000877E20008BD
:10F0C80059E200080000000000000000A5E2000866
:10F0D800B9E20008577701080DE400081F9B0008F3
:10F0E800A1E200084572010835730108E5720108BC
:10F0F800239B000819B80008E5E20008000000009A
:10F1080000000000ABE40008ABE40008A5E4000838
:10F11800C9E40008ADE40008FCFFFFFF00000000A0
:10F12800A7E40008D7E40008B9E4000800000000DC
:10F138000000000005E5000819E5000857770108F8
:10F1480071E700081F9B000801E5000845720108E7
:10F1580035730108E5720108239B000859BE0008B1
:10F1680045E5000800000000000000009BE70008DB
:10F17800CDE7000899E700089DE7000800000000B7
:10F1880000000000DBE70008FDE70008DDE70008F5
:10F19800E5E70008EDE70008F5E7000800000000D3
:10F1A8000000000075E80008FBE8000815E8000802
:10F1B80055E9000877E80008B10B0108F3E80008F2
:10F1C8009BE80008CB0A0108DD0A010823E80008CB
:10F1D800DD170108910D01088BE80008A3E8000875
:10F1E8000DEA0008F5130108E90A0108DD0F010816
:10F1F8000D1301086F13010849100108B51501081E
:10F20800B714010831170108B9100108A10D010848
:10F218003D160108B5160108DFE80008ABE800084C
:10F22800B3E80008BBE80008C3E8000825E80008C0
:10F2380099E9000829E80008ED0E0108690F01089E
:10F2480039E800083BE800083FE800084DE80008F6
:10F2580055E800089B0A01083511010861E8000813
:10F26800D90B0108CBE80008D3E8000893E80008A8
:10F27800AD0D0108AF0E010809E9000863E80008B0
:10F2880065E8000867E8000869E800086FE8000812
:10F2980000000000000000005BEB00088519010871
:10F2A80059EB000851EB0008271A010857EB000832
:10F2B80053EB00085FEB000899EB00089118010870
:10F2C800DD1901088718010861EB00087DEB0008CB
:10F2D800311901083319010831190108D119010838
:10F2E800000000000000000089EC00089DEC000808
:10F2F800D1040108E5040108A1040108A5040108D6
:10F30800CB0401081BEC00081FEC000823EC0008E4
:10F318002BEC000800000000000000005DEC000875
:10F3280071EC0008D1040108E5040108A1040108F2
:10F33800A5040108CB040108F9EB0008FDEB00085F
:10F3480003EC00080FEC00080000000000000000BB
:10F3580035EC000849EC0008D1040108E50401086F
:10F36800A1040108A5040108CB040108DDEB00088D
:10F37800E1EB0008E5EB0008EFEB000800000000F7
:10F3880000000000B1EC0008EDEC0008D1EB00082B
:10F39800000000000000000019F20008B9F200089F
:10F3A8009BEF000879F0000805F10008B1EF0008AC
:10F3B800D5F0000899EF000865F00008000000008B
:10F3C800000000000000000000000000D104010857
:10F3D800E5040108A1040108A5040108CB040108FB
:10F3E8000000000000000000000000000000000015
:10F3F8000000000000000000FD050108FF050108ED
:10F40800B3090108B9050108916F0108056F0108E2
:10F41800ED9B000801050108196F01085505010851
:10F42800536F0108336F0108DD9A0008E19A00085C
:10F43800E59A0008E99A0008ED9A0008EF9A000892
:10F44800F19A0008F39A0008F59A0008F96F010884
:10F45800F79A0008310A01081F0501080D0601087E
:10F468003B0501084F050108050501084306010889
:10F4780065070108E305010879060108C5050108C3
:10F488001018200000000008080808080000000004
:10F4980000000000511801085F1801083719010819
:10F4A80035190108191A01086F1901087B18010894
:10F4B8000000000000000000891A0108B91A0108BC
:10F4C8006D1A01089D9B0008AF1A01088F1A0108E0
:10F4D80079C40008F8FFFFFF000000008B1A01083C
:10F4E800C71A010895C400080000000000000000C9
:10F4F800011B0108031B010859BB0108E51A010893
:10F50800916F010859BC0108251B0108D99A000808
:10F51800196F0108079C0008536F0108336F010831
:10F52800DD9A0008E19A0008E59A0008E99A0008BF
:10F53800ED9A0008EF9A0008F19A0008F39A00087B
:10F54800F59A0008F96F0108F79A00080D9B000862
:10F55800D91A0108DF1A0108F11A010885210108E2
:10F56800000001010202030304040405050606075E
:10F578000708080909090A0A0B0B0C0C0D0D0E0ED9
:10F588000E0F0F1010111112121313141415151653
:10F5980016171717181819191A1A1B1B1C1C1D1DCA
:10F5A8001E1F1F2020212122222323242425262632
:10F5B80027272828292A2A2B2B2C2D0000003C023B
:10F5C8007804B306EE08280B610D990FD0110614C4
:10F5D8003A166C189D1ACB1CF71E212148236C255E
:10F5E8008E27AC29C72BDF2DF32F033210341836A2
:10F5F8001D381C3A183C0E3E0040ED41D443B74537
:10F6080094476B493D4B084DCE4E8E504752FA53A6
:10F61800A6554C57EB58825A135C9D5D1F5F9A6044
:10F628000E627A63DE643A668E67DA681E6A5A6B1F
:10F638008D6CB86DDA6EF46F04710D720C73027410
:10F64800EF74D375AE76807748780779BC79687A95
:10F658000B7BA37B337CB87C347DA67D0E7E6D7ED0
:10F66800C17E0C7F4C7F837FB07FD37FEC7FFB7F95
:10F678000080000000000000000000001D230108B9
:10F68800D1270108E1270108679B0008916F01084D
:10F69800056F010885290108D99A0008196F010822
:10F6A800079C0008536F0108336F0108DD9A0008B2
:10F6B800E19A0008279B0008479B0008ED9A00087C
:10F6C800EF9A0008F19A0008F39A0008F59A0008E2
:10F6D800F96F0108F79A00080D9B0008739B000852
:10F6E8001D9C0008799B0008F922010821230108C4
:10F6F80069230108D5230108F5220108919B000818
:10F70800A12401080000000000000000D52B01081A
:10F71800D72B0108952B0108792B0108916F010857
:10F72800056F0108E52B0108D99A0008196F01082F
:10F73800079C0008536F0108336F0108DD9A000821
:10F74800E19A0008E59A0008E99A0008ED9A00088D
:10F75800EF9A0008F19A0008F39A0008F59A000851
:10F76800F96F0108F79A00080D9B000800000000D7
:10F7780000000000C52C0108C72C0108D52C010881
:10F78800792B0108916F0108056F0108E52B010825
:10F79800D99A0008196F0108079C0008536F0108DF
:10F7A800336F0108DD9A0008E19A0008E59A00081D
:10F7B800E99A0008ED9A0008EF9A0008F19A000803
:10F7C800F39A0008F59A0008F96F0108F79A0008FB
:10F7D8000D9B00080000000000000000D32D010868
:10F7E800292E0108392E0108052E0108916F0108FC
:10F7F800056F0108192F0108D99A0008196F010827
:10F80800079C0008536F0108336F0108DD9A000850
:10F81800E19A0008E59A0008E99A0008ED9A0008BC
:10F82800EF9A0008F19A0008F39A0008F59A000880
:10F83800F96F0108F79A00080D9B0008D52D0108FB
:10F848000000000000000000352F0108372F0108D4
:10F85800000000000000000009580108795801085C
:10F8680091580108B1580108F95B010821580108AD
:10F87800C9580108CB580108CD8F0008395B010829
:10F88800CF8F0008E1570108D18F0008A958010857
:10F89800296401084D580108595D010825580108D7
:10F8A800815A0108000000000000000007720108EA
:10F8B8000D720108F9710108000000000000000045
:10F8C800097201081B720108FD710108000000009F
:10F8D800000000000B72010829720108017201087A
:10F8E80000000000000000000572010837720108DE
:10F8F800577701081D9B00081F9B0008219B0008E3
:10F908004572010835730108E5720108239B000858
:10F91800259B000800000000000000001D9401085D
:10F928002996010871AB01081940010839960108A8
:10F93800A1A40108E9950108E19A0108B993010811
:10F94800F998010859990108A1930108A59301089C
:10F95800A9930108AD3C0108C13C010855420108C2
:10F96800CD3C01081F940108733D010821AE010830
:10F97800000000000000000015BB01082DBB0108B5
:10F988004FBA01080000000000000000000000005D
:10F998000000000059BB0108E51A0108916F010831
:10F9A80059BC0108ED9B0008D99A0008196F010895
:10F9B800079C0008536F0108336F0108DD9A00089F
:10F9C800E19A0008E59A0008E99A0008ED9A00080B
:10F9D800EF9A0008F19A0008F39A0008F59A0008CF
:10F9E800F96F0108F79A00080D9B0008D91A010859
:10F9F800DF1A010841BB01080000000088550020FB
:10FA08000000000000000000000000008C3106909B
:10FA1800000000000000000000000000AC33069069
:10FA28002000210025002D002E002F00300031007D
:10FA38003200330034003500360037003800390012
:10FA4800410042004300440045004600470048008A
:10FA580049004A004B004C004D004E004F0050003A
:10FA680051005200530054005500560057005800EA
:10FA780059005A0061006200630064006500660076
:10FA88006700680069006A006B006C006D006E001A
:10FA98006F007000710072007300740075007600CA
:10FAA8007700780079007A00B0001122BC33069004
:10FAB800000000000000000000000000DC3E06908E
:10FAC8002000210025002D002E002F0030003100DD
:10FAD8003200330034003500360037003800390072
:10FAE80041004200430044004500460047004800EA
:10FAF80049004A004B004C004D004E004F0050009A
:10FB08005100520053005400550056005700580049
:10FB180059005A00610062006300640065006600D5
:10FB28006700680069006A006B006C006D006E0079
:10FB38006F00700071007200730074007500760029
:10FB48007700780079007A00B0001122283F0690EB
:10FB58000000000000000000000000009441069032
:10FB6800200021002500280029002D002E002F004C
:10FB780030003100320033003400350036003700E1
:10FB88003800390041004200430044004500460067
:10FB98004700480049004A004B004C004D004E0009
:10FBA8004F005000510052005300540055005600B9
:10FBB8005700580059005A00610062006300640051
:10FBC800650066006700680069006A006B006C00E9
:10FBD8006D006E006F007000710072007300740099
:10FBE800750076007700780079007A00B00011225D
:10FBF8006300000018000000610000001800000009
:10FC0800610000006B0000007B000000770000002E
:10FC18008E0000006A000000610000002D00000056
:10FC280052000000550000006100000018000000AC
:10FC3800610000001800000061000000870000005B
:10FC4800910000007F0000008300000061000000B8
:10FC58006100000061000000610000000000000079
:10FC6800470000004E00000039000000730000004B
:10FC7800470000008B000000440000006A000000FC
:10FC88006B0000003E000000190000006F0000003B
:10FC98006F0000006F0000006F0000006F000000A0
:10FCA8006F000000610000006100000061000000BA
:10FCB80061000000610000006100000052000000C7
:10FCC800540065006D0070006500720061007400EA
:10FCD80075007200650020004D006F006E0069001D
:10FCE80074006F00720020002800B0004300290053
:10FCF8000000430075007200720065006E00740019
:10FD080020004D006F006E00690074006F007200E3
:10FD180020002800410029000000570061007200FF
:10FD28006E0069006E0067002100200002002000BC
:10FD380000000200200002004300000054006F0091
:10FD4800740061006C0020000200410000004600C1
:10FD580041004E00200002002500000053004E0024
:10FD680053002000020057000000500065006100A9
:10FD78006B002000560061006C0075006500730080
:10FD88000000020000005300740061007400750058
:10FD980073000000300030003000300000003000F8
:10FDA8002E0030000000310030003000000031002B
:10FDB80035003000000049004E00200000004F00D0
:10FDC8005500540000005400530031000000540056
:10FDD80053003200000030004100000031003000C4
:10FDE800000049004E00000002000200020200006C
:10FDF80000000000020002000000000001010201F2
:10FE080001010002020102000201020002010201D6
:10FE180002010201020102000200020002000200C7
:10FE280002020202020002000201020202020100B2
:10FE380002000202020002000200020002000200A8
:10FE4800020002000200020002000200020001019A
:08FE58009807FE7F0100000085
:10FE60002D0100089DC1000829EE00083DF300089F
:08FE70006D540108656C0108E6
:04FE78000501000878
:10FE7C000005060708090A0E1E326400001BB700B5
:10FE8C00FFFF01000400000040E9010809024300E3
:10FE9C000201008032090400000102020100052465
:10FEAC0000100105240100010424020205240600AF
:10FEBC00010705820308001009040100020A000072
:10FECC000007050102400000070581024000000008
:10FEDC007BF6000819F6000835F500080000000054
:10FEEC0085F30008B9F400087DF400080000000058
:10FEFC0000000000000000002DF40008D5F30008FD
:10FF0C0025F40008C9F300080A06000200000040AE
:10FF1C000100000000C201000000080025F80008E4
:10FF2C001BF80008BDF8000879F800081FF8000855
:10FF3C001A03000000000000000000000000000098
:10FF4C000000000000000000000000000403090491
:10FF5C001201000202020040830440570002010219
:10FF6C0003010000210301082D030108A50301086A
:10FF7C00C10301085D030108DD030108F903010851
:10FF8C00E80300000000000003000000B453002050
:10FF9C002401002000000000B45300201C54002059
:10FFAC00845400200000000000000000000000004D
:10FFBC000000000000000000000000000000000035
:10FFCC000000000000000000000000000000000025
:10FFDC000000000000000000000000000000000015
:04FFEC00F5540020A8
:0400000508004701A7
:00000001FF
